0 verbose cli /Users/naitikdonda/.nvm/versions/node/v24.18.0/bin/node /Users/naitikdonda/.nvm/versions/node/v24.18.0/bin/npm
1 info using npm@11.16.0
2 info using node@v24.18.0
3 silly config load:file:/Users/naitikdonda/.nvm/versions/node/v24.18.0/lib/node_modules/npm/npmrc
4 silly config load:file:/Users/naitikdonda/Desktop/Devera/.npmrc
5 silly config load:file:/Users/naitikdonda/.npmrc
6 silly config load:file:/Users/naitikdonda/.nvm/versions/node/v24.18.0/etc/npmrc
7 verbose title npm install
8 verbose argv "install" "--cache" "/Users/naitikdonda/Desktop/Devera/.npm-cache"
9 verbose logfile logs-max:10 dir:/Users/naitikdonda/Desktop/Devera/.npm-cache/_logs/2026-08-11T06_24_58_049Z-
10 verbose logfile /Users/naitikdonda/Desktop/Devera/.npm-cache/_logs/2026-08-11T06_24_58_049Z-debug-0.log
11 silly logfile done cleaning log files
12 silly packumentCache heap:4496293888 maxSize:1124073472 maxEntrySize:562036736
13 silly idealTree buildDeps
14 silly fetch manifest framer-motion@^11.0.0
15 silly packumentCache full:https://registry.npmjs.org/framer-motion cache-miss
16 http fetch GET 200 https://registry.npmjs.org/npm 259ms
17 http fetch GET 200 https://registry.npmjs.org/framer-motion 358ms (cache miss)
18 silly packumentCache full:https://registry.npmjs.org/framer-motion set size:undefined disposed:false
19 silly fetch manifest @emotion/is-prop-valid@*
20 silly packumentCache full:https://registry.npmjs.org/@emotion%2fis-prop-valid cache-miss
21 http fetch GET 200 https://registry.npmjs.org/@emotion%2fis-prop-valid 57ms (cache miss)
22 silly packumentCache full:https://registry.npmjs.org/@emotion%2fis-prop-valid set size:undefined disposed:false
23 silly fetch manifest react@18.3.1
24 silly packumentCache full:https://registry.npmjs.org/react cache-miss
25 http fetch GET 200 https://registry.npmjs.org/react 493ms (cache miss)
26 silly packumentCache full:https://registry.npmjs.org/react set size:undefined disposed:false
27 silly fetch manifest react-dom@18.3.1
28 silly packumentCache full:https://registry.npmjs.org/react-dom cache-miss
29 http fetch GET 200 https://registry.npmjs.org/react-dom 336ms (cache miss)
30 silly packumentCache full:https://registry.npmjs.org/react-dom set size:undefined disposed:false
31 silly fetch manifest next@14.2.5
32 silly packumentCache full:https://registry.npmjs.org/next cache-miss
33 http fetch GET 200 https://registry.npmjs.org/next 786ms (cache miss)
34 silly packumentCache full:https://registry.npmjs.org/next set size:undefined disposed:false
35 silly fetch manifest @opentelemetry/api@^1.1.0
36 silly packumentCache full:https://registry.npmjs.org/@opentelemetry%2fapi cache-miss
37 http fetch GET 200 https://registry.npmjs.org/@opentelemetry%2fapi 288ms (cache miss)
38 silly packumentCache full:https://registry.npmjs.org/@opentelemetry%2fapi set size:undefined disposed:false
39 silly fetch manifest @playwright/test@^1.41.2
40 silly packumentCache full:https://registry.npmjs.org/@playwright%2ftest cache-miss
41 http fetch GET 200 https://registry.npmjs.org/@playwright%2ftest 519ms (cache miss)
42 silly packumentCache full:https://registry.npmjs.org/@playwright%2ftest set size:undefined disposed:false
43 silly fetch manifest sass@^1.3.0
44 silly packumentCache full:https://registry.npmjs.org/sass cache-miss
45 http fetch GET 200 https://registry.npmjs.org/sass 109ms (cache miss)
46 silly packumentCache full:https://registry.npmjs.org/sass set size:undefined disposed:false
47 silly fetch manifest autoprefixer@^10.4.20
48 silly packumentCache full:https://registry.npmjs.org/autoprefixer cache-miss
49 http fetch GET 200 https://registry.npmjs.org/autoprefixer 67ms (cache miss)
50 silly packumentCache full:https://registry.npmjs.org/autoprefixer set size:undefined disposed:false
51 silly fetch manifest postcss@^8.4.39
52 silly packumentCache full:https://registry.npmjs.org/postcss cache-miss
53 http fetch GET 200 https://registry.npmjs.org/postcss 62ms (cache miss)
54 silly packumentCache full:https://registry.npmjs.org/postcss set size:undefined disposed:false
55 silly fetch manifest eslint@^8.57.0
56 silly packumentCache full:https://registry.npmjs.org/eslint cache-miss
57 http fetch GET 200 https://registry.npmjs.org/eslint 533ms (cache miss)
58 silly packumentCache full:https://registry.npmjs.org/eslint set size:undefined disposed:false
59 silly fetch manifest eslint-config-next@14.2.5
60 silly packumentCache full:https://registry.npmjs.org/eslint-config-next cache-miss
61 http fetch GET 200 https://registry.npmjs.org/eslint-config-next 376ms (cache miss)
62 silly packumentCache full:https://registry.npmjs.org/eslint-config-next set size:undefined disposed:false
63 silly fetch manifest typescript@^5.5.4
64 silly packumentCache full:https://registry.npmjs.org/typescript cache-miss
65 http fetch GET 200 https://registry.npmjs.org/typescript 755ms (cache miss)
66 silly packumentCache full:https://registry.npmjs.org/typescript set size:undefined disposed:false
67 silly fetch manifest tailwindcss@^3.4.4
68 silly packumentCache full:https://registry.npmjs.org/tailwindcss cache-miss
69 http fetch GET 200 https://registry.npmjs.org/tailwindcss 476ms (cache miss)
70 silly packumentCache full:https://registry.npmjs.org/tailwindcss set size:undefined disposed:false
71 silly placeDep ROOT autoprefixer@10.5.4 OK for: devera-portfolio@0.1.0 want: ^10.4.20
72 silly placeDep ROOT postcss@8.5.26 OK for: autoprefixer@10.5.4 want: ^8.1.0
73 silly placeDep ROOT eslint@8.57.1 OK for: devera-portfolio@0.1.0 want: ^8.57.0
74 silly placeDep ROOT eslint-config-next@14.2.5 OK for: devera-portfolio@0.1.0 want: 14.2.5
75 silly placeDep ROOT framer-motion@11.18.2 OK for: devera-portfolio@0.1.0 want: ^11.0.0
76 silly placeDep ROOT next@14.2.5 OK for: devera-portfolio@0.1.0 want: 14.2.5
77 silly placeDep ROOT react@18.3.1 OK for: next@14.2.5 want: ^18.2.0
78 silly placeDep ROOT react-dom@18.3.1 OK for: next@14.2.5 want: ^18.2.0
79 silly placeDep ROOT tailwindcss@3.4.19 OK for: devera-portfolio@0.1.0 want: ^3.4.4
80 silly placeDep ROOT typescript@5.9.3 OK for: devera-portfolio@0.1.0 want: ^5.5.4
81 silly fetch manifest picocolors@^1.1.1
82 silly packumentCache full:https://registry.npmjs.org/picocolors cache-miss
83 silly fetch manifest fraction.js@^5.3.4
84 silly packumentCache full:https://registry.npmjs.org/fraction.js cache-miss
85 silly fetch manifest browserslist@^4.28.6
86 silly packumentCache full:https://registry.npmjs.org/browserslist cache-miss
87 silly fetch manifest caniuse-lite@^1.0.30001806
88 silly packumentCache full:https://registry.npmjs.org/caniuse-lite cache-miss
89 silly fetch manifest postcss-value-parser@^4.2.0
90 silly packumentCache full:https://registry.npmjs.org/postcss-value-parser cache-miss
91 silly fetch manifest nanoid@^3.3.17
92 silly packumentCache full:https://registry.npmjs.org/nanoid cache-miss
93 silly fetch manifest picocolors@^1.1.1
94 silly packumentCache full:https://registry.npmjs.org/picocolors cache-miss
95 silly fetch manifest source-map-js@^1.2.1
96 silly packumentCache full:https://registry.npmjs.org/source-map-js cache-miss
97 silly fetch manifest ajv@^6.12.4
98 silly packumentCache full:https://registry.npmjs.org/ajv cache-miss
99 silly fetch manifest levn@^0.4.1
100 silly packumentCache full:https://registry.npmjs.org/levn cache-miss
101 silly fetch manifest chalk@^4.0.0
102 silly packumentCache full:https://registry.npmjs.org/chalk cache-miss
103 http fetch GET 200 https://registry.npmjs.org/picocolors 23ms (cache miss)
104 silly packumentCache full:https://registry.npmjs.org/picocolors set size:undefined disposed:false
105 silly fetch manifest debug@^4.3.2
106 silly packumentCache full:https://registry.npmjs.org/debug cache-miss
107 http fetch GET 200 https://registry.npmjs.org/fraction.js 42ms (cache miss)
108 silly packumentCache full:https://registry.npmjs.org/fraction.js set size:undefined disposed:false
109 silly fetch manifest espree@^9.6.1
110 silly packumentCache full:https://registry.npmjs.org/espree cache-miss
111 http fetch GET 200 https://registry.npmjs.org/debug 141ms (cache miss)
112 silly packumentCache full:https://registry.npmjs.org/debug set size:undefined disposed:false
113 silly fetch manifest ignore@^5.2.0
114 silly packumentCache full:https://registry.npmjs.org/ignore cache-miss
115 http fetch GET 200 https://registry.npmjs.org/espree 139ms (cache miss)
116 silly packumentCache full:https://registry.npmjs.org/espree set size:undefined disposed:false
117 silly fetch manifest esquery@^1.4.2
118 silly packumentCache full:https://registry.npmjs.org/esquery cache-miss
119 http fetch GET 200 https://registry.npmjs.org/ignore 63ms (cache miss)
120 silly packumentCache full:https://registry.npmjs.org/ignore set size:undefined disposed:false
121 silly fetch manifest esutils@^2.0.2
122 silly packumentCache full:https://registry.npmjs.org/esutils cache-miss
123 http fetch GET 200 https://registry.npmjs.org/esutils 94ms (cache miss)
124 silly packumentCache full:https://registry.npmjs.org/esutils set size:undefined disposed:false
125 silly fetch manifest find-up@^5.0.0
126 silly packumentCache full:https://registry.npmjs.org/find-up cache-miss
127 http fetch GET 200 https://registry.npmjs.org/esquery 143ms (cache miss)
128 silly packumentCache full:https://registry.npmjs.org/esquery set size:undefined disposed:false
129 silly fetch manifest globals@^13.19.0
130 silly packumentCache full:https://registry.npmjs.org/globals cache-miss
131 http fetch GET 200 https://registry.npmjs.org/picocolors 331ms (cache miss)
132 silly packumentCache full:https://registry.npmjs.org/picocolors set size:undefined disposed:false
133 silly fetch manifest is-glob@^4.0.0
134 silly packumentCache full:https://registry.npmjs.org/is-glob cache-miss
135 http fetch GET 200 https://registry.npmjs.org/postcss-value-parser 339ms (cache miss)
136 silly packumentCache full:https://registry.npmjs.org/postcss-value-parser set size:undefined disposed:false
137 silly fetch manifest js-yaml@^4.1.0
138 silly packumentCache full:https://registry.npmjs.org/js-yaml cache-miss
139 http fetch GET 200 https://registry.npmjs.org/levn 341ms (cache miss)
140 silly packumentCache full:https://registry.npmjs.org/levn set size:undefined disposed:false
141 silly fetch manifest doctrine@^3.0.0
142 silly packumentCache full:https://registry.npmjs.org/doctrine cache-miss
143 http fetch GET 200 https://registry.npmjs.org/source-map-js 344ms (cache miss)
144 silly packumentCache full:https://registry.npmjs.org/source-map-js set size:undefined disposed:false
145 silly fetch manifest graphemer@^1.4.0
146 silly packumentCache full:https://registry.npmjs.org/graphemer cache-miss
147 http fetch GET 200 https://registry.npmjs.org/chalk 346ms (cache miss)
148 silly packumentCache full:https://registry.npmjs.org/chalk set size:undefined disposed:false
149 silly fetch manifest minimatch@^3.1.2
150 silly packumentCache full:https://registry.npmjs.org/minimatch cache-miss
151 http fetch GET 200 https://registry.npmjs.org/find-up 85ms (cache miss)
152 silly packumentCache full:https://registry.npmjs.org/find-up set size:undefined disposed:false
153 silly fetch manifest @eslint/js@8.57.1
154 silly packumentCache full:https://registry.npmjs.org/@eslint%2fjs cache-miss
155 http fetch GET 200 https://registry.npmjs.org/browserslist 412ms (cache miss)
156 silly packumentCache full:https://registry.npmjs.org/browserslist set size:undefined disposed:false
157 silly fetch manifest optionator@^0.9.3
158 silly packumentCache full:https://registry.npmjs.org/optionator cache-miss
159 http fetch GET 200 https://registry.npmjs.org/is-glob 84ms (cache miss)
160 silly packumentCache full:https://registry.npmjs.org/is-glob set size:undefined disposed:false
161 silly fetch manifest strip-ansi@^6.0.1
162 silly packumentCache full:https://registry.npmjs.org/strip-ansi cache-miss
163 http fetch GET 200 https://registry.npmjs.org/graphemer 82ms (cache miss)
164 silly packumentCache full:https://registry.npmjs.org/graphemer set size:undefined disposed:false
165 silly fetch manifest text-table@^0.2.0
166 silly packumentCache full:https://registry.npmjs.org/text-table cache-miss
167 http fetch GET 200 https://registry.npmjs.org/globals 101ms (cache miss)
168 silly packumentCache full:https://registry.npmjs.org/globals set size:undefined disposed:false
169 silly fetch manifest cross-spawn@^7.0.2
170 silly packumentCache full:https://registry.npmjs.org/cross-spawn cache-miss
171 http fetch GET 200 https://registry.npmjs.org/js-yaml 102ms (cache miss)
172 silly packumentCache full:https://registry.npmjs.org/js-yaml set size:undefined disposed:false
173 silly fetch manifest glob-parent@^6.0.2
174 silly packumentCache full:https://registry.npmjs.org/glob-parent cache-miss
175 http fetch GET 200 https://registry.npmjs.org/doctrine 103ms (cache miss)
176 silly packumentCache full:https://registry.npmjs.org/doctrine set size:undefined disposed:false
177 silly fetch manifest imurmurhash@^0.1.4
178 silly packumentCache full:https://registry.npmjs.org/imurmurhash cache-miss
179 http fetch GET 200 https://registry.npmjs.org/nanoid 456ms (cache miss)
180 silly packumentCache full:https://registry.npmjs.org/nanoid set size:undefined disposed:false
181 silly fetch manifest eslint-scope@^7.2.2
182 silly packumentCache full:https://registry.npmjs.org/eslint-scope cache-miss
183 http fetch GET 200 https://registry.npmjs.org/ajv 510ms (cache miss)
184 silly packumentCache full:https://registry.npmjs.org/ajv set size:undefined disposed:false
185 silly fetch manifest lodash.merge@^4.6.2
186 silly packumentCache full:https://registry.npmjs.org/lodash.merge cache-miss
187 http fetch GET 200 https://registry.npmjs.org/strip-ansi 105ms (cache miss)
188 silly packumentCache full:https://registry.npmjs.org/strip-ansi set size:undefined disposed:false
189 silly fetch manifest is-path-inside@^3.0.3
190 silly packumentCache full:https://registry.npmjs.org/is-path-inside cache-miss
191 http fetch GET 200 https://registry.npmjs.org/text-table 146ms (cache miss)
192 silly packumentCache full:https://registry.npmjs.org/text-table set size:undefined disposed:false
193 silly fetch manifest fast-deep-equal@^3.1.3
194 silly packumentCache full:https://registry.npmjs.org/fast-deep-equal cache-miss
195 http fetch GET 200 https://registry.npmjs.org/cross-spawn 148ms (cache miss)
196 silly packumentCache full:https://registry.npmjs.org/cross-spawn set size:undefined disposed:false
197 silly fetch manifest natural-compare@^1.4.0
198 silly packumentCache full:https://registry.npmjs.org/natural-compare cache-miss
199 http fetch GET 200 https://registry.npmjs.org/optionator 168ms (cache miss)
200 silly packumentCache full:https://registry.npmjs.org/optionator set size:undefined disposed:false
201 silly fetch manifest @eslint/eslintrc@^2.1.4
202 silly packumentCache full:https://registry.npmjs.org/@eslint%2feslintrc cache-miss
203 http fetch GET 200 https://registry.npmjs.org/minimatch 236ms (cache miss)
204 silly packumentCache full:https://registry.npmjs.org/minimatch set size:undefined disposed:false
205 silly fetch manifest @nodelib/fs.walk@^1.2.8
206 silly packumentCache full:https://registry.npmjs.org/@nodelib%2ffs.walk cache-miss
207 http fetch GET 200 https://registry.npmjs.org/glob-parent 146ms (cache miss)
208 silly packumentCache full:https://registry.npmjs.org/glob-parent set size:undefined disposed:false
209 silly fetch manifest file-entry-cache@^6.0.1
210 silly packumentCache full:https://registry.npmjs.org/file-entry-cache cache-miss
211 http fetch GET 200 https://registry.npmjs.org/@eslint%2fjs 181ms (cache miss)
212 silly packumentCache full:https://registry.npmjs.org/@eslint%2fjs set size:undefined disposed:false
213 silly fetch manifest eslint-visitor-keys@^3.4.3
214 silly packumentCache full:https://registry.npmjs.org/eslint-visitor-keys cache-miss
215 http fetch GET 200 https://registry.npmjs.org/imurmurhash 148ms (cache miss)
216 silly packumentCache full:https://registry.npmjs.org/imurmurhash set size:undefined disposed:false
217 silly fetch manifest escape-string-regexp@^4.0.0
218 silly packumentCache full:https://registry.npmjs.org/escape-string-regexp cache-miss
219 http fetch GET 200 https://registry.npmjs.org/is-path-inside 88ms (cache miss)
220 silly packumentCache full:https://registry.npmjs.org/is-path-inside set size:undefined disposed:false
221 silly fetch manifest @ungap/structured-clone@^1.2.0
222 silly packumentCache full:https://registry.npmjs.org/@ungap%2fstructured-clone cache-miss
223 http fetch GET 200 https://registry.npmjs.org/lodash.merge 96ms (cache miss)
224 silly packumentCache full:https://registry.npmjs.org/lodash.merge set size:undefined disposed:false
225 silly fetch manifest @eslint-community/regexpp@^4.6.1
226 silly packumentCache full:https://registry.npmjs.org/@eslint-community%2fregexpp cache-miss
227 http fetch GET 200 https://registry.npmjs.org/eslint-scope 157ms (cache miss)
228 silly packumentCache full:https://registry.npmjs.org/eslint-scope set size:undefined disposed:false
229 silly fetch manifest @humanwhocodes/config-array@^0.13.0
230 silly packumentCache full:https://registry.npmjs.org/@humanwhocodes%2fconfig-array cache-miss
231 http fetch GET 200 https://registry.npmjs.org/natural-compare 38ms (cache miss)
232 silly packumentCache full:https://registry.npmjs.org/natural-compare set size:undefined disposed:false
233 silly fetch manifest @eslint-community/eslint-utils@^4.2.0
234 silly packumentCache full:https://registry.npmjs.org/@eslint-community%2feslint-utils cache-miss
235 http fetch GET 200 https://registry.npmjs.org/fast-deep-equal 43ms (cache miss)
236 silly packumentCache full:https://registry.npmjs.org/fast-deep-equal set size:undefined disposed:false
237 silly fetch manifest @humanwhocodes/module-importer@^1.0.1
238 silly packumentCache full:https://registry.npmjs.org/@humanwhocodes%2fmodule-importer cache-miss
239 http fetch GET 200 https://registry.npmjs.org/file-entry-cache 35ms (cache miss)
240 silly packumentCache full:https://registry.npmjs.org/file-entry-cache set size:undefined disposed:false
241 silly fetch manifest json-stable-stringify-without-jsonify@^1.0.1
242 silly packumentCache full:https://registry.npmjs.org/json-stable-stringify-without-jsonify cache-miss
243 http fetch GET 200 https://registry.npmjs.org/@nodelib%2ffs.walk 43ms (cache miss)
244 silly packumentCache full:https://registry.npmjs.org/@nodelib%2ffs.walk set size:undefined disposed:false
245 silly fetch manifest eslint-plugin-react@^7.33.2
246 silly packumentCache full:https://registry.npmjs.org/eslint-plugin-react cache-miss
247 http fetch GET 200 https://registry.npmjs.org/eslint-visitor-keys 44ms (cache miss)
248 silly packumentCache full:https://registry.npmjs.org/eslint-visitor-keys set size:undefined disposed:false
249 silly fetch manifest eslint-plugin-import@^2.28.1
250 silly packumentCache full:https://registry.npmjs.org/eslint-plugin-import cache-miss
251 http fetch GET 200 https://registry.npmjs.org/escape-string-regexp 57ms (cache miss)
252 silly packumentCache full:https://registry.npmjs.org/escape-string-regexp set size:undefined disposed:false
253 silly fetch manifest eslint-plugin-jsx-a11y@^6.7.1
254 silly packumentCache full:https://registry.npmjs.org/eslint-plugin-jsx-a11y cache-miss
255 http fetch GET 200 https://registry.npmjs.org/@eslint%2feslintrc 69ms (cache miss)
256 silly packumentCache full:https://registry.npmjs.org/@eslint%2feslintrc set size:undefined disposed:false
257 silly fetch manifest @rushstack/eslint-patch@^1.3.3
258 silly packumentCache full:https://registry.npmjs.org/@rushstack%2feslint-patch cache-miss
259 http fetch GET 200 https://registry.npmjs.org/@eslint-community%2fregexpp 51ms (cache miss)
260 silly packumentCache full:https://registry.npmjs.org/@eslint-community%2fregexpp set size:undefined disposed:false
261 silly fetch manifest @next/eslint-plugin-next@14.2.5
262 silly packumentCache full:https://registry.npmjs.org/@next%2feslint-plugin-next cache-miss
263 http fetch GET 200 https://registry.npmjs.org/@ungap%2fstructured-clone 56ms (cache miss)
264 silly packumentCache full:https://registry.npmjs.org/@ungap%2fstructured-clone set size:undefined disposed:false
265 silly fetch manifest @typescript-eslint/parser@^5.4.2 || ^6.0.0 || 7.0.0 - 7.2.0
266 silly packumentCache full:https://registry.npmjs.org/@typescript-eslint%2fparser cache-miss
267 http fetch GET 200 https://registry.npmjs.org/@eslint-community%2feslint-utils 77ms (cache miss)
268 silly packumentCache full:https://registry.npmjs.org/@eslint-community%2feslint-utils set size:undefined disposed:false
269 silly fetch manifest eslint-plugin-react-hooks@^4.5.0 || 5.0.0-canary-7118f5dd7-20230705
270 silly packumentCache full:https://registry.npmjs.org/eslint-plugin-react-hooks cache-miss
271 http fetch GET 200 https://registry.npmjs.org/@humanwhocodes%2fconfig-array 166ms (cache miss)
272 silly packumentCache full:https://registry.npmjs.org/@humanwhocodes%2fconfig-array set size:undefined disposed:false
273 silly fetch manifest eslint-import-resolver-node@^0.3.6
274 silly packumentCache full:https://registry.npmjs.org/eslint-import-resolver-node cache-miss
275 http fetch GET 200 https://registry.npmjs.org/json-stable-stringify-without-jsonify 168ms (cache miss)
276 silly packumentCache full:https://registry.npmjs.org/json-stable-stringify-without-jsonify set size:undefined disposed:false
277 silly fetch manifest eslint-import-resolver-typescript@^3.5.2
278 silly packumentCache full:https://registry.npmjs.org/eslint-import-resolver-typescript cache-miss
279 http fetch GET 200 https://registry.npmjs.org/caniuse-lite 811ms (cache miss)
280 silly packumentCache full:https://registry.npmjs.org/caniuse-lite set size:undefined disposed:false
281 silly fetch manifest tslib@^2.4.0
282 silly packumentCache full:https://registry.npmjs.org/tslib cache-miss
283 http fetch GET 200 https://registry.npmjs.org/@rushstack%2feslint-patch 169ms (cache miss)
284 silly packumentCache full:https://registry.npmjs.org/@rushstack%2feslint-patch set size:undefined disposed:false
285 silly fetch manifest motion-dom@^11.18.1
286 silly packumentCache full:https://registry.npmjs.org/motion-dom cache-miss
287 http fetch GET 200 https://registry.npmjs.org/eslint-plugin-import 195ms (cache miss)
288 silly packumentCache full:https://registry.npmjs.org/eslint-plugin-import set size:undefined disposed:false
289 silly fetch manifest motion-utils@^11.18.1
290 silly packumentCache full:https://registry.npmjs.org/motion-utils cache-miss
291 http fetch GET 200 https://registry.npmjs.org/eslint-plugin-jsx-a11y 281ms (cache miss)
292 silly packumentCache full:https://registry.npmjs.org/eslint-plugin-jsx-a11y set size:undefined disposed:false
293 silly fetch manifest busboy@1.6.0
294 silly packumentCache full:https://registry.npmjs.org/busboy cache-miss
295 http fetch GET 200 https://registry.npmjs.org/eslint-import-resolver-node 151ms (cache miss)
296 silly packumentCache full:https://registry.npmjs.org/eslint-import-resolver-node set size:undefined disposed:false
297 silly fetch manifest postcss@8.4.31
298 silly packumentCache full:https://registry.npmjs.org/postcss cache-miss
299 http cache https://registry.npmjs.org/postcss 5ms (cache hit)
300 silly packumentCache full:https://registry.npmjs.org/postcss set size:760024 disposed:false
301 silly fetch manifest @next/env@14.2.5
302 silly packumentCache full:https://registry.npmjs.org/@next%2fenv cache-miss
303 http fetch GET 200 https://registry.npmjs.org/eslint-import-resolver-typescript 194ms (cache miss)
304 silly packumentCache full:https://registry.npmjs.org/eslint-import-resolver-typescript set size:undefined disposed:false
305 silly fetch manifest styled-jsx@5.1.1
306 silly packumentCache full:https://registry.npmjs.org/styled-jsx cache-miss
307 http fetch GET 200 https://registry.npmjs.org/tslib 174ms (cache miss)
308 silly packumentCache full:https://registry.npmjs.org/tslib set size:undefined disposed:false
309 silly fetch manifest graceful-fs@^4.2.11
310 silly packumentCache full:https://registry.npmjs.org/graceful-fs cache-miss
311 http fetch GET 200 https://registry.npmjs.org/motion-dom 195ms (cache miss)
312 silly packumentCache full:https://registry.npmjs.org/motion-dom set size:undefined disposed:false
313 silly fetch manifest @swc/helpers@0.5.5
314 silly packumentCache full:https://registry.npmjs.org/@swc%2fhelpers cache-miss
315 http fetch GET 200 https://registry.npmjs.org/eslint-plugin-react 425ms (cache miss)
316 silly packumentCache full:https://registry.npmjs.org/eslint-plugin-react set size:undefined disposed:false
317 silly fetch manifest caniuse-lite@^1.0.30001579
318 silly packumentCache full:https://registry.npmjs.org/caniuse-lite cache-miss
319 http fetch GET 200 https://registry.npmjs.org/busboy 124ms (cache miss)
320 silly packumentCache full:https://registry.npmjs.org/busboy set size:undefined disposed:false
321 silly fetch manifest @next/swc-darwin-x64@14.2.5
322 silly packumentCache full:https://registry.npmjs.org/@next%2fswc-darwin-x64 cache-miss
323 http cache https://registry.npmjs.org/caniuse-lite 4ms (cache hit)
324 silly packumentCache full:https://registry.npmjs.org/caniuse-lite set size:2311190 disposed:false
325 silly fetch manifest @next/swc-darwin-arm64@14.2.5
326 silly packumentCache full:https://registry.npmjs.org/@next%2fswc-darwin-arm64 cache-miss
327 http fetch GET 200 https://registry.npmjs.org/graceful-fs 110ms (cache miss)
328 silly packumentCache full:https://registry.npmjs.org/graceful-fs set size:undefined disposed:false
329 silly fetch manifest @next/swc-linux-x64-gnu@14.2.5
330 silly packumentCache full:https://registry.npmjs.org/@next%2fswc-linux-x64-gnu cache-miss
331 http fetch GET 200 https://registry.npmjs.org/styled-jsx 178ms (cache miss)
332 silly packumentCache full:https://registry.npmjs.org/styled-jsx set size:undefined disposed:false
333 silly fetch manifest @next/swc-linux-x64-musl@14.2.5
334 silly packumentCache full:https://registry.npmjs.org/@next%2fswc-linux-x64-musl cache-miss
335 http fetch GET 200 https://registry.npmjs.org/@humanwhocodes%2fmodule-importer 817ms (cache miss)
336 silly packumentCache full:https://registry.npmjs.org/@humanwhocodes%2fmodule-importer set size:undefined disposed:false
337 silly fetch manifest @next/swc-win32-x64-msvc@14.2.5
338 silly packumentCache full:https://registry.npmjs.org/@next%2fswc-win32-x64-msvc cache-miss
339 http fetch GET 200 https://registry.npmjs.org/motion-utils 653ms (cache miss)
340 silly packumentCache full:https://registry.npmjs.org/motion-utils set size:undefined disposed:false
341 silly fetch manifest @next/swc-linux-arm64-gnu@14.2.5
342 silly packumentCache full:https://registry.npmjs.org/@next%2fswc-linux-arm64-gnu cache-miss
343 http fetch GET 200 https://registry.npmjs.org/@swc%2fhelpers 1486ms (cache miss)
344 silly packumentCache full:https://registry.npmjs.org/@swc%2fhelpers set size:undefined disposed:false
345 silly fetch manifest @next/swc-win32-ia32-msvc@14.2.5
346 silly packumentCache full:https://registry.npmjs.org/@next%2fswc-win32-ia32-msvc cache-miss
347 http fetch GET 200 https://registry.npmjs.org/@next%2fswc-win32-ia32-msvc 971ms (cache miss)
348 silly packumentCache full:https://registry.npmjs.org/@next%2fswc-win32-ia32-msvc set size:undefined disposed:false
349 silly fetch manifest @next/swc-linux-arm64-musl@14.2.5
350 silly packumentCache full:https://registry.npmjs.org/@next%2fswc-linux-arm64-musl cache-miss
351 http fetch GET 200 https://registry.npmjs.org/@next%2fswc-darwin-x64 2650ms (cache miss)
352 silly packumentCache full:https://registry.npmjs.org/@next%2fswc-darwin-x64 set size:undefined disposed:false
353 silly fetch manifest @next/swc-win32-arm64-msvc@14.2.5
354 silly packumentCache full:https://registry.npmjs.org/@next%2fswc-win32-arm64-msvc cache-miss
355 http fetch GET 200 https://registry.npmjs.org/@next%2fswc-darwin-arm64 2661ms (cache miss)
356 silly packumentCache full:https://registry.npmjs.org/@next%2fswc-darwin-arm64 set size:undefined disposed:false
357 silly fetch manifest scheduler@^0.23.2
358 silly packumentCache full:https://registry.npmjs.org/scheduler cache-miss
359 http fetch GET 200 https://registry.npmjs.org/eslint-plugin-react-hooks 3100ms (cache miss)
360 silly packumentCache full:https://registry.npmjs.org/eslint-plugin-react-hooks set size:undefined disposed:false
361 silly fetch manifest loose-envify@^1.1.0
362 silly packumentCache full:https://registry.npmjs.org/loose-envify cache-miss
363 http fetch GET 200 https://registry.npmjs.org/loose-envify 126ms (cache miss)
364 silly packumentCache full:https://registry.npmjs.org/loose-envify set size:undefined disposed:false
365 silly fetch manifest arg@^5.0.2
366 silly packumentCache full:https://registry.npmjs.org/arg cache-miss
367 http fetch GET 200 https://registry.npmjs.org/@next%2feslint-plugin-next 3297ms (cache miss)
368 silly packumentCache full:https://registry.npmjs.org/@next%2feslint-plugin-next set size:undefined disposed:false
369 silly fetch manifest dlv@^1.1.3
370 silly packumentCache full:https://registry.npmjs.org/dlv cache-miss
371 http fetch GET 200 https://registry.npmjs.org/arg 291ms (cache miss)
372 silly packumentCache full:https://registry.npmjs.org/arg set size:undefined disposed:false
373 silly fetch manifest jiti@^1.21.7
374 silly packumentCache full:https://registry.npmjs.org/jiti cache-miss
375 http fetch GET 200 https://registry.npmjs.org/@next%2fswc-linux-arm64-musl 750ms (cache miss)
376 silly packumentCache full:https://registry.npmjs.org/@next%2fswc-linux-arm64-musl set size:undefined disposed:false
377 silly fetch manifest is-glob@^4.0.3
378 silly packumentCache full:https://registry.npmjs.org/is-glob cache-miss
379 http cache https://registry.npmjs.org/is-glob 8ms (cache hit)
380 silly packumentCache full:https://registry.npmjs.org/is-glob set size:40530 disposed:false
381 silly fetch manifest resolve@^1.22.8
382 silly packumentCache full:https://registry.npmjs.org/resolve cache-miss
383 http fetch GET 200 https://registry.npmjs.org/dlv 287ms (cache miss)
384 silly packumentCache full:https://registry.npmjs.org/dlv set size:undefined disposed:false
385 silly fetch manifest sucrase@^3.35.0
386 silly packumentCache full:https://registry.npmjs.org/sucrase cache-miss
387 http fetch GET 200 https://registry.npmjs.org/@next%2fenv 3371ms (cache miss)
388 silly packumentCache full:https://registry.npmjs.org/@next%2fenv set size:undefined disposed:false
389 silly fetch manifest chokidar@^3.6.0
390 silly packumentCache full:https://registry.npmjs.org/chokidar cache-miss
391 http fetch GET 200 https://registry.npmjs.org/jiti 154ms (cache miss)
392 silly packumentCache full:https://registry.npmjs.org/jiti set size:undefined disposed:false
393 silly fetch manifest fast-glob@^3.3.2
394 silly packumentCache full:https://registry.npmjs.org/fast-glob cache-miss
395 http fetch GET 200 https://registry.npmjs.org/resolve 310ms (cache miss)
396 silly packumentCache full:https://registry.npmjs.org/resolve set size:undefined disposed:false
397 silly fetch manifest lilconfig@^3.1.3
398 silly packumentCache full:https://registry.npmjs.org/lilconfig cache-miss
399 http fetch GET 200 https://registry.npmjs.org/fast-glob 217ms (cache miss)
400 silly packumentCache full:https://registry.npmjs.org/fast-glob set size:undefined disposed:false
401 silly fetch manifest didyoumean@^1.2.2
402 silly packumentCache full:https://registry.npmjs.org/didyoumean cache-miss
403 http fetch GET 200 https://registry.npmjs.org/lilconfig 61ms (cache miss)
404 silly packumentCache full:https://registry.npmjs.org/lilconfig set size:undefined disposed:false
405 silly fetch manifest micromatch@^4.0.8
406 silly packumentCache full:https://registry.npmjs.org/micromatch cache-miss
407 http fetch GET 200 https://registry.npmjs.org/didyoumean 30ms (cache miss)
408 silly packumentCache full:https://registry.npmjs.org/didyoumean set size:undefined disposed:false
409 silly fetch manifest postcss-js@^4.0.1
410 silly packumentCache full:https://registry.npmjs.org/postcss-js cache-miss
411 http fetch GET 200 https://registry.npmjs.org/postcss-js 40ms (cache miss)
412 silly packumentCache full:https://registry.npmjs.org/postcss-js set size:undefined disposed:false
413 silly fetch manifest object-hash@^3.0.0
414 silly packumentCache full:https://registry.npmjs.org/object-hash cache-miss
415 http fetch GET 200 https://registry.npmjs.org/chokidar 366ms (cache miss)
416 silly packumentCache full:https://registry.npmjs.org/chokidar set size:undefined disposed:false
417 silly fetch manifest normalize-path@^3.0.0
418 silly packumentCache full:https://registry.npmjs.org/normalize-path cache-miss
419 http fetch GET 200 https://registry.npmjs.org/micromatch 84ms (cache miss)
420 silly packumentCache full:https://registry.npmjs.org/micromatch set size:undefined disposed:false
421 silly fetch manifest postcss-import@^15.1.0
422 silly packumentCache full:https://registry.npmjs.org/postcss-import cache-miss
423 http fetch GET 200 https://registry.npmjs.org/normalize-path 150ms (cache miss)
424 silly packumentCache full:https://registry.npmjs.org/normalize-path set size:undefined disposed:false
425 silly fetch manifest postcss-nested@^6.2.0
426 silly packumentCache full:https://registry.npmjs.org/postcss-nested cache-miss
427 http fetch GET 200 https://registry.npmjs.org/postcss-import 142ms (cache miss)
428 silly packumentCache full:https://registry.npmjs.org/postcss-import set size:undefined disposed:false
429 silly fetch manifest @alloc/quick-lru@^5.2.0
430 silly packumentCache full:https://registry.npmjs.org/@alloc%2fquick-lru cache-miss
431 http fetch GET 200 https://registry.npmjs.org/object-hash 372ms (cache miss)
432 silly packumentCache full:https://registry.npmjs.org/object-hash set size:undefined disposed:false
433 silly fetch manifest postcss-load-config@^4.0.2 || ^5.0 || ^6.0
434 silly packumentCache full:https://registry.npmjs.org/postcss-load-config cache-miss
435 http fetch GET 200 https://registry.npmjs.org/@alloc%2fquick-lru 217ms (cache miss)
436 silly packumentCache full:https://registry.npmjs.org/@alloc%2fquick-lru set size:undefined disposed:false
437 silly fetch manifest postcss-selector-parser@^6.1.2
438 silly packumentCache full:https://registry.npmjs.org/postcss-selector-parser cache-miss
439 http fetch GET 200 https://registry.npmjs.org/@next%2fswc-linux-x64-musl 3913ms (cache miss)
440 silly packumentCache full:https://registry.npmjs.org/@next%2fswc-linux-x64-musl set size:undefined disposed:false
441 http fetch GET 200 https://registry.npmjs.org/postcss-nested 255ms (cache miss)
442 silly packumentCache full:https://registry.npmjs.org/postcss-nested set size:undefined disposed:false
443 http fetch GET 200 https://registry.npmjs.org/postcss-load-config 118ms (cache miss)
444 silly packumentCache full:https://registry.npmjs.org/postcss-load-config set size:undefined disposed:false
445 http fetch GET 200 https://registry.npmjs.org/@next%2fswc-linux-x64-gnu 4222ms (cache miss)
446 silly packumentCache full:https://registry.npmjs.org/@next%2fswc-linux-x64-gnu set size:undefined disposed:false
447 http fetch GET 200 https://registry.npmjs.org/postcss-selector-parser 258ms (cache miss)
448 silly packumentCache full:https://registry.npmjs.org/postcss-selector-parser set size:undefined disposed:false
449 http fetch GET 200 https://registry.npmjs.org/sucrase 1108ms (cache miss)
450 silly packumentCache full:https://registry.npmjs.org/sucrase set size:undefined disposed:false
451 http fetch GET 200 https://registry.npmjs.org/@next%2fswc-win32-arm64-msvc 2127ms (cache miss)
452 silly packumentCache full:https://registry.npmjs.org/@next%2fswc-win32-arm64-msvc set size:undefined disposed:false
453 http fetch GET 200 https://registry.npmjs.org/scheduler 2320ms (cache miss)
454 silly packumentCache full:https://registry.npmjs.org/scheduler set size:undefined disposed:false
455 http fetch GET 200 https://registry.npmjs.org/@typescript-eslint%2fparser 5498ms (cache miss)
456 silly packumentCache full:https://registry.npmjs.org/@typescript-eslint%2fparser set size:undefined disposed:false
457 http fetch GET 200 https://registry.npmjs.org/@next%2fswc-win32-x64-msvc 5214ms (cache miss)
458 silly packumentCache full:https://registry.npmjs.org/@next%2fswc-win32-x64-msvc set size:undefined disposed:false
459 http fetch GET 200 https://registry.npmjs.org/@next%2fswc-linux-arm64-gnu 6735ms (cache miss)
460 silly packumentCache full:https://registry.npmjs.org/@next%2fswc-linux-arm64-gnu set size:undefined disposed:false
461 silly placeDep ROOT browserslist@4.28.8 OK for: autoprefixer@10.5.4 want: ^4.28.6
462 silly placeDep ROOT caniuse-lite@1.0.30001809 OK for: autoprefixer@10.5.4 want: ^1.0.30001806
463 silly placeDep ROOT fraction.js@5.3.4 OK for: autoprefixer@10.5.4 want: ^5.3.4
464 silly placeDep ROOT picocolors@1.1.1 OK for: autoprefixer@10.5.4 want: ^1.1.1
465 silly placeDep ROOT postcss-value-parser@4.2.0 OK for: autoprefixer@10.5.4 want: ^4.2.0
466 silly fetch manifest caniuse-lite@^1.0.30001809
467 silly packumentCache full:https://registry.npmjs.org/caniuse-lite cache-miss
468 silly fetch manifest node-releases@^2.0.53
469 silly packumentCache full:https://registry.npmjs.org/node-releases cache-miss
470 silly fetch manifest electron-to-chromium@^1.5.402
471 silly packumentCache full:https://registry.npmjs.org/electron-to-chromium cache-miss
472 silly fetch manifest update-browserslist-db@^1.3.0
473 silly packumentCache full:https://registry.npmjs.org/update-browserslist-db cache-miss
474 silly fetch manifest baseline-browser-mapping@^2.11.12
475 silly packumentCache full:https://registry.npmjs.org/baseline-browser-mapping cache-miss
476 http cache https://registry.npmjs.org/caniuse-lite 9ms (cache hit)
477 silly packumentCache full:https://registry.npmjs.org/caniuse-lite set size:2311190 disposed:false
478 http fetch GET 200 https://registry.npmjs.org/update-browserslist-db 37ms (cache miss)
479 silly packumentCache full:https://registry.npmjs.org/update-browserslist-db set size:undefined disposed:false
480 http fetch GET 200 https://registry.npmjs.org/baseline-browser-mapping 182ms (cache miss)
481 silly packumentCache full:https://registry.npmjs.org/baseline-browser-mapping set size:undefined disposed:false
482 http fetch GET 200 https://registry.npmjs.org/node-releases 187ms (cache miss)
483 silly packumentCache full:https://registry.npmjs.org/node-releases set size:undefined disposed:false
484 http fetch GET 200 https://registry.npmjs.org/electron-to-chromium 1552ms (cache miss)
485 silly packumentCache full:https://registry.npmjs.org/electron-to-chromium set size:undefined disposed:false
486 silly fetch manifest browserslist@>= 4.21.0
487 silly packumentCache full:https://registry.npmjs.org/browserslist cache-miss
488 http cache https://registry.npmjs.org/browserslist 6ms (cache hit)
489 silly packumentCache full:https://registry.npmjs.org/browserslist set size:518659 disposed:false
490 silly placeDep ROOT baseline-browser-mapping@2.11.13 OK for: browserslist@4.28.8 want: ^2.11.12
491 silly placeDep ROOT electron-to-chromium@1.5.404 OK for: browserslist@4.28.8 want: ^1.5.402
492 silly placeDep ROOT node-releases@2.0.53 OK for: browserslist@4.28.8 want: ^2.0.53
493 silly placeDep ROOT update-browserslist-db@1.3.1 OK for: browserslist@4.28.8 want: ^1.3.0
494 silly fetch manifest escalade@^3.2.0
495 silly packumentCache full:https://registry.npmjs.org/escalade cache-miss
496 http fetch GET 200 https://registry.npmjs.org/escalade 56ms (cache miss)
497 silly packumentCache full:https://registry.npmjs.org/escalade set size:undefined disposed:false
498 silly fetch manifest eslint@^6.0.0 || ^7.0.0 || >=8.0.0
499 silly packumentCache full:https://registry.npmjs.org/eslint cache-miss
500 http cache https://registry.npmjs.org/eslint 5ms (cache hit)
501 silly packumentCache full:https://registry.npmjs.org/eslint set size:2048190 disposed:false
502 silly fetch manifest jiti@*
503 silly packumentCache full:https://registry.npmjs.org/jiti cache-miss
504 http cache https://registry.npmjs.org/jiti 3ms (cache hit)
505 silly packumentCache full:https://registry.npmjs.org/jiti set size:387989 disposed:false
506 silly placeDep ROOT @eslint-community/eslint-utils@4.10.1 OK for: eslint@8.57.1 want: ^4.2.0
507 silly placeDep ROOT @eslint-community/regexpp@4.12.2 OK for: eslint@8.57.1 want: ^4.6.1
508 silly placeDep ROOT @eslint/eslintrc@2.1.4 OK for: eslint@8.57.1 want: ^2.1.4
509 silly placeDep ROOT @eslint/js@8.57.1 OK for: eslint@8.57.1 want: 8.57.1
510 silly placeDep ROOT @humanwhocodes/config-array@0.13.0 OK for: eslint@8.57.1 want: ^0.13.0
511 silly placeDep ROOT @humanwhocodes/module-importer@1.0.1 OK for: eslint@8.57.1 want: ^1.0.1
512 silly placeDep ROOT @nodelib/fs.walk@1.2.8 OK for: eslint@8.57.1 want: ^1.2.8
513 silly placeDep ROOT @ungap/structured-clone@1.3.3 OK for: eslint@8.57.1 want: ^1.2.0
514 silly placeDep ROOT ajv@6.15.0 OK for: eslint@8.57.1 want: ^6.12.4
515 silly placeDep ROOT chalk@4.1.2 OK for: eslint@8.57.1 want: ^4.0.0
516 silly placeDep ROOT cross-spawn@7.0.6 OK for: eslint@8.57.1 want: ^7.0.2
517 silly placeDep ROOT debug@4.4.3 OK for: eslint@8.57.1 want: ^4.3.2
518 silly placeDep ROOT doctrine@3.0.0 OK for: eslint@8.57.1 want: ^3.0.0
519 silly placeDep ROOT escape-string-regexp@4.0.0 OK for: eslint@8.57.1 want: ^4.0.0
520 silly placeDep ROOT eslint-scope@7.2.2 OK for: eslint@8.57.1 want: ^7.2.2
521 silly placeDep ROOT eslint-visitor-keys@3.4.3 OK for: eslint@8.57.1 want: ^3.4.3
522 silly placeDep ROOT espree@9.6.1 OK for: eslint@8.57.1 want: ^9.6.1
523 silly placeDep ROOT esquery@1.7.0 OK for: eslint@8.57.1 want: ^1.4.2
524 silly placeDep ROOT esutils@2.0.3 OK for: eslint@8.57.1 want: ^2.0.2
525 silly placeDep ROOT fast-deep-equal@3.1.3 OK for: eslint@8.57.1 want: ^3.1.3
526 silly placeDep ROOT file-entry-cache@6.0.1 OK for: eslint@8.57.1 want: ^6.0.1
527 silly placeDep ROOT find-up@5.0.0 OK for: eslint@8.57.1 want: ^5.0.0
528 silly placeDep ROOT glob-parent@6.0.2 OK for: eslint@8.57.1 want: ^6.0.2
529 silly placeDep ROOT globals@13.24.0 OK for: eslint@8.57.1 want: ^13.19.0
530 silly placeDep ROOT graphemer@1.4.0 OK for: eslint@8.57.1 want: ^1.4.0
531 silly placeDep ROOT ignore@5.3.2 OK for: eslint@8.57.1 want: ^5.2.0
532 silly placeDep ROOT imurmurhash@0.1.4 OK for: eslint@8.57.1 want: ^0.1.4
533 silly placeDep ROOT is-glob@4.0.3 OK for: eslint@8.57.1 want: ^4.0.0
534 silly placeDep ROOT is-path-inside@3.0.3 OK for: eslint@8.57.1 want: ^3.0.3
535 silly placeDep ROOT js-yaml@4.3.1 OK for: eslint@8.57.1 want: ^4.1.0
536 silly placeDep ROOT json-stable-stringify-without-jsonify@1.0.1 OK for: eslint@8.57.1 want: ^1.0.1
537 silly placeDep ROOT levn@0.4.1 OK for: eslint@8.57.1 want: ^0.4.1
538 silly placeDep ROOT lodash.merge@4.6.2 OK for: eslint@8.57.1 want: ^4.6.2
539 silly placeDep ROOT minimatch@3.1.5 OK for: eslint@8.57.1 want: ^3.1.2
540 silly placeDep ROOT natural-compare@1.4.0 OK for: eslint@8.57.1 want: ^1.4.0
541 silly placeDep ROOT optionator@0.9.4 OK for: eslint@8.57.1 want: ^0.9.3
542 silly placeDep ROOT strip-ansi@6.0.1 OK for: eslint@8.57.1 want: ^6.0.1
543 silly placeDep ROOT text-table@0.2.0 OK for: eslint@8.57.1 want: ^0.2.0
544 silly fetch manifest espree@^9.6.0
545 silly packumentCache full:https://registry.npmjs.org/espree cache-miss
546 silly fetch manifest import-fresh@^3.2.1
547 silly packumentCache full:https://registry.npmjs.org/import-fresh cache-miss
548 silly fetch manifest strip-json-comments@^3.1.1
549 silly packumentCache full:https://registry.npmjs.org/strip-json-comments cache-miss
550 silly fetch manifest debug@^4.3.1
551 silly packumentCache full:https://registry.npmjs.org/debug cache-miss
552 silly fetch manifest minimatch@^3.0.5
553 silly packumentCache full:https://registry.npmjs.org/minimatch cache-miss
554 silly fetch manifest @humanwhocodes/object-schema@^2.0.3
555 silly packumentCache full:https://registry.npmjs.org/@humanwhocodes%2fobject-schema cache-miss
556 silly fetch manifest fastq@^1.6.0
557 silly packumentCache full:https://registry.npmjs.org/fastq cache-miss
558 silly fetch manifest @nodelib/fs.scandir@2.1.5
559 silly packumentCache full:https://registry.npmjs.org/@nodelib%2ffs.scandir cache-miss
560 silly fetch manifest uri-js@^4.2.2
561 silly packumentCache full:https://registry.npmjs.org/uri-js cache-miss
562 silly fetch manifest fast-deep-equal@^3.1.1
563 silly packumentCache full:https://registry.npmjs.org/fast-deep-equal cache-miss
564 silly fetch manifest json-schema-traverse@^0.4.1
565 silly packumentCache full:https://registry.npmjs.org/json-schema-traverse cache-miss
566 http cache https://registry.npmjs.org/espree 9ms (cache hit)
567 silly packumentCache full:https://registry.npmjs.org/espree set size:326080 disposed:false
568 silly fetch manifest fast-json-stable-stringify@^2.0.0
569 silly packumentCache full:https://registry.npmjs.org/fast-json-stable-stringify cache-miss
570 http cache https://registry.npmjs.org/debug 10ms (cache hit)
571 silly packumentCache full:https://registry.npmjs.org/debug set size:195840 disposed:false
572 silly fetch manifest ansi-styles@^4.1.0
573 silly packumentCache full:https://registry.npmjs.org/ansi-styles cache-miss
574 http cache https://registry.npmjs.org/fast-deep-equal 10ms (cache hit)
575 silly packumentCache full:https://registry.npmjs.org/fast-deep-equal set size:48634 disposed:false
576 silly fetch manifest supports-color@^7.1.0
577 silly packumentCache full:https://registry.npmjs.org/supports-color cache-miss
578 http cache https://registry.npmjs.org/minimatch 12ms (cache hit)
579 silly packumentCache full:https://registry.npmjs.org/minimatch set size:377924 disposed:false
580 silly fetch manifest which@^2.0.1
581 silly packumentCache full:https://registry.npmjs.org/which cache-miss
582 http fetch GET 200 https://registry.npmjs.org/json-schema-traverse 34ms (cache miss)
583 silly packumentCache full:https://registry.npmjs.org/json-schema-traverse set size:undefined disposed:false
584 silly fetch manifest path-key@^3.1.0
585 silly packumentCache full:https://registry.npmjs.org/path-key cache-miss
586 http fetch GET 200 https://registry.npmjs.org/fast-json-stable-stringify 39ms (cache miss)
587 silly packumentCache full:https://registry.npmjs.org/fast-json-stable-stringify set size:undefined disposed:false
588 silly fetch manifest shebang-command@^2.0.0
589 silly packumentCache full:https://registry.npmjs.org/shebang-command cache-miss
590 http fetch GET 200 https://registry.npmjs.org/import-fresh 51ms (cache miss)
591 silly packumentCache full:https://registry.npmjs.org/import-fresh set size:undefined disposed:false
592 silly fetch manifest ms@^2.1.3
593 silly packumentCache full:https://registry.npmjs.org/ms cache-miss
594 http fetch GET 200 https://registry.npmjs.org/fastq 50ms (cache miss)
595 silly packumentCache full:https://registry.npmjs.org/fastq set size:undefined disposed:false
596 silly fetch manifest esrecurse@^4.3.0
597 silly packumentCache full:https://registry.npmjs.org/esrecurse cache-miss
598 http fetch GET 200 https://registry.npmjs.org/uri-js 51ms (cache miss)
599 silly packumentCache full:https://registry.npmjs.org/uri-js set size:undefined disposed:false
600 silly fetch manifest estraverse@^5.2.0
601 silly packumentCache full:https://registry.npmjs.org/estraverse cache-miss
602 http fetch GET 200 https://registry.npmjs.org/strip-json-comments 53ms (cache miss)
603 silly packumentCache full:https://registry.npmjs.org/strip-json-comments set size:undefined disposed:false
604 silly fetch manifest acorn@^8.9.0
605 silly packumentCache full:https://registry.npmjs.org/acorn cache-miss
606 http fetch GET 200 https://registry.npmjs.org/@nodelib%2ffs.scandir 53ms (cache miss)
607 silly packumentCache full:https://registry.npmjs.org/@nodelib%2ffs.scandir set size:undefined disposed:false
608 silly fetch manifest acorn-jsx@^5.3.2
609 silly packumentCache full:https://registry.npmjs.org/acorn-jsx cache-miss
610 http fetch GET 200 https://registry.npmjs.org/supports-color 52ms (cache miss)
611 silly packumentCache full:https://registry.npmjs.org/supports-color set size:undefined disposed:false
612 silly fetch manifest estraverse@^5.1.0
613 silly packumentCache full:https://registry.npmjs.org/estraverse cache-miss
614 http fetch GET 200 https://registry.npmjs.org/ansi-styles 53ms (cache miss)
615 silly packumentCache full:https://registry.npmjs.org/ansi-styles set size:undefined disposed:false
616 silly fetch manifest flat-cache@^3.0.4
617 silly packumentCache full:https://registry.npmjs.org/flat-cache cache-miss
618 http fetch GET 200 https://registry.npmjs.org/which 56ms (cache miss)
619 silly packumentCache full:https://registry.npmjs.org/which set size:undefined disposed:false
620 silly fetch manifest locate-path@^6.0.0
621 silly packumentCache full:https://registry.npmjs.org/locate-path cache-miss
622 http fetch GET 200 https://registry.npmjs.org/esrecurse 109ms (cache miss)
623 silly packumentCache full:https://registry.npmjs.org/esrecurse set size:undefined disposed:false
624 silly fetch manifest path-exists@^4.0.0
625 silly packumentCache full:https://registry.npmjs.org/path-exists cache-miss
626 http fetch GET 200 https://registry.npmjs.org/shebang-command 112ms (cache miss)
627 silly packumentCache full:https://registry.npmjs.org/shebang-command set size:undefined disposed:false
628 silly fetch manifest type-fest@^0.20.2
629 silly packumentCache full:https://registry.npmjs.org/type-fest cache-miss
630 http fetch GET 200 https://registry.npmjs.org/path-key 128ms (cache miss)
631 silly packumentCache full:https://registry.npmjs.org/path-key set size:undefined disposed:false
632 silly fetch manifest is-extglob@^2.1.1
633 silly packumentCache full:https://registry.npmjs.org/is-extglob cache-miss
634 http fetch GET 200 https://registry.npmjs.org/acorn-jsx 142ms (cache miss)
635 silly packumentCache full:https://registry.npmjs.org/acorn-jsx set size:undefined disposed:false
636 silly fetch manifest argparse@^2.0.1
637 silly packumentCache full:https://registry.npmjs.org/argparse cache-miss
638 http fetch GET 200 https://registry.npmjs.org/ms 147ms (cache miss)
639 silly packumentCache full:https://registry.npmjs.org/ms set size:undefined disposed:false
640 silly fetch manifest prelude-ls@^1.2.1
641 silly packumentCache full:https://registry.npmjs.org/prelude-ls cache-miss
642 http fetch GET 200 https://registry.npmjs.org/estraverse 137ms (cache miss)
643 silly packumentCache full:https://registry.npmjs.org/estraverse set size:undefined disposed:false
644 silly fetch manifest type-check@~0.4.0
645 silly packumentCache full:https://registry.npmjs.org/type-check cache-miss
646 http fetch GET 200 https://registry.npmjs.org/estraverse 149ms (cache miss)
647 silly packumentCache full:https://registry.npmjs.org/estraverse set size:undefined disposed:false
648 silly fetch manifest brace-expansion@^1.1.7
649 silly packumentCache full:https://registry.npmjs.org/brace-expansion cache-miss
650 http fetch GET 200 https://registry.npmjs.org/flat-cache 140ms (cache miss)
651 silly packumentCache full:https://registry.npmjs.org/flat-cache set size:undefined disposed:false
652 silly fetch manifest prelude-ls@^1.2.1
653 silly packumentCache full:https://registry.npmjs.org/prelude-ls cache-miss
654 http fetch GET 200 https://registry.npmjs.org/locate-path 137ms (cache miss)
655 silly packumentCache full:https://registry.npmjs.org/locate-path set size:undefined disposed:false
656 silly fetch manifest deep-is@^0.1.3
657 silly packumentCache full:https://registry.npmjs.org/deep-is cache-miss
658 http fetch GET 200 https://registry.npmjs.org/path-exists 52ms (cache miss)
659 silly packumentCache full:https://registry.npmjs.org/path-exists set size:undefined disposed:false
660 silly fetch manifest word-wrap@^1.2.5
661 silly packumentCache full:https://registry.npmjs.org/word-wrap cache-miss
662 http fetch GET 200 https://registry.npmjs.org/is-extglob 52ms (cache miss)
663 silly packumentCache full:https://registry.npmjs.org/is-extglob set size:undefined disposed:false
664 silly fetch manifest type-check@^0.4.0
665 silly packumentCache full:https://registry.npmjs.org/type-check cache-miss
666 http fetch GET 200 https://registry.npmjs.org/@humanwhocodes%2fobject-schema 214ms (cache miss)
667 silly packumentCache full:https://registry.npmjs.org/@humanwhocodes%2fobject-schema set size:undefined disposed:false
668 silly fetch manifest fast-levenshtein@^2.0.6
669 silly packumentCache full:https://registry.npmjs.org/fast-levenshtein cache-miss
670 http fetch GET 200 https://registry.npmjs.org/prelude-ls 97ms (cache miss)
671 silly packumentCache full:https://registry.npmjs.org/prelude-ls set size:undefined disposed:false
672 silly fetch manifest ansi-regex@^5.0.1
673 silly packumentCache full:https://registry.npmjs.org/ansi-regex cache-miss
674 http fetch GET 200 https://registry.npmjs.org/prelude-ls 118ms (cache miss)
675 silly packumentCache full:https://registry.npmjs.org/prelude-ls set size:undefined disposed:false
676 http fetch GET 200 https://registry.npmjs.org/type-check 125ms (cache miss)
677 silly packumentCache full:https://registry.npmjs.org/type-check set size:undefined disposed:false
678 http fetch GET 200 https://registry.npmjs.org/argparse 129ms (cache miss)
679 silly packumentCache full:https://registry.npmjs.org/argparse set size:undefined disposed:false
680 http fetch GET 200 https://registry.npmjs.org/type-check 148ms (cache miss)
681 silly packumentCache full:https://registry.npmjs.org/type-check set size:undefined disposed:false
682 http fetch GET 200 https://registry.npmjs.org/fast-levenshtein 148ms (cache miss)
683 silly packumentCache full:https://registry.npmjs.org/fast-levenshtein set size:undefined disposed:false
684 http fetch GET 200 https://registry.npmjs.org/deep-is 158ms (cache miss)
685 silly packumentCache full:https://registry.npmjs.org/deep-is set size:undefined disposed:false
686 http fetch GET 200 https://registry.npmjs.org/brace-expansion 175ms (cache miss)
687 silly packumentCache full:https://registry.npmjs.org/brace-expansion set size:undefined disposed:false
688 http fetch GET 200 https://registry.npmjs.org/type-fest 214ms (cache miss)
689 silly packumentCache full:https://registry.npmjs.org/type-fest set size:undefined disposed:false
690 http fetch GET 200 https://registry.npmjs.org/word-wrap 164ms (cache miss)
691 silly packumentCache full:https://registry.npmjs.org/word-wrap set size:undefined disposed:false
692 http fetch GET 200 https://registry.npmjs.org/acorn 327ms (cache miss)
693 silly packumentCache full:https://registry.npmjs.org/acorn set size:undefined disposed:false
694 http fetch GET 200 https://registry.npmjs.org/ansi-regex 85ms (cache miss)
695 silly packumentCache full:https://registry.npmjs.org/ansi-regex set size:undefined disposed:false
696 silly placeDep ROOT import-fresh@3.3.1 OK for: @eslint/eslintrc@2.1.4 want: ^3.2.1
697 silly placeDep ROOT strip-json-comments@3.1.1 OK for: @eslint/eslintrc@2.1.4 want: ^3.1.1
698 silly fetch manifest resolve-from@^4.0.0
699 silly packumentCache full:https://registry.npmjs.org/resolve-from cache-miss
700 silly fetch manifest parent-module@^1.0.0
701 silly packumentCache full:https://registry.npmjs.org/parent-module cache-miss
702 http fetch GET 200 https://registry.npmjs.org/resolve-from 21ms (cache miss)
703 silly packumentCache full:https://registry.npmjs.org/resolve-from set size:undefined disposed:false
704 http fetch GET 200 https://registry.npmjs.org/parent-module 26ms (cache miss)
705 silly packumentCache full:https://registry.npmjs.org/parent-module set size:undefined disposed:false
706 silly placeDep ROOT @humanwhocodes/object-schema@2.0.3 OK for: @humanwhocodes/config-array@0.13.0 want: ^2.0.3
707 silly placeDep ROOT @nodelib/fs.scandir@2.1.5 OK for: @nodelib/fs.walk@1.2.8 want: 2.1.5
708 silly placeDep ROOT fastq@1.20.1 OK for: @nodelib/fs.walk@1.2.8 want: ^1.6.0
709 silly fetch manifest run-parallel@^1.1.9
710 silly packumentCache full:https://registry.npmjs.org/run-parallel cache-miss
711 silly fetch manifest @nodelib/fs.stat@2.0.5
712 silly packumentCache full:https://registry.npmjs.org/@nodelib%2ffs.stat cache-miss
713 silly fetch manifest reusify@^1.0.4
714 silly packumentCache full:https://registry.npmjs.org/reusify cache-miss
715 http fetch GET 200 https://registry.npmjs.org/reusify 24ms (cache miss)
716 silly packumentCache full:https://registry.npmjs.org/reusify set size:undefined disposed:false
717 http fetch GET 200 https://registry.npmjs.org/run-parallel 31ms (cache miss)
718 silly packumentCache full:https://registry.npmjs.org/run-parallel set size:undefined disposed:false
719 http fetch GET 200 https://registry.npmjs.org/@nodelib%2ffs.stat 34ms (cache miss)
720 silly packumentCache full:https://registry.npmjs.org/@nodelib%2ffs.stat set size:undefined disposed:false
721 silly placeDep ROOT @nodelib/fs.stat@2.0.5 OK for: @nodelib/fs.scandir@2.1.5 want: 2.0.5
722 silly placeDep ROOT run-parallel@1.2.0 OK for: @nodelib/fs.scandir@2.1.5 want: ^1.1.9
723 silly fetch manifest queue-microtask@^1.2.2
724 silly packumentCache full:https://registry.npmjs.org/queue-microtask cache-miss
725 http fetch GET 200 https://registry.npmjs.org/queue-microtask 119ms (cache miss)
726 silly packumentCache full:https://registry.npmjs.org/queue-microtask set size:undefined disposed:false
727 silly placeDep ROOT fast-json-stable-stringify@2.1.0 OK for: ajv@6.15.0 want: ^2.0.0
728 silly placeDep ROOT json-schema-traverse@0.4.1 OK for: ajv@6.15.0 want: ^0.4.1
729 silly placeDep ROOT uri-js@4.4.1 OK for: ajv@6.15.0 want: ^4.2.2
730 silly fetch manifest punycode@^2.1.0
731 silly packumentCache full:https://registry.npmjs.org/punycode cache-miss
732 http fetch GET 200 https://registry.npmjs.org/punycode 37ms (cache miss)
733 silly packumentCache full:https://registry.npmjs.org/punycode set size:undefined disposed:false
734 silly placeDep ROOT ansi-styles@4.3.0 OK for: chalk@4.1.2 want: ^4.1.0
735 silly placeDep ROOT supports-color@7.2.0 OK for: chalk@4.1.2 want: ^7.1.0
736 silly fetch manifest color-convert@^2.0.1
737 silly packumentCache full:https://registry.npmjs.org/color-convert cache-miss
738 silly fetch manifest has-flag@^4.0.0
739 silly packumentCache full:https://registry.npmjs.org/has-flag cache-miss
740 http fetch GET 200 https://registry.npmjs.org/has-flag 30ms (cache miss)
741 silly packumentCache full:https://registry.npmjs.org/has-flag set size:undefined disposed:false
742 http fetch GET 200 https://registry.npmjs.org/color-convert 50ms (cache miss)
743 silly packumentCache full:https://registry.npmjs.org/color-convert set size:undefined disposed:false
744 silly placeDep ROOT color-convert@2.0.1 OK for: ansi-styles@4.3.0 want: ^2.0.1
745 silly fetch manifest color-name@~1.1.4
746 silly packumentCache full:https://registry.npmjs.org/color-name cache-miss
747 http fetch GET 200 https://registry.npmjs.org/color-name 30ms (cache miss)
748 silly packumentCache full:https://registry.npmjs.org/color-name set size:undefined disposed:false
749 silly placeDep ROOT color-name@1.1.4 OK for: color-convert@2.0.1 want: ~1.1.4
750 silly placeDep ROOT path-key@3.1.1 OK for: cross-spawn@7.0.6 want: ^3.1.0
751 silly placeDep ROOT shebang-command@2.0.0 OK for: cross-spawn@7.0.6 want: ^2.0.0
752 silly placeDep ROOT which@2.0.2 OK for: cross-spawn@7.0.6 want: ^2.0.1
753 silly fetch manifest shebang-regex@^3.0.0
754 silly packumentCache full:https://registry.npmjs.org/shebang-regex cache-miss
755 silly fetch manifest isexe@^2.0.0
756 silly packumentCache full:https://registry.npmjs.org/isexe cache-miss
757 http fetch GET 200 https://registry.npmjs.org/isexe 201ms (cache miss)
758 silly packumentCache full:https://registry.npmjs.org/isexe set size:undefined disposed:false
759 http fetch GET 200 https://registry.npmjs.org/shebang-regex 202ms (cache miss)
760 silly packumentCache full:https://registry.npmjs.org/shebang-regex set size:undefined disposed:false
761 silly placeDep ROOT ms@2.1.3 OK for: debug@4.4.3 want: ^2.1.3
762 silly fetch manifest eslint@^7.23.0 || ^8.0.0
763 silly packumentCache full:https://registry.npmjs.org/eslint cache-miss
764 http cache https://registry.npmjs.org/eslint 4ms (cache hit)
765 silly packumentCache full:https://registry.npmjs.org/eslint set size:2048190 disposed:false
766 silly fetch manifest eslint-plugin-import-x@*
767 silly packumentCache full:https://registry.npmjs.org/eslint-plugin-import-x cache-miss
768 http fetch GET 200 https://registry.npmjs.org/eslint-plugin-import-x 58ms (cache miss)
769 silly packumentCache full:https://registry.npmjs.org/eslint-plugin-import-x set size:undefined disposed:false
770 silly fetch manifest @typescript-eslint/utils@^8.56.0
771 silly packumentCache full:https://registry.npmjs.org/@typescript-eslint%2futils cache-miss
772 http fetch GET 200 https://registry.npmjs.org/@typescript-eslint%2futils 1307ms (cache miss)
773 silly packumentCache full:https://registry.npmjs.org/@typescript-eslint%2futils set size:undefined disposed:false
774 silly fetch manifest typescript@>=3.3.1
775 silly packumentCache full:https://registry.npmjs.org/typescript cache-miss
776 http cache https://registry.npmjs.org/typescript 22ms (cache hit)
777 silly packumentCache full:https://registry.npmjs.org/typescript set size:15539069 disposed:false
778 silly fetch manifest typescript@>=4.8.4 <6.1.0
779 silly packumentCache full:https://registry.npmjs.org/typescript cache-miss
780 http cache https://registry.npmjs.org/typescript 14ms (cache hit)
781 silly packumentCache full:https://registry.npmjs.org/typescript set size:15539069 disposed:false
782 silly placeDep ROOT @next/eslint-plugin-next@14.2.5 OK for: eslint-config-next@14.2.5 want: 14.2.5
783 silly placeDep ROOT @rushstack/eslint-patch@1.16.1 OK for: eslint-config-next@14.2.5 want: ^1.3.3
784 silly placeDep ROOT @typescript-eslint/parser@7.2.0 OK for: eslint-config-next@14.2.5 want: ^5.4.2 || ^6.0.0 || 7.0.0 - 7.2.0
785 silly placeDep ROOT eslint-import-resolver-node@0.3.10 OK for: eslint-config-next@14.2.5 want: ^0.3.6
786 silly placeDep ROOT eslint-import-resolver-typescript@3.10.1 OK for: eslint-config-next@14.2.5 want: ^3.5.2
787 silly placeDep ROOT eslint-plugin-import@2.32.0 OK for: eslint-config-next@14.2.5 want: ^2.28.1
788 silly placeDep ROOT eslint-plugin-jsx-a11y@6.10.2 OK for: eslint-config-next@14.2.5 want: ^6.7.1
789 silly placeDep ROOT eslint-plugin-react@7.37.5 OK for: eslint-config-next@14.2.5 want: ^7.33.2
790 silly placeDep ROOT eslint-plugin-react-hooks@5.0.0-canary-7118f5dd7-20230705 OK for: eslint-config-next@14.2.5 want: ^4.5.0 || 5.0.0-canary-7118f5dd7-20230705
791 silly fetch manifest glob@10.3.10
792 silly packumentCache full:https://registry.npmjs.org/glob cache-miss
793 silly fetch manifest @typescript-eslint/types@7.2.0
794 silly packumentCache full:https://registry.npmjs.org/@typescript-eslint%2ftypes cache-miss
795 silly fetch manifest @typescript-eslint/visitor-keys@7.2.0
796 silly packumentCache full:https://registry.npmjs.org/@typescript-eslint%2fvisitor-keys cache-miss
797 silly fetch manifest @typescript-eslint/scope-manager@7.2.0
798 silly packumentCache full:https://registry.npmjs.org/@typescript-eslint%2fscope-manager cache-miss
799 silly fetch manifest @typescript-eslint/typescript-estree@7.2.0
800 silly packumentCache full:https://registry.npmjs.org/@typescript-eslint%2ftypescript-estree cache-miss
801 silly fetch manifest debug@^3.2.7
802 silly packumentCache full:https://registry.npmjs.org/debug cache-hit
803 silly fetch manifest resolve@^2.0.0-next.6
804 silly packumentCache full:https://registry.npmjs.org/resolve cache-miss
805 silly fetch manifest is-core-module@^2.16.1
806 silly packumentCache full:https://registry.npmjs.org/is-core-module cache-miss
807 silly fetch manifest tinyglobby@^0.2.13
808 silly packumentCache full:https://registry.npmjs.org/tinyglobby cache-miss
809 silly fetch manifest stable-hash@^0.0.5
810 silly packumentCache full:https://registry.npmjs.org/stable-hash cache-miss
811 silly fetch manifest get-tsconfig@^4.10.0
812 silly packumentCache full:https://registry.npmjs.org/get-tsconfig cache-miss
813 silly fetch manifest is-bun-module@^2.0.0
814 silly packumentCache full:https://registry.npmjs.org/is-bun-module cache-miss
815 http cache https://registry.npmjs.org/resolve 5ms (cache hit)
816 silly packumentCache full:https://registry.npmjs.org/resolve set size:244568 disposed:false
817 silly fetch manifest unrs-resolver@^1.6.2
818 silly packumentCache full:https://registry.npmjs.org/unrs-resolver cache-miss
819 http fetch GET 200 https://registry.npmjs.org/stable-hash 32ms (cache miss)
820 silly packumentCache full:https://registry.npmjs.org/stable-hash set size:undefined disposed:false
821 silly fetch manifest @nolyfill/is-core-module@1.0.39
822 silly packumentCache full:https://registry.npmjs.org/@nolyfill%2fis-core-module cache-miss
823 http fetch GET 200 https://registry.npmjs.org/tinyglobby 37ms (cache miss)
824 silly packumentCache full:https://registry.npmjs.org/tinyglobby set size:undefined disposed:false
825 silly fetch manifest @rtsao/scc@^1.1.0
826 silly packumentCache full:https://registry.npmjs.org/@rtsao%2fscc cache-miss
827 http fetch GET 200 https://registry.npmjs.org/unrs-resolver 33ms (cache miss)
828 silly packumentCache full:https://registry.npmjs.org/unrs-resolver set size:undefined disposed:false
829 silly fetch manifest array-includes@^3.1.9
830 silly packumentCache full:https://registry.npmjs.org/array-includes cache-miss
831 http fetch GET 200 https://registry.npmjs.org/is-core-module 47ms (cache miss)
832 silly packumentCache full:https://registry.npmjs.org/is-core-module set size:undefined disposed:false
833 silly fetch manifest array.prototype.findlastindex@^1.2.6
834 silly packumentCache full:https://registry.npmjs.org/array.prototype.findlastindex cache-miss
835 http fetch GET 200 https://registry.npmjs.org/array-includes 33ms (cache miss)
836 silly packumentCache full:https://registry.npmjs.org/array-includes set size:undefined disposed:false
837 silly fetch manifest array.prototype.flat@^1.3.3
838 silly packumentCache full:https://registry.npmjs.org/array.prototype.flat cache-miss
839 http fetch GET 200 https://registry.npmjs.org/array.prototype.findlastindex 40ms (cache miss)
840 silly packumentCache full:https://registry.npmjs.org/array.prototype.findlastindex set size:undefined disposed:false
841 silly fetch manifest array.prototype.flatmap@^1.3.3
842 silly packumentCache full:https://registry.npmjs.org/array.prototype.flatmap cache-miss
843 http fetch GET 200 https://registry.npmjs.org/@rtsao%2fscc 56ms (cache miss)
844 silly packumentCache full:https://registry.npmjs.org/@rtsao%2fscc set size:undefined disposed:false
845 silly fetch manifest doctrine@^2.1.0
846 silly packumentCache full:https://registry.npmjs.org/doctrine cache-miss
847 http cache https://registry.npmjs.org/doctrine 2ms (cache hit)
848 silly packumentCache full:https://registry.npmjs.org/doctrine set size:64052 disposed:false
849 silly fetch manifest eslint-module-utils@^2.12.1
850 silly packumentCache full:https://registry.npmjs.org/eslint-module-utils cache-miss
851 http fetch GET 200 https://registry.npmjs.org/glob 111ms (cache miss)
852 silly packumentCache full:https://registry.npmjs.org/glob set size:undefined disposed:false
853 silly fetch manifest hasown@^2.0.2
854 silly packumentCache full:https://registry.npmjs.org/hasown cache-miss
855 http fetch GET 200 https://registry.npmjs.org/array.prototype.flat 77ms (cache miss)
856 silly packumentCache full:https://registry.npmjs.org/array.prototype.flat set size:undefined disposed:false
857 silly fetch manifest object.fromentries@^2.0.8
858 silly packumentCache full:https://registry.npmjs.org/object.fromentries cache-miss
859 http fetch GET 200 https://registry.npmjs.org/get-tsconfig 219ms (cache miss)
860 silly packumentCache full:https://registry.npmjs.org/get-tsconfig set size:undefined disposed:false
861 silly fetch manifest object.groupby@^1.0.3
862 silly packumentCache full:https://registry.npmjs.org/object.groupby cache-miss
863 http fetch GET 200 https://registry.npmjs.org/array.prototype.flatmap 164ms (cache miss)
864 silly packumentCache full:https://registry.npmjs.org/array.prototype.flatmap set size:undefined disposed:false
865 silly fetch manifest object.values@^1.2.1
866 silly packumentCache full:https://registry.npmjs.org/object.values cache-miss
867 http fetch GET 200 https://registry.npmjs.org/hasown 153ms (cache miss)
868 silly packumentCache full:https://registry.npmjs.org/hasown set size:undefined disposed:false
869 silly fetch manifest semver@^6.3.1
870 silly packumentCache full:https://registry.npmjs.org/semver cache-miss
871 http fetch GET 200 https://registry.npmjs.org/object.fromentries 116ms (cache miss)
872 silly packumentCache full:https://registry.npmjs.org/object.fromentries set size:undefined disposed:false
873 silly fetch manifest string.prototype.trimend@^1.0.9
874 silly packumentCache full:https://registry.npmjs.org/string.prototype.trimend cache-miss
875 http fetch GET 200 https://registry.npmjs.org/object.groupby 71ms (cache miss)
876 silly packumentCache full:https://registry.npmjs.org/object.groupby set size:undefined disposed:false
877 silly fetch manifest tsconfig-paths@^3.15.0
878 silly packumentCache full:https://registry.npmjs.org/tsconfig-paths cache-miss
879 http fetch GET 200 https://registry.npmjs.org/is-bun-module 292ms (cache miss)
880 silly packumentCache full:https://registry.npmjs.org/is-bun-module set size:undefined disposed:false
881 silly fetch manifest aria-query@^5.3.2
882 silly packumentCache full:https://registry.npmjs.org/aria-query cache-miss
883 http fetch GET 200 https://registry.npmjs.org/@nolyfill%2fis-core-module 315ms (cache miss)
884 silly packumentCache full:https://registry.npmjs.org/@nolyfill%2fis-core-module set size:undefined disposed:false
885 silly fetch manifest array-includes@^3.1.8
886 silly packumentCache full:https://registry.npmjs.org/array-includes cache-miss
887 http cache https://registry.npmjs.org/array-includes 1ms (cache hit)
888 silly packumentCache full:https://registry.npmjs.org/array-includes set size:77143 disposed:false
889 silly fetch manifest array.prototype.flatmap@^1.3.2
890 silly packumentCache full:https://registry.npmjs.org/array.prototype.flatmap cache-miss
891 http cache https://registry.npmjs.org/array.prototype.flatmap 1ms (cache hit)
892 silly packumentCache full:https://registry.npmjs.org/array.prototype.flatmap set size:51458 disposed:false
893 silly fetch manifest ast-types-flow@^0.0.8
894 silly packumentCache full:https://registry.npmjs.org/ast-types-flow cache-miss
895 http fetch GET 200 https://registry.npmjs.org/tsconfig-paths 285ms (cache miss)
896 silly packumentCache full:https://registry.npmjs.org/tsconfig-paths set size:undefined disposed:false
897 silly fetch manifest axe-core@^4.10.0
898 silly packumentCache full:https://registry.npmjs.org/axe-core cache-miss
899 http fetch GET 200 https://registry.npmjs.org/eslint-module-utils 525ms (cache miss)
900 silly packumentCache full:https://registry.npmjs.org/eslint-module-utils set size:undefined disposed:false
901 silly fetch manifest axobject-query@^4.1.0
902 silly packumentCache full:https://registry.npmjs.org/axobject-query cache-miss
903 http fetch GET 200 https://registry.npmjs.org/ast-types-flow 273ms (cache miss)
904 silly packumentCache full:https://registry.npmjs.org/ast-types-flow set size:undefined disposed:false
905 silly fetch manifest damerau-levenshtein@^1.0.8
906 silly packumentCache full:https://registry.npmjs.org/damerau-levenshtein cache-miss
907 http fetch GET 200 https://registry.npmjs.org/aria-query 337ms (cache miss)
908 silly packumentCache full:https://registry.npmjs.org/aria-query set size:undefined disposed:false
909 silly fetch manifest emoji-regex@^9.2.2
910 silly packumentCache full:https://registry.npmjs.org/emoji-regex cache-miss
911 http fetch GET 200 https://registry.npmjs.org/semver 424ms (cache miss)
912 silly packumentCache full:https://registry.npmjs.org/semver set size:undefined disposed:false
913 silly fetch manifest jsx-ast-utils@^3.3.5
914 silly packumentCache full:https://registry.npmjs.org/jsx-ast-utils cache-miss
915 http fetch GET 200 https://registry.npmjs.org/damerau-levenshtein 97ms (cache miss)
916 silly packumentCache full:https://registry.npmjs.org/damerau-levenshtein set size:undefined disposed:false
917 silly fetch manifest language-tags@^1.0.9
918 silly packumentCache full:https://registry.npmjs.org/language-tags cache-miss
919 http fetch GET 200 https://registry.npmjs.org/axobject-query 124ms (cache miss)
920 silly packumentCache full:https://registry.npmjs.org/axobject-query set size:undefined disposed:false
921 silly fetch manifest safe-regex-test@^1.0.3
922 silly packumentCache full:https://registry.npmjs.org/safe-regex-test cache-miss
923 http fetch GET 200 https://registry.npmjs.org/language-tags 67ms (cache miss)
924 silly packumentCache full:https://registry.npmjs.org/language-tags set size:undefined disposed:false
925 silly fetch manifest string.prototype.includes@^2.0.1
926 silly packumentCache full:https://registry.npmjs.org/string.prototype.includes cache-miss
927 http fetch GET 200 https://registry.npmjs.org/jsx-ast-utils 107ms (cache miss)
928 silly packumentCache full:https://registry.npmjs.org/jsx-ast-utils set size:undefined disposed:false
929 silly fetch manifest array.prototype.findlast@^1.2.5
930 silly packumentCache full:https://registry.npmjs.org/array.prototype.findlast cache-miss
931 http fetch GET 200 https://registry.npmjs.org/emoji-regex 179ms (cache miss)
932 silly packumentCache full:https://registry.npmjs.org/emoji-regex set size:undefined disposed:false
933 silly fetch manifest array.prototype.tosorted@^1.1.4
934 silly packumentCache full:https://registry.npmjs.org/array.prototype.tosorted cache-miss
935 http fetch GET 200 https://registry.npmjs.org/string.prototype.trimend 558ms (cache miss)
936 silly packumentCache full:https://registry.npmjs.org/string.prototype.trimend set size:undefined disposed:false
937 silly fetch manifest es-iterator-helpers@^1.2.1
938 silly packumentCache full:https://registry.npmjs.org/es-iterator-helpers cache-miss
939 http fetch GET 200 https://registry.npmjs.org/object.values 578ms (cache miss)
940 silly packumentCache full:https://registry.npmjs.org/object.values set size:undefined disposed:false
941 silly fetch manifest estraverse@^5.3.0
942 silly packumentCache full:https://registry.npmjs.org/estraverse cache-miss
943 http cache https://registry.npmjs.org/estraverse 1ms (cache hit)
944 silly packumentCache full:https://registry.npmjs.org/estraverse set size:62412 disposed:false
945 silly fetch manifest jsx-ast-utils@^2.4.1 || ^3.0.0
946 silly packumentCache full:https://registry.npmjs.org/jsx-ast-utils cache-miss
947 http cache https://registry.npmjs.org/jsx-ast-utils 1ms (cache hit)
948 silly packumentCache full:https://registry.npmjs.org/jsx-ast-utils set size:115998 disposed:false
949 silly fetch manifest object.entries@^1.1.9
950 silly packumentCache full:https://registry.npmjs.org/object.entries cache-miss
951 http fetch GET 200 https://registry.npmjs.org/safe-regex-test 134ms (cache miss)
952 silly packumentCache full:https://registry.npmjs.org/safe-regex-test set size:undefined disposed:false
953 silly fetch manifest prop-types@^15.8.1
954 silly packumentCache full:https://registry.npmjs.org/prop-types cache-miss
955 http fetch GET 200 https://registry.npmjs.org/string.prototype.includes 161ms (cache miss)
956 silly packumentCache full:https://registry.npmjs.org/string.prototype.includes set size:undefined disposed:false
957 silly fetch manifest resolve@^2.0.0-next.5
958 silly packumentCache full:https://registry.npmjs.org/resolve cache-hit
959 silly fetch manifest string.prototype.matchall@^4.0.12
960 silly packumentCache full:https://registry.npmjs.org/string.prototype.matchall cache-miss
961 http fetch GET 200 https://registry.npmjs.org/array.prototype.findlast 174ms (cache miss)
962 silly packumentCache full:https://registry.npmjs.org/array.prototype.findlast set size:undefined disposed:false
963 silly fetch manifest string.prototype.repeat@^1.0.0
964 silly packumentCache full:https://registry.npmjs.org/string.prototype.repeat cache-miss
965 http fetch GET 200 https://registry.npmjs.org/array.prototype.tosorted 177ms (cache miss)
966 silly packumentCache full:https://registry.npmjs.org/array.prototype.tosorted set size:undefined disposed:false
967 http fetch GET 200 https://registry.npmjs.org/object.entries 176ms (cache miss)
968 silly packumentCache full:https://registry.npmjs.org/object.entries set size:undefined disposed:false
969 http fetch GET 200 https://registry.npmjs.org/prop-types 141ms (cache miss)
970 silly packumentCache full:https://registry.npmjs.org/prop-types set size:undefined disposed:false
971 http fetch GET 200 https://registry.npmjs.org/es-iterator-helpers 214ms (cache miss)
972 silly packumentCache full:https://registry.npmjs.org/es-iterator-helpers set size:undefined disposed:false
973 http fetch GET 200 https://registry.npmjs.org/string.prototype.matchall 155ms (cache miss)
974 silly packumentCache full:https://registry.npmjs.org/string.prototype.matchall set size:undefined disposed:false
975 http fetch GET 200 https://registry.npmjs.org/string.prototype.repeat 198ms (cache miss)
976 silly packumentCache full:https://registry.npmjs.org/string.prototype.repeat set size:undefined disposed:false
977 http fetch GET 200 https://registry.npmjs.org/@typescript-eslint%2fscope-manager 2317ms (cache miss)
978 silly packumentCache full:https://registry.npmjs.org/@typescript-eslint%2fscope-manager set size:undefined disposed:false
979 http fetch GET 200 https://registry.npmjs.org/axe-core 2427ms (cache miss)
980 silly packumentCache full:https://registry.npmjs.org/axe-core set size:undefined disposed:false
981 http fetch GET 200 https://registry.npmjs.org/@typescript-eslint%2ftypes 3337ms (cache miss)
982 silly packumentCache full:https://registry.npmjs.org/@typescript-eslint%2ftypes set size:undefined disposed:false
983 http fetch GET 200 https://registry.npmjs.org/@typescript-eslint%2ftypescript-estree 4329ms (cache miss)
984 silly packumentCache full:https://registry.npmjs.org/@typescript-eslint%2ftypescript-estree set size:undefined disposed:false
985 http fetch GET 200 https://registry.npmjs.org/@typescript-eslint%2fvisitor-keys 4622ms (cache miss)
986 silly packumentCache full:https://registry.npmjs.org/@typescript-eslint%2fvisitor-keys set size:undefined disposed:false
987 silly placeDep ROOT glob@10.3.10 OK for: @next/eslint-plugin-next@14.2.5 want: 10.3.10
988 silly fetch manifest minipass@^5.0.0 || ^6.0.2 || ^7.0.0
989 silly packumentCache full:https://registry.npmjs.org/minipass cache-miss
990 silly fetch manifest jackspeak@^2.3.5
991 silly packumentCache full:https://registry.npmjs.org/jackspeak cache-miss
992 silly fetch manifest minimatch@^9.0.1
993 silly packumentCache full:https://registry.npmjs.org/minimatch cache-hit
994 silly fetch manifest path-scurry@^1.10.1
995 silly packumentCache full:https://registry.npmjs.org/path-scurry cache-miss
996 silly fetch manifest foreground-child@^3.1.0
997 silly packumentCache full:https://registry.npmjs.org/foreground-child cache-miss
998 http fetch GET 200 https://registry.npmjs.org/foreground-child 131ms (cache miss)
999 silly packumentCache full:https://registry.npmjs.org/foreground-child set size:undefined disposed:false
1000 http fetch GET 200 https://registry.npmjs.org/path-scurry 150ms (cache miss)
1001 silly packumentCache full:https://registry.npmjs.org/path-scurry set size:undefined disposed:false
1002 http fetch GET 200 https://registry.npmjs.org/jackspeak 198ms (cache miss)
1003 silly packumentCache full:https://registry.npmjs.org/jackspeak set size:undefined disposed:false
1004 http fetch GET 200 https://registry.npmjs.org/minipass 309ms (cache miss)
1005 silly packumentCache full:https://registry.npmjs.org/minipass set size:undefined disposed:false
1006 silly placeDep ROOT @typescript-eslint/scope-manager@7.2.0 OK for: @typescript-eslint/parser@7.2.0 want: 7.2.0
1007 silly placeDep ROOT @typescript-eslint/types@7.2.0 OK for: @typescript-eslint/parser@7.2.0 want: 7.2.0
1008 silly placeDep ROOT @typescript-eslint/typescript-estree@7.2.0 OK for: @typescript-eslint/parser@7.2.0 want: 7.2.0
1009 silly placeDep ROOT @typescript-eslint/visitor-keys@7.2.0 OK for: @typescript-eslint/parser@7.2.0 want: 7.2.0
1010 silly fetch manifest globby@^11.1.0
1011 silly packumentCache full:https://registry.npmjs.org/globby cache-miss
1012 silly fetch manifest semver@^7.5.4
1013 silly packumentCache full:https://registry.npmjs.org/semver cache-miss
1014 silly fetch manifest minimatch@9.0.3
1015 silly packumentCache full:https://registry.npmjs.org/minimatch cache-hit
1016 silly fetch manifest ts-api-utils@^1.0.1
1017 silly packumentCache full:https://registry.npmjs.org/ts-api-utils cache-miss
1018 http cache https://registry.npmjs.org/semver 3ms (cache hit)
1019 silly packumentCache full:https://registry.npmjs.org/semver set size:246069 disposed:false
1020 http fetch GET 200 https://registry.npmjs.org/ts-api-utils 61ms (cache miss)
1021 silly packumentCache full:https://registry.npmjs.org/ts-api-utils set size:undefined disposed:false
1022 http fetch GET 200 https://registry.npmjs.org/globby 68ms (cache miss)
1023 silly packumentCache full:https://registry.npmjs.org/globby set size:undefined disposed:false
1024 silly fetch manifest typescript@>=4.2.0
1025 silly packumentCache full:https://registry.npmjs.org/typescript cache-miss
1026 http cache https://registry.npmjs.org/typescript 17ms (cache hit)
1027 silly packumentCache full:https://registry.npmjs.org/typescript set size:15539069 disposed:false
1028 silly placeDep ROOT globby@11.1.0 OK for: @typescript-eslint/typescript-estree@7.2.0 want: ^11.1.0
1029 silly placeDep node_modules/@typescript-eslint/typescript-estree minimatch@9.0.3 OK for: @typescript-eslint/typescript-estree@7.2.0 want: 9.0.3
1030 silly placeDep ROOT semver@7.8.5 OK for: @typescript-eslint/typescript-estree@7.2.0 want: ^7.5.4
1031 silly placeDep ROOT ts-api-utils@1.4.3 OK for: @typescript-eslint/typescript-estree@7.2.0 want: ^1.0.1
1032 silly fetch manifest slash@^3.0.0
1033 silly packumentCache full:https://registry.npmjs.org/slash cache-miss
1034 silly fetch manifest merge2@^1.4.1
1035 silly packumentCache full:https://registry.npmjs.org/merge2 cache-miss
1036 silly fetch manifest dir-glob@^3.0.1
1037 silly packumentCache full:https://registry.npmjs.org/dir-glob cache-miss
1038 silly fetch manifest fast-glob@^3.2.9
1039 silly packumentCache full:https://registry.npmjs.org/fast-glob cache-miss
1040 silly fetch manifest array-union@^2.1.0
1041 silly packumentCache full:https://registry.npmjs.org/array-union cache-miss
1042 silly fetch manifest brace-expansion@^2.0.1
1043 silly packumentCache full:https://registry.npmjs.org/brace-expansion cache-miss
1044 http cache https://registry.npmjs.org/fast-glob 3ms (cache hit)
1045 silly packumentCache full:https://registry.npmjs.org/fast-glob set size:220556 disposed:false
1046 http cache https://registry.npmjs.org/brace-expansion 4ms (cache hit)
1047 silly packumentCache full:https://registry.npmjs.org/brace-expansion set size:101024 disposed:false
1048 http fetch GET 200 https://registry.npmjs.org/dir-glob 37ms (cache miss)
1049 silly packumentCache full:https://registry.npmjs.org/dir-glob set size:undefined disposed:false
1050 http fetch GET 200 https://registry.npmjs.org/array-union 37ms (cache miss)
1051 silly packumentCache full:https://registry.npmjs.org/array-union set size:undefined disposed:false
1052 http fetch GET 200 https://registry.npmjs.org/slash 45ms (cache miss)
1053 silly packumentCache full:https://registry.npmjs.org/slash set size:undefined disposed:false
1054 http fetch GET 200 https://registry.npmjs.org/merge2 46ms (cache miss)
1055 silly packumentCache full:https://registry.npmjs.org/merge2 set size:undefined disposed:false
1056 silly placeDep node_modules/eslint-import-resolver-node debug@3.2.7 OK for: eslint-import-resolver-node@0.3.10 want: ^3.2.7
1057 silly placeDep ROOT is-core-module@2.16.2 OK for: eslint-import-resolver-node@0.3.10 want: ^2.16.1
1058 silly placeDep ROOT resolve@2.0.0-next.7 OK for: eslint-import-resolver-node@0.3.10 want: ^2.0.0-next.6
1059 silly fetch manifest hasown@^2.0.3
1060 silly packumentCache full:https://registry.npmjs.org/hasown cache-miss
1061 silly fetch manifest es-errors@^1.3.0
1062 silly packumentCache full:https://registry.npmjs.org/es-errors cache-miss
1063 silly fetch manifest node-exports-info@^1.6.0
1064 silly packumentCache full:https://registry.npmjs.org/node-exports-info cache-miss
1065 silly fetch manifest object-keys@^1.1.1
1066 silly packumentCache full:https://registry.npmjs.org/object-keys cache-miss
1067 silly fetch manifest path-parse@^1.0.7
1068 silly packumentCache full:https://registry.npmjs.org/path-parse cache-miss
1069 silly fetch manifest supports-preserve-symlinks-flag@^1.0.0
1070 silly packumentCache full:https://registry.npmjs.org/supports-preserve-symlinks-flag cache-miss
1071 http cache https://registry.npmjs.org/hasown 2ms (cache hit)
1072 silly packumentCache full:https://registry.npmjs.org/hasown set size:18361 disposed:false
1073 http fetch GET 200 https://registry.npmjs.org/path-parse 42ms (cache miss)
1074 silly packumentCache full:https://registry.npmjs.org/path-parse set size:undefined disposed:false
1075 http fetch GET 200 https://registry.npmjs.org/supports-preserve-symlinks-flag 42ms (cache miss)
1076 silly packumentCache full:https://registry.npmjs.org/supports-preserve-symlinks-flag set size:undefined disposed:false
1077 http fetch GET 200 https://registry.npmjs.org/node-exports-info 43ms (cache miss)
1078 silly packumentCache full:https://registry.npmjs.org/node-exports-info set size:undefined disposed:false
1079 http fetch GET 200 https://registry.npmjs.org/es-errors 44ms (cache miss)
1080 silly packumentCache full:https://registry.npmjs.org/es-errors set size:undefined disposed:false
1081 http fetch GET 200 https://registry.npmjs.org/object-keys 45ms (cache miss)
1082 silly packumentCache full:https://registry.npmjs.org/object-keys set size:undefined disposed:false
1083 silly placeDep ROOT @nolyfill/is-core-module@1.0.39 OK for: eslint-import-resolver-typescript@3.10.1 want: 1.0.39
1084 silly placeDep ROOT get-tsconfig@4.14.1 OK for: eslint-import-resolver-typescript@3.10.1 want: ^4.10.0
1085 silly placeDep ROOT is-bun-module@2.0.0 OK for: eslint-import-resolver-typescript@3.10.1 want: ^2.0.0
1086 silly placeDep ROOT stable-hash@0.0.5 OK for: eslint-import-resolver-typescript@3.10.1 want: ^0.0.5
1087 silly placeDep ROOT tinyglobby@0.2.17 OK for: eslint-import-resolver-typescript@3.10.1 want: ^0.2.13
1088 silly placeDep ROOT unrs-resolver@1.12.2 OK for: eslint-import-resolver-typescript@3.10.1 want: ^1.6.2
1089 silly fetch manifest resolve-pkg-maps@^1.0.0
1090 silly packumentCache full:https://registry.npmjs.org/resolve-pkg-maps cache-miss
1091 silly fetch manifest fdir@^6.5.0
1092 silly packumentCache full:https://registry.npmjs.org/fdir cache-miss
1093 silly fetch manifest picomatch@^4.0.4
1094 silly packumentCache full:https://registry.npmjs.org/picomatch cache-miss
1095 silly fetch manifest napi-postinstall@^0.3.4
1096 silly packumentCache full:https://registry.npmjs.org/napi-postinstall cache-miss
1097 silly fetch manifest @unrs/resolver-binding-darwin-arm64@1.12.2
1098 silly packumentCache full:https://registry.npmjs.org/@unrs%2fresolver-binding-darwin-arm64 cache-miss
1099 silly fetch manifest @unrs/resolver-binding-android-arm64@1.12.2
1100 silly packumentCache full:https://registry.npmjs.org/@unrs%2fresolver-binding-android-arm64 cache-miss
1101 silly fetch manifest @unrs/resolver-binding-win32-arm64-msvc@1.12.2
1102 silly packumentCache full:https://registry.npmjs.org/@unrs%2fresolver-binding-win32-arm64-msvc cache-miss
1103 silly fetch manifest @unrs/resolver-binding-linux-arm64-gnu@1.12.2
1104 silly packumentCache full:https://registry.npmjs.org/@unrs%2fresolver-binding-linux-arm64-gnu cache-miss
1105 silly fetch manifest @unrs/resolver-binding-linux-arm64-musl@1.12.2
1106 silly packumentCache full:https://registry.npmjs.org/@unrs%2fresolver-binding-linux-arm64-musl cache-miss
1107 silly fetch manifest @unrs/resolver-binding-openharmony-arm64@1.12.2
1108 silly packumentCache full:https://registry.npmjs.org/@unrs%2fresolver-binding-openharmony-arm64 cache-miss
1109 silly fetch manifest @unrs/resolver-binding-android-arm-eabi@1.12.2
1110 silly packumentCache full:https://registry.npmjs.org/@unrs%2fresolver-binding-android-arm-eabi cache-miss
1111 http fetch GET 200 https://registry.npmjs.org/napi-postinstall 35ms (cache miss)
1112 silly packumentCache full:https://registry.npmjs.org/napi-postinstall set size:undefined disposed:false
1113 silly fetch manifest @unrs/resolver-binding-linux-arm-gnueabihf@1.12.2
1114 silly packumentCache full:https://registry.npmjs.org/@unrs%2fresolver-binding-linux-arm-gnueabihf cache-miss
1115 http fetch GET 200 https://registry.npmjs.org/resolve-pkg-maps 37ms (cache miss)
1116 silly packumentCache full:https://registry.npmjs.org/resolve-pkg-maps set size:undefined disposed:false
1117 silly fetch manifest @unrs/resolver-binding-linux-arm-musleabihf@1.12.2
1118 silly packumentCache full:https://registry.npmjs.org/@unrs%2fresolver-binding-linux-arm-musleabihf cache-miss
1119 http fetch GET 200 https://registry.npmjs.org/@unrs%2fresolver-binding-android-arm64 51ms (cache miss)
1120 silly packumentCache full:https://registry.npmjs.org/@unrs%2fresolver-binding-android-arm64 set size:undefined disposed:false
1121 silly fetch manifest @unrs/resolver-binding-win32-ia32-msvc@1.12.2
1122 silly packumentCache full:https://registry.npmjs.org/@unrs%2fresolver-binding-win32-ia32-msvc cache-miss
1123 http fetch GET 200 https://registry.npmjs.org/@unrs%2fresolver-binding-win32-arm64-msvc 52ms (cache miss)
1124 silly packumentCache full:https://registry.npmjs.org/@unrs%2fresolver-binding-win32-arm64-msvc set size:undefined disposed:false
1125 silly fetch manifest @unrs/resolver-binding-linux-loong64-gnu@1.12.2
1126 silly packumentCache full:https://registry.npmjs.org/@unrs%2fresolver-binding-linux-loong64-gnu cache-miss
1127 http fetch GET 200 https://registry.npmjs.org/@unrs%2fresolver-binding-openharmony-arm64 76ms (cache miss)
1128 silly packumentCache full:https://registry.npmjs.org/@unrs%2fresolver-binding-openharmony-arm64 set size:undefined disposed:false
1129 silly fetch manifest @unrs/resolver-binding-linux-loong64-musl@1.12.2
1130 silly packumentCache full:https://registry.npmjs.org/@unrs%2fresolver-binding-linux-loong64-musl cache-miss
1131 http fetch GET 200 https://registry.npmjs.org/@unrs%2fresolver-binding-android-arm-eabi 77ms (cache miss)
1132 silly packumentCache full:https://registry.npmjs.org/@unrs%2fresolver-binding-android-arm-eabi set size:undefined disposed:false
1133 silly fetch manifest @unrs/resolver-binding-linux-ppc64-gnu@1.12.2
1134 silly packumentCache full:https://registry.npmjs.org/@unrs%2fresolver-binding-linux-ppc64-gnu cache-miss
1135 http fetch GET 200 https://registry.npmjs.org/fdir 78ms (cache miss)
1136 silly packumentCache full:https://registry.npmjs.org/fdir set size:undefined disposed:false
1137 silly fetch manifest @unrs/resolver-binding-linux-riscv64-gnu@1.12.2
1138 silly packumentCache full:https://registry.npmjs.org/@unrs%2fresolver-binding-linux-riscv64-gnu cache-miss
1139 http fetch GET 200 https://registry.npmjs.org/picomatch 80ms (cache miss)
1140 silly packumentCache full:https://registry.npmjs.org/picomatch set size:undefined disposed:false
1141 silly fetch manifest @unrs/resolver-binding-linux-riscv64-musl@1.12.2
1142 silly packumentCache full:https://registry.npmjs.org/@unrs%2fresolver-binding-linux-riscv64-musl cache-miss
1143 http fetch GET 200 https://registry.npmjs.org/@unrs%2fresolver-binding-linux-arm64-musl 80ms (cache miss)
1144 silly packumentCache full:https://registry.npmjs.org/@unrs%2fresolver-binding-linux-arm64-musl set size:undefined disposed:false
1145 silly fetch manifest @unrs/resolver-binding-linux-s390x-gnu@1.12.2
1146 silly packumentCache full:https://registry.npmjs.org/@unrs%2fresolver-binding-linux-s390x-gnu cache-miss
1147 http fetch GET 200 https://registry.npmjs.org/@unrs%2fresolver-binding-darwin-arm64 82ms (cache miss)
1148 silly packumentCache full:https://registry.npmjs.org/@unrs%2fresolver-binding-darwin-arm64 set size:undefined disposed:false
1149 silly fetch manifest @unrs/resolver-binding-wasm32-wasi@1.12.2
1150 silly packumentCache full:https://registry.npmjs.org/@unrs%2fresolver-binding-wasm32-wasi cache-miss
1151 http fetch GET 200 https://registry.npmjs.org/@unrs%2fresolver-binding-linux-loong64-gnu 52ms (cache miss)
1152 silly packumentCache full:https://registry.npmjs.org/@unrs%2fresolver-binding-linux-loong64-gnu set size:undefined disposed:false
1153 silly fetch manifest @unrs/resolver-binding-darwin-x64@1.12.2
1154 silly packumentCache full:https://registry.npmjs.org/@unrs%2fresolver-binding-darwin-x64 cache-miss
1155 http fetch GET 200 https://registry.npmjs.org/@unrs%2fresolver-binding-win32-ia32-msvc 65ms (cache miss)
1156 silly packumentCache full:https://registry.npmjs.org/@unrs%2fresolver-binding-win32-ia32-msvc set size:undefined disposed:false
1157 silly fetch manifest @unrs/resolver-binding-win32-x64-msvc@1.12.2
1158 silly packumentCache full:https://registry.npmjs.org/@unrs%2fresolver-binding-win32-x64-msvc cache-miss
1159 http fetch GET 200 https://registry.npmjs.org/@unrs%2fresolver-binding-linux-arm-gnueabihf 81ms (cache miss)
1160 silly packumentCache full:https://registry.npmjs.org/@unrs%2fresolver-binding-linux-arm-gnueabihf set size:undefined disposed:false
1161 silly fetch manifest @unrs/resolver-binding-freebsd-x64@1.12.2
1162 silly packumentCache full:https://registry.npmjs.org/@unrs%2fresolver-binding-freebsd-x64 cache-miss
1163 http fetch GET 200 https://registry.npmjs.org/@unrs%2fresolver-binding-linux-loong64-musl 48ms (cache miss)
1164 silly packumentCache full:https://registry.npmjs.org/@unrs%2fresolver-binding-linux-loong64-musl set size:undefined disposed:false
1165 silly fetch manifest @unrs/resolver-binding-linux-x64-gnu@1.12.2
1166 silly packumentCache full:https://registry.npmjs.org/@unrs%2fresolver-binding-linux-x64-gnu cache-miss
1167 http fetch GET 200 https://registry.npmjs.org/@unrs%2fresolver-binding-linux-riscv64-gnu 52ms (cache miss)
1168 silly packumentCache full:https://registry.npmjs.org/@unrs%2fresolver-binding-linux-riscv64-gnu set size:undefined disposed:false
1169 silly fetch manifest @unrs/resolver-binding-linux-x64-musl@1.12.2
1170 silly packumentCache full:https://registry.npmjs.org/@unrs%2fresolver-binding-linux-x64-musl cache-miss
1171 http fetch GET 200 https://registry.npmjs.org/@unrs%2fresolver-binding-linux-ppc64-gnu 61ms (cache miss)
1172 silly packumentCache full:https://registry.npmjs.org/@unrs%2fresolver-binding-linux-ppc64-gnu set size:undefined disposed:false
1173 http fetch GET 200 https://registry.npmjs.org/@unrs%2fresolver-binding-linux-riscv64-musl 58ms (cache miss)
1174 silly packumentCache full:https://registry.npmjs.org/@unrs%2fresolver-binding-linux-riscv64-musl set size:undefined disposed:false
1175 http fetch GET 200 https://registry.npmjs.org/@unrs%2fresolver-binding-linux-s390x-gnu 63ms (cache miss)
1176 silly packumentCache full:https://registry.npmjs.org/@unrs%2fresolver-binding-linux-s390x-gnu set size:undefined disposed:false
1177 http fetch GET 200 https://registry.npmjs.org/@unrs%2fresolver-binding-wasm32-wasi 62ms (cache miss)
1178 silly packumentCache full:https://registry.npmjs.org/@unrs%2fresolver-binding-wasm32-wasi set size:undefined disposed:false
1179 http fetch GET 200 https://registry.npmjs.org/@unrs%2fresolver-binding-win32-x64-msvc 121ms (cache miss)
1180 silly packumentCache full:https://registry.npmjs.org/@unrs%2fresolver-binding-win32-x64-msvc set size:undefined disposed:false
1181 http fetch GET 200 https://registry.npmjs.org/@unrs%2fresolver-binding-linux-x64-gnu 111ms (cache miss)
1182 silly packumentCache full:https://registry.npmjs.org/@unrs%2fresolver-binding-linux-x64-gnu set size:undefined disposed:false
1183 http fetch GET 200 https://registry.npmjs.org/@unrs%2fresolver-binding-linux-x64-musl 111ms (cache miss)
1184 silly packumentCache full:https://registry.npmjs.org/@unrs%2fresolver-binding-linux-x64-musl set size:undefined disposed:false
1185 http fetch GET 200 https://registry.npmjs.org/@unrs%2fresolver-binding-freebsd-x64 126ms (cache miss)
1186 silly packumentCache full:https://registry.npmjs.org/@unrs%2fresolver-binding-freebsd-x64 set size:undefined disposed:false
1187 http fetch GET 200 https://registry.npmjs.org/@unrs%2fresolver-binding-linux-arm64-gnu 284ms (cache miss)
1188 silly packumentCache full:https://registry.npmjs.org/@unrs%2fresolver-binding-linux-arm64-gnu set size:undefined disposed:false
1189 http fetch GET 200 https://registry.npmjs.org/@unrs%2fresolver-binding-linux-arm-musleabihf 315ms (cache miss)
1190 silly packumentCache full:https://registry.npmjs.org/@unrs%2fresolver-binding-linux-arm-musleabihf set size:undefined disposed:false
1191 http fetch GET 200 https://registry.npmjs.org/@unrs%2fresolver-binding-darwin-x64 405ms (cache miss)
1192 silly packumentCache full:https://registry.npmjs.org/@unrs%2fresolver-binding-darwin-x64 set size:undefined disposed:false
1193 silly placeDep ROOT @rtsao/scc@1.1.0 OK for: eslint-plugin-import@2.32.0 want: ^1.1.0
1194 silly placeDep ROOT array-includes@3.1.9 OK for: eslint-plugin-import@2.32.0 want: ^3.1.9
1195 silly placeDep ROOT array.prototype.findlastindex@1.2.6 OK for: eslint-plugin-import@2.32.0 want: ^1.2.6
1196 silly placeDep ROOT array.prototype.flat@1.3.3 OK for: eslint-plugin-import@2.32.0 want: ^1.3.3
1197 silly placeDep ROOT array.prototype.flatmap@1.3.3 OK for: eslint-plugin-import@2.32.0 want: ^1.3.3
1198 silly placeDep node_modules/eslint-plugin-import debug@3.2.7 OK for: eslint-plugin-import@2.32.0 want: ^3.2.7
1199 silly placeDep node_modules/eslint-plugin-import doctrine@2.1.0 OK for: eslint-plugin-import@2.32.0 want: ^2.1.0
1200 silly placeDep ROOT eslint-module-utils@2.14.0 OK for: eslint-plugin-import@2.32.0 want: ^2.12.1
1201 silly placeDep ROOT hasown@2.0.4 OK for: eslint-plugin-import@2.32.0 want: ^2.0.2
1202 silly placeDep ROOT object.fromentries@2.0.8 OK for: eslint-plugin-import@2.32.0 want: ^2.0.8
1203 silly placeDep ROOT object.groupby@1.0.3 OK for: eslint-plugin-import@2.32.0 want: ^1.0.3
1204 silly placeDep ROOT object.values@1.2.1 OK for: eslint-plugin-import@2.32.0 want: ^1.2.1
1205 silly placeDep node_modules/eslint-plugin-import semver@6.3.1 OK for: eslint-plugin-import@2.32.0 want: ^6.3.1
1206 silly placeDep ROOT string.prototype.trimend@1.0.10 OK for: eslint-plugin-import@2.32.0 want: ^1.0.9
1207 silly placeDep ROOT tsconfig-paths@3.15.0 OK for: eslint-plugin-import@2.32.0 want: ^3.15.0
1208 silly fetch manifest call-bind@^1.0.8
1209 silly packumentCache full:https://registry.npmjs.org/call-bind cache-miss
1210 silly fetch manifest call-bound@^1.0.4
1211 silly packumentCache full:https://registry.npmjs.org/call-bound cache-miss
1212 silly fetch manifest define-properties@^1.2.1
1213 silly packumentCache full:https://registry.npmjs.org/define-properties cache-miss
1214 silly fetch manifest es-abstract@^1.24.0
1215 silly packumentCache full:https://registry.npmjs.org/es-abstract cache-miss
1216 silly fetch manifest es-object-atoms@^1.1.1
1217 silly packumentCache full:https://registry.npmjs.org/es-object-atoms cache-miss
1218 silly fetch manifest get-intrinsic@^1.3.0
1219 silly packumentCache full:https://registry.npmjs.org/get-intrinsic cache-miss
1220 silly fetch manifest is-string@^1.1.1
1221 silly packumentCache full:https://registry.npmjs.org/is-string cache-miss
1222 silly fetch manifest math-intrinsics@^1.1.0
1223 silly packumentCache full:https://registry.npmjs.org/math-intrinsics cache-miss
1224 silly fetch manifest call-bind@^1.0.8
1225 silly packumentCache full:https://registry.npmjs.org/call-bind cache-miss
1226 silly fetch manifest call-bound@^1.0.4
1227 silly packumentCache full:https://registry.npmjs.org/call-bound cache-miss
1228 silly fetch manifest define-properties@^1.2.1
1229 silly packumentCache full:https://registry.npmjs.org/define-properties cache-miss
1230 http fetch GET 200 https://registry.npmjs.org/math-intrinsics 209ms (cache miss)
1231 silly packumentCache full:https://registry.npmjs.org/math-intrinsics set size:undefined disposed:false
1232 silly fetch manifest es-abstract@^1.23.9
1233 silly packumentCache full:https://registry.npmjs.org/es-abstract cache-miss
1234 http fetch GET 200 https://registry.npmjs.org/call-bound 210ms (cache miss)
1235 silly packumentCache full:https://registry.npmjs.org/call-bound set size:undefined disposed:false
1236 silly fetch manifest es-object-atoms@^1.1.1
1237 silly packumentCache full:https://registry.npmjs.org/es-object-atoms cache-miss
1238 http fetch GET 200 https://registry.npmjs.org/define-properties 215ms (cache miss)
1239 silly packumentCache full:https://registry.npmjs.org/define-properties set size:undefined disposed:false
1240 silly fetch manifest es-shim-unscopables@^1.1.0
1241 silly packumentCache full:https://registry.npmjs.org/es-shim-unscopables cache-miss
1242 http fetch GET 200 https://registry.npmjs.org/get-intrinsic 216ms (cache miss)
1243 silly packumentCache full:https://registry.npmjs.org/get-intrinsic set size:undefined disposed:false
1244 silly fetch manifest call-bind@^1.0.8
1245 silly packumentCache full:https://registry.npmjs.org/call-bind cache-miss
1246 http fetch GET 200 https://registry.npmjs.org/es-object-atoms 217ms (cache miss)
1247 silly packumentCache full:https://registry.npmjs.org/es-object-atoms set size:undefined disposed:false
1248 silly fetch manifest es-abstract@^1.23.5
1249 silly packumentCache full:https://registry.npmjs.org/es-abstract cache-miss
1250 http fetch GET 200 https://registry.npmjs.org/call-bind 218ms (cache miss)
1251 silly packumentCache full:https://registry.npmjs.org/call-bind set size:undefined disposed:false
1252 silly fetch manifest es-shim-unscopables@^1.0.2
1253 silly packumentCache full:https://registry.npmjs.org/es-shim-unscopables cache-miss
1254 http fetch GET 200 https://registry.npmjs.org/call-bound 219ms (cache miss)
1255 silly packumentCache full:https://registry.npmjs.org/call-bound set size:undefined disposed:false
1256 silly fetch manifest es-abstract@^1.23.5
1257 silly packumentCache full:https://registry.npmjs.org/es-abstract cache-miss
1258 http fetch GET 200 https://registry.npmjs.org/define-properties 220ms (cache miss)
1259 silly packumentCache full:https://registry.npmjs.org/define-properties set size:undefined disposed:false
1260 silly fetch manifest es-shim-unscopables@^1.0.2
1261 silly packumentCache full:https://registry.npmjs.org/es-shim-unscopables cache-miss
1262 http fetch GET 200 https://registry.npmjs.org/call-bind 220ms (cache miss)
1263 silly packumentCache full:https://registry.npmjs.org/call-bind set size:undefined disposed:false
1264 silly fetch manifest function-bind@^1.1.2
1265 silly packumentCache full:https://registry.npmjs.org/function-bind cache-miss
1266 http fetch GET 200 https://registry.npmjs.org/is-string 221ms (cache miss)
1267 silly packumentCache full:https://registry.npmjs.org/is-string set size:undefined disposed:false
1268 silly fetch manifest call-bind@^1.0.7
1269 silly packumentCache full:https://registry.npmjs.org/call-bind cache-miss
1270 http cache https://registry.npmjs.org/call-bind 6ms (cache hit)
1271 silly packumentCache full:https://registry.npmjs.org/call-bind set size:32985 disposed:false
1272 silly fetch manifest es-abstract@^1.23.2
1273 silly packumentCache full:https://registry.npmjs.org/es-abstract cache-miss
1274 http cache https://registry.npmjs.org/call-bind 3ms (cache hit)
1275 silly packumentCache full:https://registry.npmjs.org/call-bind set size:32985 disposed:false
1276 silly packumentCache full:https://registry.npmjs.org/call-bind dispose
1277 silly fetch manifest es-object-atoms@^1.0.0
1278 silly packumentCache full:https://registry.npmjs.org/es-object-atoms cache-miss
1279 http cache https://registry.npmjs.org/es-object-atoms 2ms (cache hit)
1280 silly packumentCache full:https://registry.npmjs.org/es-object-atoms set size:18278 disposed:false
1281 silly fetch manifest es-abstract@^1.23.2
1282 silly packumentCache full:https://registry.npmjs.org/es-abstract cache-miss
1283 http fetch GET 200 https://registry.npmjs.org/es-abstract 241ms (cache miss)
1284 silly packumentCache full:https://registry.npmjs.org/es-abstract set size:undefined disposed:false
1285 silly fetch manifest call-bound@^1.0.3
1286 silly packumentCache full:https://registry.npmjs.org/call-bound cache-miss
1287 http cache https://registry.npmjs.org/call-bound 1ms (cache hit)
1288 silly packumentCache full:https://registry.npmjs.org/call-bound set size:15317 disposed:false
1289 silly fetch manifest call-bind@^1.0.9
1290 silly packumentCache full:https://registry.npmjs.org/call-bind cache-hit
1291 silly fetch manifest es-object-atoms@^1.1.2
1292 silly packumentCache full:https://registry.npmjs.org/es-object-atoms cache-hit
1293 silly fetch manifest json5@^1.0.2
1294 silly packumentCache full:https://registry.npmjs.org/json5 cache-miss
1295 http fetch GET 200 https://registry.npmjs.org/es-shim-unscopables 37ms (cache miss)
1296 silly packumentCache full:https://registry.npmjs.org/es-shim-unscopables set size:undefined disposed:false
1297 silly fetch manifest minimist@^1.2.6
1298 silly packumentCache full:https://registry.npmjs.org/minimist cache-miss
1299 http fetch GET 200 https://registry.npmjs.org/es-shim-unscopables 34ms (cache miss)
1300 silly packumentCache full:https://registry.npmjs.org/es-shim-unscopables set size:undefined disposed:false
1301 silly fetch manifest strip-bom@^3.0.0
1302 silly packumentCache full:https://registry.npmjs.org/strip-bom cache-miss
1303 http fetch GET 200 https://registry.npmjs.org/function-bind 35ms (cache miss)
1304 silly packumentCache full:https://registry.npmjs.org/function-bind set size:undefined disposed:false
1305 silly fetch manifest @types/json5@^0.0.29
1306 silly packumentCache full:https://registry.npmjs.org/@types%2fjson5 cache-miss
1307 http fetch GET 200 https://registry.npmjs.org/es-object-atoms 57ms (cache miss)
1308 silly packumentCache full:https://registry.npmjs.org/es-object-atoms set size:undefined disposed:false
1309 silly packumentCache full:https://registry.npmjs.org/es-object-atoms dispose
1310 http fetch GET 200 https://registry.npmjs.org/es-shim-unscopables 116ms (cache miss)
1311 silly packumentCache full:https://registry.npmjs.org/es-shim-unscopables set size:undefined disposed:false
1312 http fetch GET 200 https://registry.npmjs.org/es-abstract 174ms (cache miss)
1313 silly packumentCache full:https://registry.npmjs.org/es-abstract set size:undefined disposed:false
1314 http fetch GET 200 https://registry.npmjs.org/es-abstract 198ms (cache miss)
1315 silly packumentCache full:https://registry.npmjs.org/es-abstract set size:undefined disposed:false
1316 http fetch GET 200 https://registry.npmjs.org/es-abstract 204ms (cache miss)
1317 silly packumentCache full:https://registry.npmjs.org/es-abstract set size:undefined disposed:false
1318 http fetch GET 200 https://registry.npmjs.org/es-abstract 202ms (cache miss)
1319 silly packumentCache full:https://registry.npmjs.org/es-abstract set size:undefined disposed:false
1320 http fetch GET 200 https://registry.npmjs.org/es-abstract 253ms (cache miss)
1321 silly packumentCache full:https://registry.npmjs.org/es-abstract set size:undefined disposed:false
1322 http fetch GET 200 https://registry.npmjs.org/strip-bom 241ms (cache miss)
1323 silly packumentCache full:https://registry.npmjs.org/strip-bom set size:undefined disposed:false
1324 http fetch GET 200 https://registry.npmjs.org/@types%2fjson5 262ms (cache miss)
1325 silly packumentCache full:https://registry.npmjs.org/@types%2fjson5 set size:undefined disposed:false
1326 http fetch GET 200 https://registry.npmjs.org/minimist 324ms (cache miss)
1327 silly packumentCache full:https://registry.npmjs.org/minimist set size:undefined disposed:false
1328 http fetch GET 200 https://registry.npmjs.org/json5 331ms (cache miss)
1329 silly packumentCache full:https://registry.npmjs.org/json5 set size:undefined disposed:false
1330 silly placeDep ROOT call-bind@1.0.9 OK for: array-includes@3.1.9 want: ^1.0.8
1331 silly placeDep ROOT call-bound@1.0.4 OK for: array-includes@3.1.9 want: ^1.0.4
1332 silly placeDep ROOT define-properties@1.2.1 OK for: array-includes@3.1.9 want: ^1.2.1
1333 silly placeDep ROOT es-abstract@1.24.2 OK for: array-includes@3.1.9 want: ^1.24.0
1334 silly placeDep ROOT es-object-atoms@1.1.2 OK for: array-includes@3.1.9 want: ^1.1.1
1335 silly placeDep ROOT get-intrinsic@1.3.0 OK for: array-includes@3.1.9 want: ^1.3.0
1336 silly placeDep ROOT is-string@1.1.1 OK for: array-includes@3.1.9 want: ^1.1.1
1337 silly placeDep ROOT math-intrinsics@1.1.0 OK for: array-includes@3.1.9 want: ^1.1.0
1338 silly fetch manifest call-bind-apply-helpers@^1.0.2
1339 silly packumentCache full:https://registry.npmjs.org/call-bind-apply-helpers cache-miss
1340 silly fetch manifest es-define-property@^1.0.1
1341 silly packumentCache full:https://registry.npmjs.org/es-define-property cache-miss
1342 silly fetch manifest set-function-length@^1.2.2
1343 silly packumentCache full:https://registry.npmjs.org/set-function-length cache-miss
1344 silly fetch manifest call-bind-apply-helpers@^1.0.2
1345 silly packumentCache full:https://registry.npmjs.org/call-bind-apply-helpers cache-miss
1346 silly fetch manifest define-data-property@^1.0.1
1347 silly packumentCache full:https://registry.npmjs.org/define-data-property cache-miss
1348 silly fetch manifest has-property-descriptors@^1.0.0
1349 silly packumentCache full:https://registry.npmjs.org/has-property-descriptors cache-miss
1350 silly fetch manifest array-buffer-byte-length@^1.0.2
1351 silly packumentCache full:https://registry.npmjs.org/array-buffer-byte-length cache-miss
1352 silly fetch manifest arraybuffer.prototype.slice@^1.0.4
1353 silly packumentCache full:https://registry.npmjs.org/arraybuffer.prototype.slice cache-miss
1354 silly fetch manifest available-typed-arrays@^1.0.7
1355 silly packumentCache full:https://registry.npmjs.org/available-typed-arrays cache-miss
1356 silly fetch manifest data-view-buffer@^1.0.2
1357 silly packumentCache full:https://registry.npmjs.org/data-view-buffer cache-miss
1358 silly fetch manifest data-view-byte-length@^1.0.2
1359 silly packumentCache full:https://registry.npmjs.org/data-view-byte-length cache-miss
1360 http fetch GET 200 https://registry.npmjs.org/array-buffer-byte-length 37ms (cache miss)
1361 silly packumentCache full:https://registry.npmjs.org/array-buffer-byte-length set size:undefined disposed:false
1362 silly fetch manifest data-view-byte-offset@^1.0.1
1363 silly packumentCache full:https://registry.npmjs.org/data-view-byte-offset cache-miss
1364 http fetch GET 200 https://registry.npmjs.org/call-bind-apply-helpers 41ms (cache miss)
1365 silly packumentCache full:https://registry.npmjs.org/call-bind-apply-helpers set size:undefined disposed:false
1366 silly fetch manifest es-define-property@^1.0.1
1367 silly packumentCache full:https://registry.npmjs.org/es-define-property cache-miss
1368 http fetch GET 200 https://registry.npmjs.org/call-bind-apply-helpers 45ms (cache miss)
1369 silly packumentCache full:https://registry.npmjs.org/call-bind-apply-helpers set size:undefined disposed:false
1370 silly fetch manifest es-set-tostringtag@^2.1.0
1371 silly packumentCache full:https://registry.npmjs.org/es-set-tostringtag cache-miss
1372 http fetch GET 200 https://registry.npmjs.org/data-view-buffer 48ms (cache miss)
1373 silly packumentCache full:https://registry.npmjs.org/data-view-buffer set size:undefined disposed:false
1374 silly fetch manifest es-to-primitive@^1.3.0
1375 silly packumentCache full:https://registry.npmjs.org/es-to-primitive cache-miss
1376 http fetch GET 200 https://registry.npmjs.org/has-property-descriptors 50ms (cache miss)
1377 silly packumentCache full:https://registry.npmjs.org/has-property-descriptors set size:undefined disposed:false
1378 silly fetch manifest function.prototype.name@^1.1.8
1379 silly packumentCache full:https://registry.npmjs.org/function.prototype.name cache-miss
1380 http fetch GET 200 https://registry.npmjs.org/es-define-property 52ms (cache miss)
1381 silly packumentCache full:https://registry.npmjs.org/es-define-property set size:undefined disposed:false
1382 silly fetch manifest get-proto@^1.0.1
1383 silly packumentCache full:https://registry.npmjs.org/get-proto cache-miss
1384 http fetch GET 200 https://registry.npmjs.org/arraybuffer.prototype.slice 51ms (cache miss)
1385 silly packumentCache full:https://registry.npmjs.org/arraybuffer.prototype.slice set size:undefined disposed:false
1386 silly fetch manifest get-symbol-description@^1.1.0
1387 silly packumentCache full:https://registry.npmjs.org/get-symbol-description cache-miss
1388 http fetch GET 200 https://registry.npmjs.org/set-function-length 52ms (cache miss)
1389 silly packumentCache full:https://registry.npmjs.org/set-function-length set size:undefined disposed:false
1390 silly fetch manifest globalthis@^1.0.4
1391 silly packumentCache full:https://registry.npmjs.org/globalthis cache-miss
1392 http fetch GET 200 https://registry.npmjs.org/data-view-byte-length 53ms (cache miss)
1393 silly packumentCache full:https://registry.npmjs.org/data-view-byte-length set size:undefined disposed:false
1394 silly fetch manifest gopd@^1.2.0
1395 silly packumentCache full:https://registry.npmjs.org/gopd cache-miss
1396 http fetch GET 200 https://registry.npmjs.org/define-data-property 55ms (cache miss)
1397 silly packumentCache full:https://registry.npmjs.org/define-data-property set size:undefined disposed:false
1398 silly fetch manifest has-property-descriptors@^1.0.2
1399 silly packumentCache full:https://registry.npmjs.org/has-property-descriptors cache-miss
1400 http cache https://registry.npmjs.org/has-property-descriptors 1ms (cache hit)
1401 silly packumentCache full:https://registry.npmjs.org/has-property-descriptors set size:12452 disposed:false
1402 silly fetch manifest has-proto@^1.2.0
1403 silly packumentCache full:https://registry.npmjs.org/has-proto cache-miss
1404 http fetch GET 200 https://registry.npmjs.org/es-define-property 52ms (cache miss)
1405 silly packumentCache full:https://registry.npmjs.org/es-define-property set size:undefined disposed:false
1406 silly fetch manifest has-symbols@^1.1.0
1407 silly packumentCache full:https://registry.npmjs.org/has-symbols cache-miss
1408 http fetch GET 200 https://registry.npmjs.org/data-view-byte-offset 56ms (cache miss)
1409 silly packumentCache full:https://registry.npmjs.org/data-view-byte-offset set size:undefined disposed:false
1410 silly fetch manifest internal-slot@^1.1.0
1411 silly packumentCache full:https://registry.npmjs.org/internal-slot cache-miss
1412 http fetch GET 200 https://registry.npmjs.org/es-set-tostringtag 50ms (cache miss)
1413 silly packumentCache full:https://registry.npmjs.org/es-set-tostringtag set size:undefined disposed:false
1414 silly fetch manifest is-array-buffer@^3.0.5
1415 silly packumentCache full:https://registry.npmjs.org/is-array-buffer cache-miss
1416 http fetch GET 200 https://registry.npmjs.org/get-symbol-description 46ms (cache miss)
1417 silly packumentCache full:https://registry.npmjs.org/get-symbol-description set size:undefined disposed:false
1418 silly fetch manifest is-callable@^1.2.7
1419 silly packumentCache full:https://registry.npmjs.org/is-callable cache-miss
1420 http fetch GET 200 https://registry.npmjs.org/get-proto 47ms (cache miss)
1421 silly packumentCache full:https://registry.npmjs.org/get-proto set size:undefined disposed:false
1422 silly fetch manifest is-data-view@^1.0.2
1423 silly packumentCache full:https://registry.npmjs.org/is-data-view cache-miss
1424 http fetch GET 200 https://registry.npmjs.org/gopd 46ms (cache miss)
1425 silly packumentCache full:https://registry.npmjs.org/gopd set size:undefined disposed:false
1426 silly fetch manifest is-negative-zero@^2.0.3
1427 silly packumentCache full:https://registry.npmjs.org/is-negative-zero cache-miss
1428 http fetch GET 200 https://registry.npmjs.org/function.prototype.name 52ms (cache miss)
1429 silly packumentCache full:https://registry.npmjs.org/function.prototype.name set size:undefined disposed:false
1430 silly fetch manifest is-regex@^1.2.1
1431 silly packumentCache full:https://registry.npmjs.org/is-regex cache-miss
1432 http fetch GET 200 https://registry.npmjs.org/es-to-primitive 53ms (cache miss)
1433 silly packumentCache full:https://registry.npmjs.org/es-to-primitive set size:undefined disposed:false
1434 silly fetch manifest is-set@^2.0.3
1435 silly packumentCache full:https://registry.npmjs.org/is-set cache-miss
1436 http fetch GET 200 https://registry.npmjs.org/globalthis 51ms (cache miss)
1437 silly packumentCache full:https://registry.npmjs.org/globalthis set size:undefined disposed:false
1438 silly fetch manifest is-shared-array-buffer@^1.0.4
1439 silly packumentCache full:https://registry.npmjs.org/is-shared-array-buffer cache-miss
1440 http fetch GET 200 https://registry.npmjs.org/has-proto 48ms (cache miss)
1441 silly packumentCache full:https://registry.npmjs.org/has-proto set size:undefined disposed:false
1442 silly fetch manifest is-typed-array@^1.1.15
1443 silly packumentCache full:https://registry.npmjs.org/is-typed-array cache-miss
1444 http fetch GET 200 https://registry.npmjs.org/has-symbols 35ms (cache miss)
1445 silly packumentCache full:https://registry.npmjs.org/has-symbols set size:undefined disposed:false
1446 silly fetch manifest is-weakref@^1.1.1
1447 silly packumentCache full:https://registry.npmjs.org/is-weakref cache-miss
1448 http fetch GET 200 https://registry.npmjs.org/internal-slot 35ms (cache miss)
1449 silly packumentCache full:https://registry.npmjs.org/internal-slot set size:undefined disposed:false
1450 silly fetch manifest object-inspect@^1.13.4
1451 silly packumentCache full:https://registry.npmjs.org/object-inspect cache-miss
1452 http fetch GET 200 https://registry.npmjs.org/is-negative-zero 31ms (cache miss)
1453 silly packumentCache full:https://registry.npmjs.org/is-negative-zero set size:undefined disposed:false
1454 silly fetch manifest object.assign@^4.1.7
1455 silly packumentCache full:https://registry.npmjs.org/object.assign cache-miss
1456 http fetch GET 200 https://registry.npmjs.org/is-data-view 34ms (cache miss)
1457 silly packumentCache full:https://registry.npmjs.org/is-data-view set size:undefined disposed:false
1458 silly fetch manifest own-keys@^1.0.1
1459 silly packumentCache full:https://registry.npmjs.org/own-keys cache-miss
1460 http fetch GET 200 https://registry.npmjs.org/is-shared-array-buffer 29ms (cache miss)
1461 silly packumentCache full:https://registry.npmjs.org/is-shared-array-buffer set size:undefined disposed:false
1462 silly fetch manifest regexp.prototype.flags@^1.5.4
1463 silly packumentCache full:https://registry.npmjs.org/regexp.prototype.flags cache-miss
1464 http fetch GET 200 https://registry.npmjs.org/is-set 32ms (cache miss)
1465 silly packumentCache full:https://registry.npmjs.org/is-set set size:undefined disposed:false
1466 silly fetch manifest safe-array-concat@^1.1.3
1467 silly packumentCache full:https://registry.npmjs.org/safe-array-concat cache-miss
1468 http fetch GET 200 https://registry.npmjs.org/is-regex 38ms (cache miss)
1469 silly packumentCache full:https://registry.npmjs.org/is-regex set size:undefined disposed:false
1470 silly fetch manifest safe-push-apply@^1.0.0
1471 silly packumentCache full:https://registry.npmjs.org/safe-push-apply cache-miss
1472 http fetch GET 200 https://registry.npmjs.org/is-callable 44ms (cache miss)
1473 silly packumentCache full:https://registry.npmjs.org/is-callable set size:undefined disposed:false
1474 silly fetch manifest safe-regex-test@^1.1.0
1475 silly packumentCache full:https://registry.npmjs.org/safe-regex-test cache-miss
1476 http cache https://registry.npmjs.org/safe-regex-test 1ms (cache hit)
1477 silly packumentCache full:https://registry.npmjs.org/safe-regex-test set size:17412 disposed:false
1478 silly fetch manifest set-proto@^1.0.0
1479 silly packumentCache full:https://registry.npmjs.org/set-proto cache-miss
1480 http fetch GET 200 https://registry.npmjs.org/own-keys 35ms (cache miss)
1481 silly packumentCache full:https://registry.npmjs.org/own-keys set size:undefined disposed:false
1482 silly fetch manifest stop-iteration-iterator@^1.1.0
1483 silly packumentCache full:https://registry.npmjs.org/stop-iteration-iterator cache-miss
1484 http fetch GET 200 https://registry.npmjs.org/is-weakref 39ms (cache miss)
1485 silly packumentCache full:https://registry.npmjs.org/is-weakref set size:undefined disposed:false
1486 silly fetch manifest string.prototype.trim@^1.2.10
1487 silly packumentCache full:https://registry.npmjs.org/string.prototype.trim cache-miss
1488 http fetch GET 200 https://registry.npmjs.org/safe-array-concat 36ms (cache miss)
1489 silly packumentCache full:https://registry.npmjs.org/safe-array-concat set size:undefined disposed:false
1490 silly fetch manifest string.prototype.trimstart@^1.0.8
1491 silly packumentCache full:https://registry.npmjs.org/string.prototype.trimstart cache-miss
1492 http fetch GET 200 https://registry.npmjs.org/safe-push-apply 38ms (cache miss)
1493 silly packumentCache full:https://registry.npmjs.org/safe-push-apply set size:undefined disposed:false
1494 silly fetch manifest typed-array-buffer@^1.0.3
1495 silly packumentCache full:https://registry.npmjs.org/typed-array-buffer cache-miss
1496 http fetch GET 200 https://registry.npmjs.org/object.assign 49ms (cache miss)
1497 silly packumentCache full:https://registry.npmjs.org/object.assign set size:undefined disposed:false
1498 silly fetch manifest typed-array-byte-length@^1.0.3
1499 silly packumentCache full:https://registry.npmjs.org/typed-array-byte-length cache-miss
1500 http fetch GET 200 https://registry.npmjs.org/object-inspect 99ms (cache miss)
1501 silly packumentCache full:https://registry.npmjs.org/object-inspect set size:undefined disposed:false
1502 silly fetch manifest typed-array-byte-offset@^1.0.4
1503 silly packumentCache full:https://registry.npmjs.org/typed-array-byte-offset cache-miss
1504 http fetch GET 200 https://registry.npmjs.org/set-proto 86ms (cache miss)
1505 silly packumentCache full:https://registry.npmjs.org/set-proto set size:undefined disposed:false
1506 silly fetch manifest typed-array-length@^1.0.7
1507 silly packumentCache full:https://registry.npmjs.org/typed-array-length cache-miss
1508 http fetch GET 200 https://registry.npmjs.org/stop-iteration-iterator 64ms (cache miss)
1509 silly packumentCache full:https://registry.npmjs.org/stop-iteration-iterator set size:undefined disposed:false
1510 silly fetch manifest unbox-primitive@^1.1.0
1511 silly packumentCache full:https://registry.npmjs.org/unbox-primitive cache-miss
1512 http fetch GET 200 https://registry.npmjs.org/regexp.prototype.flags 104ms (cache miss)
1513 silly packumentCache full:https://registry.npmjs.org/regexp.prototype.flags set size:undefined disposed:false
1514 silly fetch manifest which-typed-array@^1.1.19
1515 silly packumentCache full:https://registry.npmjs.org/which-typed-array cache-miss
1516 http fetch GET 200 https://registry.npmjs.org/string.prototype.trimstart 69ms (cache miss)
1517 silly packumentCache full:https://registry.npmjs.org/string.prototype.trimstart set size:undefined disposed:false
1518 silly fetch manifest has-tostringtag@^1.0.2
1519 silly packumentCache full:https://registry.npmjs.org/has-tostringtag cache-miss
1520 http fetch GET 200 https://registry.npmjs.org/string.prototype.trim 72ms (cache miss)
1521 silly packumentCache full:https://registry.npmjs.org/string.prototype.trim set size:undefined disposed:false
1522 http fetch GET 200 https://registry.npmjs.org/unbox-primitive 61ms (cache miss)
1523 silly packumentCache full:https://registry.npmjs.org/unbox-primitive set size:undefined disposed:false
1524 http fetch GET 200 https://registry.npmjs.org/typed-array-buffer 121ms (cache miss)
1525 silly packumentCache full:https://registry.npmjs.org/typed-array-buffer set size:undefined disposed:false
1526 http fetch GET 200 https://registry.npmjs.org/available-typed-arrays 299ms (cache miss)
1527 silly packumentCache full:https://registry.npmjs.org/available-typed-arrays set size:undefined disposed:false
1528 http fetch GET 200 https://registry.npmjs.org/has-tostringtag 62ms (cache miss)
1529 silly packumentCache full:https://registry.npmjs.org/has-tostringtag set size:undefined disposed:false
1530 http fetch GET 200 https://registry.npmjs.org/typed-array-byte-length 123ms (cache miss)
1531 silly packumentCache full:https://registry.npmjs.org/typed-array-byte-length set size:undefined disposed:false
1532 http fetch GET 200 https://registry.npmjs.org/typed-array-byte-offset 74ms (cache miss)
1533 silly packumentCache full:https://registry.npmjs.org/typed-array-byte-offset set size:undefined disposed:false
1534 http fetch GET 200 https://registry.npmjs.org/typed-array-length 74ms (cache miss)
1535 silly packumentCache full:https://registry.npmjs.org/typed-array-length set size:undefined disposed:false
1536 http fetch GET 200 https://registry.npmjs.org/which-typed-array 66ms (cache miss)
1537 silly packumentCache full:https://registry.npmjs.org/which-typed-array set size:undefined disposed:false
1538 http fetch GET 200 https://registry.npmjs.org/is-array-buffer 261ms (cache miss)
1539 silly packumentCache full:https://registry.npmjs.org/is-array-buffer set size:undefined disposed:false
1540 http fetch GET 200 https://registry.npmjs.org/is-typed-array 344ms (cache miss)
1541 silly packumentCache full:https://registry.npmjs.org/is-typed-array set size:undefined disposed:false
1542 silly placeDep ROOT es-errors@1.3.0 OK for: array.prototype.findlastindex@1.2.6 want: ^1.3.0
1543 silly placeDep ROOT es-shim-unscopables@1.1.0 OK for: array.prototype.findlastindex@1.2.6 want: ^1.1.0
1544 silly placeDep ROOT call-bind-apply-helpers@1.0.2 OK for: call-bind@1.0.9 want: ^1.0.2
1545 silly placeDep ROOT es-define-property@1.0.1 OK for: call-bind@1.0.9 want: ^1.0.1
1546 silly placeDep ROOT set-function-length@1.2.2 OK for: call-bind@1.0.9 want: ^1.2.2
1547 silly fetch manifest define-data-property@^1.1.4
1548 silly packumentCache full:https://registry.npmjs.org/define-data-property cache-miss
1549 silly fetch manifest gopd@^1.0.1
1550 silly packumentCache full:https://registry.npmjs.org/gopd cache-miss
1551 http cache https://registry.npmjs.org/define-data-property 2ms (cache hit)
1552 silly packumentCache full:https://registry.npmjs.org/define-data-property set size:28048 disposed:false
1553 http cache https://registry.npmjs.org/gopd 2ms (cache hit)
1554 silly packumentCache full:https://registry.npmjs.org/gopd set size:11483 disposed:false
1555 silly placeDep ROOT function-bind@1.1.2 OK for: call-bind-apply-helpers@1.0.2 want: ^1.1.2
1556 silly placeDep ROOT define-data-property@1.1.4 OK for: define-properties@1.2.1 want: ^1.0.1
1557 silly placeDep ROOT has-property-descriptors@1.0.2 OK for: define-properties@1.2.1 want: ^1.0.0
1558 silly placeDep ROOT object-keys@1.1.1 OK for: define-properties@1.2.1 want: ^1.1.1
1559 silly placeDep ROOT gopd@1.2.0 OK for: define-data-property@1.1.4 want: ^1.0.1
1560 silly placeDep ROOT array-buffer-byte-length@1.0.2 OK for: es-abstract@1.24.2 want: ^1.0.2
1561 silly placeDep ROOT arraybuffer.prototype.slice@1.0.4 OK for: es-abstract@1.24.2 want: ^1.0.4
1562 silly placeDep ROOT available-typed-arrays@1.0.7 OK for: es-abstract@1.24.2 want: ^1.0.7
1563 silly placeDep ROOT data-view-buffer@1.0.2 OK for: es-abstract@1.24.2 want: ^1.0.2
1564 silly placeDep ROOT data-view-byte-length@1.0.2 OK for: es-abstract@1.24.2 want: ^1.0.2
1565 silly placeDep ROOT data-view-byte-offset@1.0.1 OK for: es-abstract@1.24.2 want: ^1.0.1
1566 silly placeDep ROOT es-set-tostringtag@2.1.0 OK for: es-abstract@1.24.2 want: ^2.1.0
1567 silly placeDep ROOT es-to-primitive@1.3.4 OK for: es-abstract@1.24.2 want: ^1.3.0
1568 silly placeDep ROOT function.prototype.name@1.2.0 OK for: es-abstract@1.24.2 want: ^1.1.8
1569 silly placeDep ROOT get-proto@1.0.1 OK for: es-abstract@1.24.2 want: ^1.0.1
1570 silly placeDep ROOT get-symbol-description@1.1.0 OK for: es-abstract@1.24.2 want: ^1.1.0
1571 silly placeDep ROOT globalthis@1.0.4 OK for: es-abstract@1.24.2 want: ^1.0.4
1572 silly placeDep ROOT has-proto@1.2.0 OK for: es-abstract@1.24.2 want: ^1.2.0
1573 silly placeDep ROOT has-symbols@1.1.0 OK for: es-abstract@1.24.2 want: ^1.1.0
1574 silly placeDep ROOT internal-slot@1.1.0 OK for: es-abstract@1.24.2 want: ^1.1.0
1575 silly placeDep ROOT is-array-buffer@3.0.5 OK for: es-abstract@1.24.2 want: ^3.0.5
1576 silly placeDep ROOT is-callable@1.2.7 OK for: es-abstract@1.24.2 want: ^1.2.7
1577 silly placeDep ROOT is-data-view@1.0.2 OK for: es-abstract@1.24.2 want: ^1.0.2
1578 silly placeDep ROOT is-negative-zero@2.0.3 OK for: es-abstract@1.24.2 want: ^2.0.3
1579 silly placeDep ROOT is-regex@1.2.1 OK for: es-abstract@1.24.2 want: ^1.2.1
1580 silly placeDep ROOT is-set@2.0.3 OK for: es-abstract@1.24.2 want: ^2.0.3
1581 silly placeDep ROOT is-shared-array-buffer@1.0.4 OK for: es-abstract@1.24.2 want: ^1.0.4
1582 silly placeDep ROOT is-typed-array@1.1.15 OK for: es-abstract@1.24.2 want: ^1.1.15
1583 silly placeDep ROOT is-weakref@1.1.1 OK for: es-abstract@1.24.2 want: ^1.1.1
1584 silly placeDep ROOT object-inspect@1.13.4 OK for: es-abstract@1.24.2 want: ^1.13.4
1585 silly placeDep ROOT object.assign@4.1.7 OK for: es-abstract@1.24.2 want: ^4.1.7
1586 silly placeDep ROOT own-keys@1.0.2 OK for: es-abstract@1.24.2 want: ^1.0.1
1587 silly placeDep ROOT regexp.prototype.flags@1.5.4 OK for: es-abstract@1.24.2 want: ^1.5.4
1588 silly placeDep ROOT safe-array-concat@1.1.4 OK for: es-abstract@1.24.2 want: ^1.1.3
1589 silly placeDep ROOT safe-push-apply@1.0.0 OK for: es-abstract@1.24.2 want: ^1.0.0
1590 silly placeDep ROOT safe-regex-test@1.1.0 OK for: es-abstract@1.24.2 want: ^1.1.0
1591 silly placeDep ROOT set-proto@1.0.0 OK for: es-abstract@1.24.2 want: ^1.0.0
1592 silly placeDep ROOT stop-iteration-iterator@1.1.0 OK for: es-abstract@1.24.2 want: ^1.1.0
1593 silly placeDep ROOT string.prototype.trim@1.2.11 OK for: es-abstract@1.24.2 want: ^1.2.10
1594 silly placeDep ROOT string.prototype.trimstart@1.0.8 OK for: es-abstract@1.24.2 want: ^1.0.8
1595 silly placeDep ROOT typed-array-buffer@1.0.3 OK for: es-abstract@1.24.2 want: ^1.0.3
1596 silly placeDep ROOT typed-array-byte-length@1.0.3 OK for: es-abstract@1.24.2 want: ^1.0.3
1597 silly placeDep ROOT typed-array-byte-offset@1.0.4 OK for: es-abstract@1.24.2 want: ^1.0.4
1598 silly placeDep ROOT typed-array-length@1.0.8 OK for: es-abstract@1.24.2 want: ^1.0.7
1599 silly placeDep ROOT unbox-primitive@1.1.0 OK for: es-abstract@1.24.2 want: ^1.1.0
1600 silly placeDep ROOT which-typed-array@1.1.22 OK for: es-abstract@1.24.2 want: ^1.1.19
1601 silly fetch manifest is-array-buffer@^3.0.4
1602 silly packumentCache full:https://registry.npmjs.org/is-array-buffer cache-miss
1603 silly fetch manifest possible-typed-array-names@^1.0.0
1604 silly packumentCache full:https://registry.npmjs.org/possible-typed-array-names cache-miss
1605 silly fetch manifest is-data-view@^1.0.1
1606 silly packumentCache full:https://registry.npmjs.org/is-data-view cache-miss
1607 silly fetch manifest is-symbol@^1.1.1
1608 silly packumentCache full:https://registry.npmjs.org/is-symbol cache-miss
1609 silly fetch manifest is-date-object@^1.1.0
1610 silly packumentCache full:https://registry.npmjs.org/is-date-object cache-miss
1611 silly fetch manifest es-abstract-get@^1.0.0
1612 silly packumentCache full:https://registry.npmjs.org/es-abstract-get cache-miss
1613 silly fetch manifest is-document.all@^1.0.0
1614 silly packumentCache full:https://registry.npmjs.org/is-document.all cache-miss
1615 silly fetch manifest functions-have-names@^1.2.3
1616 silly packumentCache full:https://registry.npmjs.org/functions-have-names cache-miss
1617 silly fetch manifest dunder-proto@^1.0.1
1618 silly packumentCache full:https://registry.npmjs.org/dunder-proto cache-miss
1619 silly fetch manifest dunder-proto@^1.0.0
1620 silly packumentCache full:https://registry.npmjs.org/dunder-proto cache-miss
1621 silly fetch manifest side-channel@^1.1.0
1622 silly packumentCache full:https://registry.npmjs.org/side-channel cache-miss
1623 http cache https://registry.npmjs.org/is-array-buffer 5ms (cache hit)
1624 silly packumentCache full:https://registry.npmjs.org/is-array-buffer set size:33562 disposed:false
1625 silly fetch manifest is-typed-array@^1.1.13
1626 silly packumentCache full:https://registry.npmjs.org/is-typed-array cache-miss
1627 http cache https://registry.npmjs.org/is-data-view 5ms (cache hit)
1628 silly packumentCache full:https://registry.npmjs.org/is-data-view set size:13756 disposed:false
1629 silly fetch manifest which-typed-array@^1.1.16
1630 silly packumentCache full:https://registry.npmjs.org/which-typed-array cache-miss
1631 http cache https://registry.npmjs.org/which-typed-array 2ms (cache hit)
1632 silly packumentCache full:https://registry.npmjs.org/which-typed-array set size:101551 disposed:false
1633 silly fetch manifest set-function-name@^2.0.2
1634 silly packumentCache full:https://registry.npmjs.org/set-function-name cache-miss
1635 http cache https://registry.npmjs.org/is-typed-array 2ms (cache hit)
1636 silly packumentCache full:https://registry.npmjs.org/is-typed-array set size:79965 disposed:false
1637 silly fetch manifest isarray@^2.0.5
1638 silly packumentCache full:https://registry.npmjs.org/isarray cache-miss
1639 http fetch GET 200 https://registry.npmjs.org/possible-typed-array-names 156ms (cache miss)
1640 silly packumentCache full:https://registry.npmjs.org/possible-typed-array-names set size:undefined disposed:false
1641 silly fetch manifest isarray@^2.0.5
1642 silly packumentCache full:https://registry.npmjs.org/isarray cache-miss
1643 http fetch GET 200 https://registry.npmjs.org/es-abstract-get 165ms (cache miss)
1644 silly packumentCache full:https://registry.npmjs.org/es-abstract-get set size:undefined disposed:false
1645 silly fetch manifest dunder-proto@^1.0.1
1646 silly packumentCache full:https://registry.npmjs.org/dunder-proto cache-miss
1647 http fetch GET 200 https://registry.npmjs.org/functions-have-names 165ms (cache miss)
1648 silly packumentCache full:https://registry.npmjs.org/functions-have-names set size:undefined disposed:false
1649 silly fetch manifest for-each@^0.3.3
1650 silly packumentCache full:https://registry.npmjs.org/for-each cache-miss
1651 http fetch GET 200 https://registry.npmjs.org/is-document.all 167ms (cache miss)
1652 silly packumentCache full:https://registry.npmjs.org/is-document.all set size:undefined disposed:false
1653 silly fetch manifest for-each@^0.3.3
1654 silly packumentCache full:https://registry.npmjs.org/for-each cache-miss
1655 http fetch GET 200 https://registry.npmjs.org/is-date-object 168ms (cache miss)
1656 silly packumentCache full:https://registry.npmjs.org/is-date-object set size:undefined disposed:false
1657 silly fetch manifest reflect.getprototypeof@^1.0.9
1658 silly packumentCache full:https://registry.npmjs.org/reflect.getprototypeof cache-miss
1659 http fetch GET 200 https://registry.npmjs.org/is-symbol 168ms (cache miss)
1660 silly packumentCache full:https://registry.npmjs.org/is-symbol set size:undefined disposed:false
1661 silly fetch manifest for-each@^0.3.5
1662 silly packumentCache full:https://registry.npmjs.org/for-each cache-miss
1663 http fetch GET 200 https://registry.npmjs.org/dunder-proto 172ms (cache miss)
1664 silly packumentCache full:https://registry.npmjs.org/dunder-proto set size:undefined disposed:false
1665 silly fetch manifest possible-typed-array-names@^1.1.0
1666 silly packumentCache full:https://registry.npmjs.org/possible-typed-array-names cache-miss
1667 http fetch GET 200 https://registry.npmjs.org/set-function-name 167ms (cache miss)
1668 silly packumentCache full:https://registry.npmjs.org/set-function-name set size:undefined disposed:false
1669 silly fetch manifest reflect.getprototypeof@^1.0.10
1670 silly packumentCache full:https://registry.npmjs.org/reflect.getprototypeof cache-miss
1671 http fetch GET 200 https://registry.npmjs.org/dunder-proto 175ms (cache miss)
1672 silly packumentCache full:https://registry.npmjs.org/dunder-proto set size:undefined disposed:false
1673 silly fetch manifest has-bigints@^1.0.2
1674 silly packumentCache full:https://registry.npmjs.org/has-bigints cache-miss
1675 http cache https://registry.npmjs.org/possible-typed-array-names 5ms (cache hit)
1676 silly packumentCache full:https://registry.npmjs.org/possible-typed-array-names set size:9167 disposed:false
1677 silly fetch manifest which-boxed-primitive@^1.1.1
1678 silly packumentCache full:https://registry.npmjs.org/which-boxed-primitive cache-miss
1679 http fetch GET 200 https://registry.npmjs.org/side-channel 177ms (cache miss)
1680 silly packumentCache full:https://registry.npmjs.org/side-channel set size:undefined disposed:false
1681 silly fetch manifest for-each@^0.3.5
1682 silly packumentCache full:https://registry.npmjs.org/for-each cache-miss
1683 http fetch GET 200 https://registry.npmjs.org/isarray 172ms (cache miss)
1684 silly packumentCache full:https://registry.npmjs.org/isarray set size:undefined disposed:false
1685 http fetch GET 200 https://registry.npmjs.org/for-each 46ms (cache miss)
1686 silly packumentCache full:https://registry.npmjs.org/for-each set size:undefined disposed:false
1687 http fetch GET 200 https://registry.npmjs.org/for-each 49ms (cache miss)
1688 silly packumentCache full:https://registry.npmjs.org/for-each set size:undefined disposed:false
1689 http fetch GET 200 https://registry.npmjs.org/isarray 68ms (cache miss)
1690 silly packumentCache full:https://registry.npmjs.org/isarray set size:undefined disposed:false
1691 http fetch GET 200 https://registry.npmjs.org/for-each 58ms (cache miss)
1692 silly packumentCache full:https://registry.npmjs.org/for-each set size:undefined disposed:false
1693 http fetch GET 200 https://registry.npmjs.org/for-each 47ms (cache miss)
1694 silly packumentCache full:https://registry.npmjs.org/for-each set size:undefined disposed:false
1695 http fetch GET 200 https://registry.npmjs.org/has-bigints 51ms (cache miss)
1696 silly packumentCache full:https://registry.npmjs.org/has-bigints set size:undefined disposed:false
1697 http fetch GET 200 https://registry.npmjs.org/reflect.getprototypeof 59ms (cache miss)
1698 silly packumentCache full:https://registry.npmjs.org/reflect.getprototypeof set size:undefined disposed:false
1699 http fetch GET 200 https://registry.npmjs.org/reflect.getprototypeof 53ms (cache miss)
1700 silly packumentCache full:https://registry.npmjs.org/reflect.getprototypeof set size:undefined disposed:false
1701 http fetch GET 200 https://registry.npmjs.org/which-boxed-primitive 50ms (cache miss)
1702 silly packumentCache full:https://registry.npmjs.org/which-boxed-primitive set size:undefined disposed:false
1703 http fetch GET 200 https://registry.npmjs.org/dunder-proto 147ms (cache miss)
1704 silly packumentCache full:https://registry.npmjs.org/dunder-proto set size:undefined disposed:false
1705 silly placeDep ROOT possible-typed-array-names@1.1.0 OK for: available-typed-arrays@1.0.7 want: ^1.0.0
1706 silly placeDep ROOT has-tostringtag@1.0.2 OK for: es-set-tostringtag@2.1.0 want: ^1.0.2
1707 silly placeDep ROOT es-abstract-get@1.0.0 OK for: es-to-primitive@1.3.4 want: ^1.0.0
1708 silly placeDep ROOT is-date-object@1.1.0 OK for: es-to-primitive@1.3.4 want: ^1.1.0
1709 silly placeDep ROOT is-symbol@1.1.1 OK for: es-to-primitive@1.3.4 want: ^1.1.1
1710 silly placeDep node_modules/eslint-module-utils debug@3.2.7 OK for: eslint-module-utils@2.14.0 want: ^3.2.7
1711 silly placeDep ROOT aria-query@5.3.2 OK for: eslint-plugin-jsx-a11y@6.10.2 want: ^5.3.2
1712 silly placeDep ROOT ast-types-flow@0.0.8 OK for: eslint-plugin-jsx-a11y@6.10.2 want: ^0.0.8
1713 silly placeDep ROOT axe-core@4.13.0 OK for: eslint-plugin-jsx-a11y@6.10.2 want: ^4.10.0
1714 silly placeDep ROOT axobject-query@4.1.0 OK for: eslint-plugin-jsx-a11y@6.10.2 want: ^4.1.0
1715 silly placeDep ROOT damerau-levenshtein@1.0.8 OK for: eslint-plugin-jsx-a11y@6.10.2 want: ^1.0.8
1716 silly placeDep ROOT emoji-regex@9.2.2 OK for: eslint-plugin-jsx-a11y@6.10.2 want: ^9.2.2
1717 silly placeDep ROOT jsx-ast-utils@3.3.5 OK for: eslint-plugin-jsx-a11y@6.10.2 want: ^3.3.5
1718 silly placeDep ROOT language-tags@1.0.9 OK for: eslint-plugin-jsx-a11y@6.10.2 want: ^1.0.9
1719 silly placeDep ROOT string.prototype.includes@2.0.1 OK for: eslint-plugin-jsx-a11y@6.10.2 want: ^2.0.1
1720 silly fetch manifest language-subtag-registry@^0.3.20
1721 silly packumentCache full:https://registry.npmjs.org/language-subtag-registry cache-miss
1722 http fetch GET 200 https://registry.npmjs.org/language-subtag-registry 123ms (cache miss)
1723 silly packumentCache full:https://registry.npmjs.org/language-subtag-registry set size:undefined disposed:false
1724 silly placeDep ROOT array.prototype.findlast@1.2.5 OK for: eslint-plugin-react@7.37.5 want: ^1.2.5
1725 silly placeDep ROOT array.prototype.tosorted@1.1.4 OK for: eslint-plugin-react@7.37.5 want: ^1.1.4
1726 silly placeDep node_modules/eslint-plugin-react doctrine@2.1.0 OK for: eslint-plugin-react@7.37.5 want: ^2.1.0
1727 silly placeDep ROOT es-iterator-helpers@1.4.0 OK for: eslint-plugin-react@7.37.5 want: ^1.2.1
1728 silly placeDep ROOT estraverse@5.3.0 OK for: eslint-plugin-react@7.37.5 want: ^5.3.0
1729 silly placeDep ROOT object.entries@1.1.9 OK for: eslint-plugin-react@7.37.5 want: ^1.1.9
1730 silly placeDep ROOT prop-types@15.8.1 OK for: eslint-plugin-react@7.37.5 want: ^15.8.1
1731 silly placeDep node_modules/eslint-plugin-react semver@6.3.1 OK for: eslint-plugin-react@7.37.5 want: ^6.3.1
1732 silly placeDep ROOT string.prototype.matchall@4.0.12 OK for: eslint-plugin-react@7.37.5 want: ^4.0.12
1733 silly placeDep ROOT string.prototype.repeat@1.0.0 OK for: eslint-plugin-react@7.37.5 want: ^1.0.0
1734 silly fetch manifest iterator.prototype@^1.1.5
1735 silly packumentCache full:https://registry.npmjs.org/iterator.prototype cache-miss
1736 silly fetch manifest loose-envify@^1.4.0
1737 silly packumentCache full:https://registry.npmjs.org/loose-envify cache-miss
1738 silly fetch manifest object-assign@^4.1.1
1739 silly packumentCache full:https://registry.npmjs.org/object-assign cache-miss
1740 silly fetch manifest react-is@^16.13.1
1741 silly packumentCache full:https://registry.npmjs.org/react-is cache-miss
1742 http cache https://registry.npmjs.org/loose-envify 4ms (cache hit)
1743 silly packumentCache full:https://registry.npmjs.org/loose-envify set size:12559 disposed:false
1744 http fetch GET 200 https://registry.npmjs.org/iterator.prototype 31ms (cache miss)
1745 silly packumentCache full:https://registry.npmjs.org/iterator.prototype set size:undefined disposed:false
1746 http fetch GET 200 https://registry.npmjs.org/object-assign 32ms (cache miss)
1747 silly packumentCache full:https://registry.npmjs.org/object-assign set size:undefined disposed:false
1748 http fetch GET 200 https://registry.npmjs.org/react-is 1868ms (cache miss)
1749 silly packumentCache full:https://registry.npmjs.org/react-is set size:undefined disposed:false
1750 silly placeDep ROOT iterator.prototype@1.1.5 OK for: es-iterator-helpers@1.4.0 want: ^1.1.5
1751 silly placeDep ROOT esrecurse@4.3.0 OK for: eslint-scope@7.2.2 want: ^4.3.0
1752 silly placeDep ROOT acorn@8.18.0 OK for: espree@9.6.1 want: ^8.9.0
1753 silly placeDep ROOT acorn-jsx@5.3.2 OK for: espree@9.6.1 want: ^5.3.2
1754 silly placeDep ROOT reusify@1.1.0 OK for: fastq@1.20.1 want: ^1.0.4
1755 silly placeDep ROOT flat-cache@3.2.0 OK for: file-entry-cache@6.0.1 want: ^3.0.4
1756 silly fetch manifest keyv@^4.5.3
1757 silly packumentCache full:https://registry.npmjs.org/keyv cache-miss
1758 silly fetch manifest rimraf@^3.0.2
1759 silly packumentCache full:https://registry.npmjs.org/rimraf cache-miss
1760 silly fetch manifest flatted@^3.2.9
1761 silly packumentCache full:https://registry.npmjs.org/flatted cache-miss
1762 http fetch GET 200 https://registry.npmjs.org/keyv 93ms (cache miss)
1763 silly packumentCache full:https://registry.npmjs.org/keyv set size:undefined disposed:false
1764 http fetch GET 200 https://registry.npmjs.org/flatted 95ms (cache miss)
1765 silly packumentCache full:https://registry.npmjs.org/flatted set size:undefined disposed:false
1766 http fetch GET 200 https://registry.npmjs.org/rimraf 109ms (cache miss)
1767 silly packumentCache full:https://registry.npmjs.org/rimraf set size:undefined disposed:false
1768 silly placeDep ROOT locate-path@6.0.0 OK for: find-up@5.0.0 want: ^6.0.0
1769 silly placeDep ROOT path-exists@4.0.0 OK for: find-up@5.0.0 want: ^4.0.0
1770 silly fetch manifest p-locate@^5.0.0
1771 silly packumentCache full:https://registry.npmjs.org/p-locate cache-miss
1772 http fetch GET 200 https://registry.npmjs.org/p-locate 29ms (cache miss)
1773 silly packumentCache full:https://registry.npmjs.org/p-locate set size:undefined disposed:false
1774 silly placeDep ROOT flatted@3.4.4 OK for: flat-cache@3.2.0 want: ^3.2.9
1775 silly placeDep ROOT keyv@4.5.4 OK for: flat-cache@3.2.0 want: ^4.5.3
1776 silly placeDep ROOT rimraf@3.0.2 OK for: flat-cache@3.2.0 want: ^3.0.2
1777 silly fetch manifest json-buffer@3.0.1
1778 silly packumentCache full:https://registry.npmjs.org/json-buffer cache-miss
1779 silly fetch manifest glob@^7.1.3
1780 silly packumentCache full:https://registry.npmjs.org/glob cache-miss
1781 http cache https://registry.npmjs.org/glob 2ms (cache hit)
1782 silly packumentCache full:https://registry.npmjs.org/glob set size:469465 disposed:false
1783 http fetch GET 200 https://registry.npmjs.org/json-buffer 29ms (cache miss)
1784 silly packumentCache full:https://registry.npmjs.org/json-buffer set size:undefined disposed:false
1785 silly placeDep ROOT motion-dom@11.18.1 OK for: framer-motion@11.18.2 want: ^11.18.1
1786 silly placeDep ROOT motion-utils@11.18.1 OK for: framer-motion@11.18.2 want: ^11.18.1
1787 silly placeDep ROOT tslib@2.8.1 OK for: framer-motion@11.18.2 want: ^2.4.0
1788 silly placeDep ROOT functions-have-names@1.2.3 OK for: function.prototype.name@1.2.0 want: ^1.2.3
1789 silly placeDep ROOT is-document.all@1.0.0 OK for: function.prototype.name@1.2.0 want: ^1.0.0
1790 silly placeDep ROOT dunder-proto@1.0.1 OK for: get-proto@1.0.1 want: ^1.0.1
1791 silly placeDep ROOT resolve-pkg-maps@1.0.0 OK for: get-tsconfig@4.14.1 want: ^1.0.0
1792 silly placeDep ROOT foreground-child@3.3.1 OK for: glob@10.3.10 want: ^3.1.0
1793 silly placeDep ROOT jackspeak@2.3.6 OK for: glob@10.3.10 want: ^2.3.5
1794 silly placeDep node_modules/glob minimatch@9.0.9 OK for: glob@10.3.10 want: ^9.0.1
1795 silly placeDep ROOT minipass@7.1.3 OK for: glob@10.3.10 want: ^5.0.0 || ^6.0.2 || ^7.0.0
1796 silly placeDep ROOT path-scurry@1.11.1 OK for: glob@10.3.10 want: ^1.10.1
1797 silly fetch manifest signal-exit@^4.0.1
1798 silly packumentCache full:https://registry.npmjs.org/signal-exit cache-miss
1799 silly fetch manifest @isaacs/cliui@^8.0.2
1800 silly packumentCache full:https://registry.npmjs.org/@isaacs%2fcliui cache-miss
1801 silly fetch manifest @pkgjs/parseargs@^0.11.0
1802 silly packumentCache full:https://registry.npmjs.org/@pkgjs%2fparseargs cache-miss
1803 silly fetch manifest brace-expansion@^2.0.2
1804 silly packumentCache full:https://registry.npmjs.org/brace-expansion cache-hit
1805 silly fetch manifest lru-cache@^10.2.0
1806 silly packumentCache full:https://registry.npmjs.org/lru-cache cache-miss
1807 http fetch GET 200 https://registry.npmjs.org/@isaacs%2fcliui 43ms (cache miss)
1808 silly packumentCache full:https://registry.npmjs.org/@isaacs%2fcliui set size:undefined disposed:false
1809 http fetch GET 200 https://registry.npmjs.org/signal-exit 45ms (cache miss)
1810 silly packumentCache full:https://registry.npmjs.org/signal-exit set size:undefined disposed:false
1811 http fetch GET 200 https://registry.npmjs.org/@pkgjs%2fparseargs 208ms (cache miss)
1812 silly packumentCache full:https://registry.npmjs.org/@pkgjs%2fparseargs set size:undefined disposed:false
1813 http fetch GET 200 https://registry.npmjs.org/lru-cache 209ms (cache miss)
1814 silly packumentCache full:https://registry.npmjs.org/lru-cache set size:undefined disposed:false
1815 silly placeDep ROOT signal-exit@4.1.0 OK for: foreground-child@3.3.1 want: ^4.0.1
1816 silly placeDep ROOT type-fest@0.20.2 OK for: globals@13.24.0 want: ^0.20.2
1817 silly placeDep ROOT array-union@2.1.0 OK for: globby@11.1.0 want: ^2.1.0
1818 silly placeDep ROOT dir-glob@3.0.1 OK for: globby@11.1.0 want: ^3.0.1
1819 silly placeDep ROOT fast-glob@3.3.3 OK for: globby@11.1.0 want: ^3.2.9
1820 silly placeDep ROOT merge2@1.4.1 OK for: globby@11.1.0 want: ^1.4.1
1821 silly placeDep ROOT slash@3.0.0 OK for: globby@11.1.0 want: ^3.0.0
1822 silly fetch manifest path-type@^4.0.0
1823 silly packumentCache full:https://registry.npmjs.org/path-type cache-miss
1824 silly fetch manifest glob-parent@^5.1.2
1825 silly packumentCache full:https://registry.npmjs.org/glob-parent cache-miss
1826 silly fetch manifest merge2@^1.3.0
1827 silly packumentCache full:https://registry.npmjs.org/merge2 cache-miss
1828 http cache https://registry.npmjs.org/merge2 3ms (cache hit)
1829 silly packumentCache full:https://registry.npmjs.org/merge2 set size:46159 disposed:false
1830 http cache https://registry.npmjs.org/glob-parent 4ms (cache hit)
1831 silly packumentCache full:https://registry.npmjs.org/glob-parent set size:42445 disposed:false
1832 http fetch GET 200 https://registry.npmjs.org/path-type 23ms (cache miss)
1833 silly packumentCache full:https://registry.npmjs.org/path-type set size:undefined disposed:false
1834 silly placeDep ROOT path-type@4.0.0 OK for: dir-glob@3.0.1 want: ^4.0.0
1835 silly placeDep node_modules/fast-glob glob-parent@5.1.2 OK for: fast-glob@3.3.3 want: ^5.1.2
1836 silly placeDep ROOT micromatch@4.0.8 OK for: fast-glob@3.3.3 want: ^4.0.8
1837 silly fetch manifest braces@^3.0.3
1838 silly packumentCache full:https://registry.npmjs.org/braces cache-miss
1839 silly fetch manifest picomatch@^2.3.1
1840 silly packumentCache full:https://registry.npmjs.org/picomatch cache-miss
1841 http cache https://registry.npmjs.org/picomatch 2ms (cache hit)
1842 silly packumentCache full:https://registry.npmjs.org/picomatch set size:128942 disposed:false
1843 http fetch GET 200 https://registry.npmjs.org/braces 36ms (cache miss)
1844 silly packumentCache full:https://registry.npmjs.org/braces set size:undefined disposed:false
1845 silly placeDep ROOT parent-module@1.0.1 OK for: import-fresh@3.3.1 want: ^1.0.0
1846 silly placeDep ROOT resolve-from@4.0.0 OK for: import-fresh@3.3.1 want: ^4.0.0
1847 silly fetch manifest callsites@^3.0.0
1848 silly packumentCache full:https://registry.npmjs.org/callsites cache-miss
1849 http fetch GET 200 https://registry.npmjs.org/callsites 23ms (cache miss)
1850 silly packumentCache full:https://registry.npmjs.org/callsites set size:undefined disposed:false
1851 silly placeDep ROOT side-channel@1.1.1 OK for: internal-slot@1.1.0 want: ^1.1.0
1852 silly fetch manifest side-channel-list@^1.0.1
1853 silly packumentCache full:https://registry.npmjs.org/side-channel-list cache-miss
1854 silly fetch manifest side-channel-map@^1.0.1
1855 silly packumentCache full:https://registry.npmjs.org/side-channel-map cache-miss
1856 silly fetch manifest side-channel-weakmap@^1.0.2
1857 silly packumentCache full:https://registry.npmjs.org/side-channel-weakmap cache-miss
1858 http fetch GET 200 https://registry.npmjs.org/side-channel-map 42ms (cache miss)
1859 silly packumentCache full:https://registry.npmjs.org/side-channel-map set size:undefined disposed:false
1860 http fetch GET 200 https://registry.npmjs.org/side-channel-weakmap 43ms (cache miss)
1861 silly packumentCache full:https://registry.npmjs.org/side-channel-weakmap set size:undefined disposed:false
1862 http fetch GET 200 https://registry.npmjs.org/side-channel-list 45ms (cache miss)
1863 silly packumentCache full:https://registry.npmjs.org/side-channel-list set size:undefined disposed:false
1864 silly placeDep ROOT is-extglob@2.1.1 OK for: is-glob@4.0.3 want: ^2.1.1
1865 silly placeDep ROOT set-function-name@2.0.2 OK for: iterator.prototype@1.1.5 want: ^2.0.2
1866 silly placeDep ROOT @isaacs/cliui@8.0.2 OK for: jackspeak@2.3.6 want: ^8.0.2
1867 silly placeDep ROOT @pkgjs/parseargs@0.11.0 OK for: jackspeak@2.3.6 want: ^0.11.0
1868 silly fetch manifest wrap-ansi@^8.1.0
1869 silly packumentCache full:https://registry.npmjs.org/wrap-ansi cache-miss
1870 silly fetch manifest strip-ansi@^7.0.1
1871 silly packumentCache full:https://registry.npmjs.org/strip-ansi cache-miss
1872 silly fetch manifest string-width@^5.1.2
1873 silly packumentCache full:https://registry.npmjs.org/string-width cache-miss
1874 silly fetch manifest wrap-ansi-cjs@npm:wrap-ansi@^7.0.0
1875 silly packumentCache full:https://registry.npmjs.org/wrap-ansi cache-miss
1876 silly fetch manifest strip-ansi-cjs@npm:strip-ansi@^6.0.1
1877 silly packumentCache full:https://registry.npmjs.org/strip-ansi cache-miss
1878 silly fetch manifest string-width-cjs@npm:string-width@^4.2.0
1879 silly packumentCache full:https://registry.npmjs.org/string-width cache-miss
1880 http cache https://registry.npmjs.org/strip-ansi 2ms (cache hit)
1881 silly packumentCache full:https://registry.npmjs.org/strip-ansi set size:44998 disposed:false
1882 http cache https://registry.npmjs.org/strip-ansi 3ms (cache hit)
1883 silly packumentCache full:https://registry.npmjs.org/strip-ansi set size:44998 disposed:false
1884 silly packumentCache full:https://registry.npmjs.org/strip-ansi dispose
1885 http fetch GET 200 https://registry.npmjs.org/string-width 81ms (cache miss)
1886 silly packumentCache full:https://registry.npmjs.org/string-width set size:undefined disposed:false
1887 http fetch GET 200 https://registry.npmjs.org/string-width 82ms (cache miss)
1888 silly packumentCache full:https://registry.npmjs.org/string-width set size:undefined disposed:false
1889 http fetch GET 200 https://registry.npmjs.org/wrap-ansi 83ms (cache miss)
1890 silly packumentCache full:https://registry.npmjs.org/wrap-ansi set size:undefined disposed:false
1891 http fetch GET 200 https://registry.npmjs.org/wrap-ansi 83ms (cache miss)
1892 silly packumentCache full:https://registry.npmjs.org/wrap-ansi set size:undefined disposed:false
1893 silly placeDep ROOT string-width@5.1.2 OK for: @isaacs/cliui@8.0.2 want: ^5.1.2
1894 silly placeDep ROOT string-width-cjs@4.2.3 OK for: @isaacs/cliui@8.0.2 want: npm:string-width@^4.2.0
1895 silly placeDep node_modules/@isaacs/cliui strip-ansi@7.2.0 OK for: @isaacs/cliui@8.0.2 want: ^7.0.1
1896 silly placeDep ROOT strip-ansi-cjs@6.0.1 OK for: @isaacs/cliui@8.0.2 want: npm:strip-ansi@^6.0.1
1897 silly placeDep ROOT wrap-ansi@8.1.0 OK for: @isaacs/cliui@8.0.2 want: ^8.1.0
1898 silly placeDep ROOT wrap-ansi-cjs@7.0.0 OK for: @isaacs/cliui@8.0.2 want: npm:wrap-ansi@^7.0.0
1899 silly fetch manifest eastasianwidth@^0.2.0
1900 silly packumentCache full:https://registry.npmjs.org/eastasianwidth cache-miss
1901 silly fetch manifest emoji-regex@^8.0.0
1902 silly packumentCache full:https://registry.npmjs.org/emoji-regex cache-miss
1903 silly fetch manifest is-fullwidth-code-point@^3.0.0
1904 silly packumentCache full:https://registry.npmjs.org/is-fullwidth-code-point cache-miss
1905 silly fetch manifest ansi-regex@^6.2.2
1906 silly packumentCache full:https://registry.npmjs.org/ansi-regex cache-miss
1907 silly fetch manifest ansi-styles@^6.1.0
1908 silly packumentCache full:https://registry.npmjs.org/ansi-styles cache-miss
1909 silly fetch manifest string-width@^4.1.0
1910 silly packumentCache full:https://registry.npmjs.org/string-width cache-miss
1911 http cache https://registry.npmjs.org/emoji-regex 3ms (cache hit)
1912 silly packumentCache full:https://registry.npmjs.org/emoji-regex set size:89064 disposed:false
1913 http cache https://registry.npmjs.org/string-width 4ms (cache hit)
1914 silly packumentCache full:https://registry.npmjs.org/string-width set size:72458 disposed:false
1915 http cache https://registry.npmjs.org/ansi-regex 4ms (cache hit)
1916 silly packumentCache full:https://registry.npmjs.org/ansi-regex set size:43572 disposed:false
1917 http cache https://registry.npmjs.org/ansi-styles 5ms (cache hit)
1918 silly packumentCache full:https://registry.npmjs.org/ansi-styles set size:71772 disposed:false
1919 http fetch GET 200 https://registry.npmjs.org/is-fullwidth-code-point 25ms (cache miss)
1920 silly packumentCache full:https://registry.npmjs.org/is-fullwidth-code-point set size:undefined disposed:false
1921 http fetch GET 200 https://registry.npmjs.org/eastasianwidth 36ms (cache miss)
1922 silly packumentCache full:https://registry.npmjs.org/eastasianwidth set size:undefined disposed:false
1923 silly placeDep ROOT argparse@2.0.1 OK for: js-yaml@4.3.1 want: ^2.0.1
1924 silly placeDep ROOT json-buffer@3.0.1 OK for: keyv@4.5.4 want: 3.0.1
1925 silly placeDep ROOT language-subtag-registry@0.3.23 OK for: language-tags@1.0.9 want: ^0.3.20
1926 silly placeDep ROOT prelude-ls@1.2.1 OK for: levn@0.4.1 want: ^1.2.1
1927 silly placeDep ROOT type-check@0.4.0 OK for: levn@0.4.1 want: ~0.4.0
1928 silly placeDep ROOT p-locate@5.0.0 OK for: locate-path@6.0.0 want: ^5.0.0
1929 silly fetch manifest p-limit@^3.0.2
1930 silly packumentCache full:https://registry.npmjs.org/p-limit cache-miss
1931 http fetch GET 200 https://registry.npmjs.org/p-limit 32ms (cache miss)
1932 silly packumentCache full:https://registry.npmjs.org/p-limit set size:undefined disposed:false
1933 silly placeDep ROOT braces@3.0.3 OK for: micromatch@4.0.8 want: ^3.0.3
1934 silly placeDep ROOT picomatch@2.3.2 OK for: micromatch@4.0.8 want: ^2.3.1
1935 silly fetch manifest fill-range@^7.1.1
1936 silly packumentCache full:https://registry.npmjs.org/fill-range cache-miss
1937 http fetch GET 200 https://registry.npmjs.org/fill-range 35ms (cache miss)
1938 silly packumentCache full:https://registry.npmjs.org/fill-range set size:undefined disposed:false
1939 silly placeDep ROOT fill-range@7.1.1 OK for: braces@3.0.3 want: ^7.1.1
1940 silly fetch manifest to-regex-range@^5.0.1
1941 silly packumentCache full:https://registry.npmjs.org/to-regex-range cache-miss
1942 http fetch GET 200 https://registry.npmjs.org/to-regex-range 156ms (cache miss)
1943 silly packumentCache full:https://registry.npmjs.org/to-regex-range set size:undefined disposed:false
1944 silly placeDep ROOT to-regex-range@5.0.1 OK for: fill-range@7.1.1 want: ^5.0.1
1945 silly fetch manifest is-number@^7.0.0
1946 silly packumentCache full:https://registry.npmjs.org/is-number cache-miss
1947 http fetch GET 200 https://registry.npmjs.org/is-number 31ms (cache miss)
1948 silly packumentCache full:https://registry.npmjs.org/is-number set size:undefined disposed:false
1949 silly placeDep ROOT brace-expansion@1.1.18 OK for: minimatch@3.1.5 want: ^1.1.7
1950 silly fetch manifest concat-map@0.0.1
1951 silly packumentCache full:https://registry.npmjs.org/concat-map cache-miss
1952 silly fetch manifest balanced-match@^1.0.0
1953 silly packumentCache full:https://registry.npmjs.org/balanced-match cache-miss
1954 http fetch GET 200 https://registry.npmjs.org/balanced-match 83ms (cache miss)
1955 silly packumentCache full:https://registry.npmjs.org/balanced-match set size:undefined disposed:false
1956 http fetch GET 200 https://registry.npmjs.org/concat-map 84ms (cache miss)
1957 silly packumentCache full:https://registry.npmjs.org/concat-map set size:undefined disposed:false
1958 silly placeDep ROOT balanced-match@1.0.2 OK for: brace-expansion@1.1.18 want: ^1.0.0
1959 silly placeDep ROOT concat-map@0.0.1 OK for: brace-expansion@1.1.18 want: 0.0.1
1960 silly fetch manifest react@^18.2.0
1961 silly packumentCache full:https://registry.npmjs.org/react cache-miss
1962 http cache https://registry.npmjs.org/react 12ms (cache hit)
1963 silly packumentCache full:https://registry.npmjs.org/react set size:6878486 disposed:false
1964 silly placeDep ROOT @next/env@14.2.5 OK for: next@14.2.5 want: 14.2.5
1965 silly placeDep ROOT @next/swc-darwin-arm64@14.2.5 OK for: next@14.2.5 want: 14.2.5
1966 silly placeDep ROOT @next/swc-darwin-x64@14.2.5 OK for: next@14.2.5 want: 14.2.5
1967 silly placeDep ROOT @next/swc-linux-arm64-gnu@14.2.5 OK for: next@14.2.5 want: 14.2.5
1968 silly placeDep ROOT @next/swc-linux-arm64-musl@14.2.5 OK for: next@14.2.5 want: 14.2.5
1969 silly placeDep ROOT @next/swc-linux-x64-gnu@14.2.5 OK for: next@14.2.5 want: 14.2.5
1970 silly placeDep ROOT @next/swc-linux-x64-musl@14.2.5 OK for: next@14.2.5 want: 14.2.5
1971 silly placeDep ROOT @next/swc-win32-arm64-msvc@14.2.5 OK for: next@14.2.5 want: 14.2.5
1972 silly placeDep ROOT @next/swc-win32-ia32-msvc@14.2.5 OK for: next@14.2.5 want: 14.2.5
1973 silly placeDep ROOT @next/swc-win32-x64-msvc@14.2.5 OK for: next@14.2.5 want: 14.2.5
1974 silly placeDep ROOT @swc/helpers@0.5.5 OK for: next@14.2.5 want: 0.5.5
1975 silly placeDep ROOT busboy@1.6.0 OK for: next@14.2.5 want: 1.6.0
1976 silly placeDep ROOT graceful-fs@4.2.11 OK for: next@14.2.5 want: ^4.2.11
1977 silly placeDep node_modules/next postcss@8.4.31 OK for: next@14.2.5 want: 8.4.31
1978 silly placeDep ROOT styled-jsx@5.1.1 OK for: next@14.2.5 want: 5.1.1
1979 silly fetch manifest @swc/counter@^0.1.3
1980 silly packumentCache full:https://registry.npmjs.org/@swc%2fcounter cache-miss
1981 silly fetch manifest streamsearch@^1.1.0
1982 silly packumentCache full:https://registry.npmjs.org/streamsearch cache-miss
1983 silly fetch manifest nanoid@^3.3.6
1984 silly packumentCache full:https://registry.npmjs.org/nanoid cache-miss
1985 silly fetch manifest source-map-js@^1.0.2
1986 silly packumentCache full:https://registry.npmjs.org/source-map-js cache-miss
1987 silly fetch manifest client-only@0.0.1
1988 silly packumentCache full:https://registry.npmjs.org/client-only cache-miss
1989 http cache https://registry.npmjs.org/source-map-js 4ms (cache hit)
1990 silly packumentCache full:https://registry.npmjs.org/source-map-js set size:62640 disposed:false
1991 http cache https://registry.npmjs.org/nanoid 7ms (cache hit)
1992 silly packumentCache full:https://registry.npmjs.org/nanoid set size:342705 disposed:false
1993 http fetch GET 200 https://registry.npmjs.org/client-only 32ms (cache miss)
1994 silly packumentCache full:https://registry.npmjs.org/client-only set size:undefined disposed:false
1995 http fetch GET 200 https://registry.npmjs.org/streamsearch 38ms (cache miss)
1996 silly packumentCache full:https://registry.npmjs.org/streamsearch set size:undefined disposed:false
1997 http fetch GET 200 https://registry.npmjs.org/@swc%2fcounter 49ms (cache miss)
1998 silly packumentCache full:https://registry.npmjs.org/@swc%2fcounter set size:undefined disposed:false
1999 silly placeDep ROOT @swc/counter@0.1.3 OK for: @swc/helpers@0.5.5 want: ^0.1.3
2000 silly placeDep ROOT streamsearch@1.1.0 OK for: busboy@1.6.0 want: ^1.1.0
2001 silly placeDep ROOT deep-is@0.1.4 OK for: optionator@0.9.4 want: ^0.1.3
2002 silly placeDep ROOT fast-levenshtein@2.0.6 OK for: optionator@0.9.4 want: ^2.0.6
2003 silly placeDep ROOT word-wrap@1.2.5 OK for: optionator@0.9.4 want: ^1.2.5
2004 silly placeDep ROOT p-limit@3.1.0 OK for: p-locate@5.0.0 want: ^3.0.2
2005 silly fetch manifest yocto-queue@^0.1.0
2006 silly packumentCache full:https://registry.npmjs.org/yocto-queue cache-miss
2007 http fetch GET 200 https://registry.npmjs.org/yocto-queue 24ms (cache miss)
2008 silly packumentCache full:https://registry.npmjs.org/yocto-queue set size:undefined disposed:false
2009 silly placeDep ROOT yocto-queue@0.1.0 OK for: p-limit@3.1.0 want: ^0.1.0
2010 silly placeDep ROOT callsites@3.1.0 OK for: parent-module@1.0.1 want: ^3.0.0
2011 silly placeDep ROOT lru-cache@10.4.3 OK for: path-scurry@1.11.1 want: ^10.2.0
2012 silly placeDep ROOT nanoid@3.3.18 OK for: postcss@8.5.26 want: ^3.3.17
2013 silly placeDep ROOT source-map-js@1.2.1 OK for: postcss@8.5.26 want: ^1.2.1
2014 silly placeDep ROOT loose-envify@1.4.0 OK for: prop-types@15.8.1 want: ^1.4.0
2015 silly placeDep ROOT object-assign@4.1.1 OK for: prop-types@15.8.1 want: ^4.1.1
2016 silly placeDep ROOT react-is@16.13.1 OK for: prop-types@15.8.1 want: ^16.13.1
2017 silly fetch manifest js-tokens@^3.0.0 || ^4.0.0
2018 silly packumentCache full:https://registry.npmjs.org/js-tokens cache-miss
2019 http fetch GET 200 https://registry.npmjs.org/js-tokens 334ms (cache miss)
2020 silly packumentCache full:https://registry.npmjs.org/js-tokens set size:undefined disposed:false
2021 silly placeDep ROOT js-tokens@4.0.0 OK for: loose-envify@1.4.0 want: ^3.0.0 || ^4.0.0
2022 silly placeDep ROOT scheduler@0.23.2 OK for: react-dom@18.3.1 want: ^0.23.2
2023 silly placeDep ROOT node-exports-info@1.6.2 OK for: resolve@2.0.0-next.7 want: ^1.6.0
2024 silly placeDep ROOT path-parse@1.0.7 OK for: resolve@2.0.0-next.7 want: ^1.0.7
2025 silly placeDep ROOT supports-preserve-symlinks-flag@1.0.0 OK for: resolve@2.0.0-next.7 want: ^1.0.0
2026 silly placeDep node_modules/node-exports-info semver@6.3.1 OK for: node-exports-info@1.6.2 want: ^6.3.1
2027 silly placeDep node_modules/rimraf glob@7.2.3 OK for: rimraf@3.0.2 want: ^7.1.3
2028 silly fetch manifest once@^1.3.0
2029 silly packumentCache full:https://registry.npmjs.org/once cache-miss
2030 silly fetch manifest inflight@^1.0.4
2031 silly packumentCache full:https://registry.npmjs.org/inflight cache-miss
2032 silly fetch manifest inherits@2
2033 silly packumentCache full:https://registry.npmjs.org/inherits cache-miss
2034 silly fetch manifest fs.realpath@^1.0.0
2035 silly packumentCache full:https://registry.npmjs.org/fs.realpath cache-miss
2036 silly fetch manifest path-is-absolute@^1.0.0
2037 silly packumentCache full:https://registry.npmjs.org/path-is-absolute cache-miss
2038 http fetch GET 200 https://registry.npmjs.org/fs.realpath 27ms (cache miss)
2039 silly packumentCache full:https://registry.npmjs.org/fs.realpath set size:undefined disposed:false
2040 http fetch GET 200 https://registry.npmjs.org/path-is-absolute 37ms (cache miss)
2041 silly packumentCache full:https://registry.npmjs.org/path-is-absolute set size:undefined disposed:false
2042 http fetch GET 200 https://registry.npmjs.org/inflight 39ms (cache miss)
2043 silly packumentCache full:https://registry.npmjs.org/inflight set size:undefined disposed:false
2044 http fetch GET 200 https://registry.npmjs.org/inherits 39ms (cache miss)
2045 silly packumentCache full:https://registry.npmjs.org/inherits set size:undefined disposed:false
2046 http fetch GET 200 https://registry.npmjs.org/once 40ms (cache miss)
2047 silly packumentCache full:https://registry.npmjs.org/once set size:undefined disposed:false
2048 silly placeDep ROOT queue-microtask@1.2.3 OK for: run-parallel@1.2.0 want: ^1.2.2
2049 silly placeDep ROOT isarray@2.0.5 OK for: safe-array-concat@1.1.4 want: ^2.0.5
2050 silly placeDep ROOT shebang-regex@3.0.0 OK for: shebang-command@2.0.0 want: ^3.0.0
2051 silly placeDep ROOT side-channel-list@1.0.1 OK for: side-channel@1.1.1 want: ^1.0.1
2052 silly placeDep ROOT side-channel-map@1.0.1 OK for: side-channel@1.1.1 want: ^1.0.1
2053 silly placeDep ROOT side-channel-weakmap@1.0.2 OK for: side-channel@1.1.1 want: ^1.0.2
2054 silly placeDep ROOT eastasianwidth@0.2.0 OK for: string-width@5.1.2 want: ^0.2.0
2055 silly placeDep node_modules/string-width strip-ansi@7.2.0 OK for: string-width@5.1.2 want: ^7.0.1
2056 silly placeDep node_modules/string-width-cjs emoji-regex@8.0.0 OK for: string-width@4.2.3 want: ^8.0.0
2057 silly placeDep ROOT is-fullwidth-code-point@3.0.0 OK for: string-width@4.2.3 want: ^3.0.0
2058 silly placeDep ROOT ansi-regex@5.0.1 OK for: strip-ansi@6.0.1 want: ^5.0.1
2059 silly placeDep ROOT client-only@0.0.1 OK for: styled-jsx@5.1.1 want: 0.0.1
2060 silly placeDep ROOT has-flag@4.0.0 OK for: supports-color@7.2.0 want: ^4.0.0
2061 silly fetch manifest postcss@^8.4.47
2062 silly packumentCache full:https://registry.npmjs.org/postcss cache-hit
2063 silly fetch manifest tsx@^4.8.1
2064 silly packumentCache full:https://registry.npmjs.org/tsx cache-miss
2065 http fetch GET 200 https://registry.npmjs.org/tsx 81ms (cache miss)
2066 silly packumentCache full:https://registry.npmjs.org/tsx set size:undefined disposed:false
2067 silly fetch manifest yaml@^2.4.2
2068 silly packumentCache full:https://registry.npmjs.org/yaml cache-miss
2069 http fetch GET 200 https://registry.npmjs.org/yaml 458ms (cache miss)
2070 silly packumentCache full:https://registry.npmjs.org/yaml set size:undefined disposed:false
2071 silly placeDep ROOT @alloc/quick-lru@5.2.0 OK for: tailwindcss@3.4.19 want: ^5.2.0
2072 silly placeDep ROOT arg@5.0.2 OK for: tailwindcss@3.4.19 want: ^5.0.2
2073 silly placeDep ROOT chokidar@3.6.0 OK for: tailwindcss@3.4.19 want: ^3.6.0
2074 silly placeDep ROOT didyoumean@1.2.2 OK for: tailwindcss@3.4.19 want: ^1.2.2
2075 silly placeDep ROOT dlv@1.1.3 OK for: tailwindcss@3.4.19 want: ^1.1.3
2076 silly placeDep ROOT jiti@1.21.7 OK for: tailwindcss@3.4.19 want: ^1.21.7
2077 silly placeDep ROOT lilconfig@3.1.3 OK for: tailwindcss@3.4.19 want: ^3.1.3
2078 silly placeDep ROOT normalize-path@3.0.0 OK for: tailwindcss@3.4.19 want: ^3.0.0
2079 silly placeDep ROOT object-hash@3.0.0 OK for: tailwindcss@3.4.19 want: ^3.0.0
2080 silly placeDep ROOT postcss-import@15.1.0 OK for: tailwindcss@3.4.19 want: ^15.1.0
2081 silly placeDep ROOT postcss-js@4.1.0 OK for: tailwindcss@3.4.19 want: ^4.0.1
2082 silly placeDep ROOT postcss-load-config@6.0.1 OK for: tailwindcss@3.4.19 want: ^4.0.2 || ^5.0 || ^6.0
2083 silly placeDep ROOT postcss-nested@6.2.0 OK for: tailwindcss@3.4.19 want: ^6.2.0
2084 silly placeDep ROOT postcss-selector-parser@6.1.4 OK for: tailwindcss@3.4.19 want: ^6.1.2
2085 silly placeDep node_modules/tailwindcss resolve@1.22.12 OK for: tailwindcss@3.4.19 want: ^1.22.8
2086 silly placeDep ROOT sucrase@3.35.1 OK for: tailwindcss@3.4.19 want: ^3.35.0
2087 silly fetch manifest anymatch@~3.1.2
2088 silly packumentCache full:https://registry.npmjs.org/anymatch cache-miss
2089 silly fetch manifest readdirp@~3.6.0
2090 silly packumentCache full:https://registry.npmjs.org/readdirp cache-miss
2091 silly fetch manifest glob-parent@~5.1.2
2092 silly packumentCache full:https://registry.npmjs.org/glob-parent cache-hit
2093 silly fetch manifest is-binary-path@~2.1.0
2094 silly packumentCache full:https://registry.npmjs.org/is-binary-path cache-miss
2095 silly fetch manifest normalize-path@~3.0.0
2096 silly packumentCache full:https://registry.npmjs.org/normalize-path cache-miss
2097 silly fetch manifest fsevents@~2.3.2
2098 silly packumentCache full:https://registry.npmjs.org/fsevents cache-miss
2099 silly fetch manifest resolve@^1.1.7
2100 silly packumentCache full:https://registry.npmjs.org/resolve cache-hit
2101 silly fetch manifest read-cache@^1.0.0
2102 silly packumentCache full:https://registry.npmjs.org/read-cache cache-miss
2103 silly fetch manifest camelcase-css@^2.0.1
2104 silly packumentCache full:https://registry.npmjs.org/camelcase-css cache-miss
2105 silly fetch manifest postcss-selector-parser@^6.1.1
2106 silly packumentCache full:https://registry.npmjs.org/postcss-selector-parser cache-miss
2107 silly fetch manifest cssesc@^3.0.0
2108 silly packumentCache full:https://registry.npmjs.org/cssesc cache-miss
2109 silly fetch manifest util-deprecate@^1.0.2
2110 silly packumentCache full:https://registry.npmjs.org/util-deprecate cache-miss
2111 silly fetch manifest @jridgewell/gen-mapping@^0.3.2
2112 silly packumentCache full:https://registry.npmjs.org/@jridgewell%2fgen-mapping cache-miss
2113 http cache https://registry.npmjs.org/normalize-path 7ms (cache hit)
2114 silly packumentCache full:https://registry.npmjs.org/normalize-path set size:28713 disposed:false
2115 silly fetch manifest commander@^4.0.0
2116 silly packumentCache full:https://registry.npmjs.org/commander cache-miss
2117 http cache https://registry.npmjs.org/postcss-selector-parser 8ms (cache hit)
2118 silly packumentCache full:https://registry.npmjs.org/postcss-selector-parser set size:196939 disposed:false
2119 silly fetch manifest lines-and-columns@^1.1.6
2120 silly packumentCache full:https://registry.npmjs.org/lines-and-columns cache-miss
2121 http fetch GET 200 https://registry.npmjs.org/util-deprecate 169ms (cache miss)
2122 silly packumentCache full:https://registry.npmjs.org/util-deprecate set size:undefined disposed:false
2123 silly fetch manifest mz@^2.7.0
2124 silly packumentCache full:https://registry.npmjs.org/mz cache-miss
2125 http fetch GET 200 https://registry.npmjs.org/camelcase-css 171ms (cache miss)
2126 silly packumentCache full:https://registry.npmjs.org/camelcase-css set size:undefined disposed:false
2127 silly fetch manifest pirates@^4.0.1
2128 silly packumentCache full:https://registry.npmjs.org/pirates cache-miss
2129 http fetch GET 200 https://registry.npmjs.org/cssesc 172ms (cache miss)
2130 silly packumentCache full:https://registry.npmjs.org/cssesc set size:undefined disposed:false
2131 silly fetch manifest ts-interface-checker@^0.1.9
2132 silly packumentCache full:https://registry.npmjs.org/ts-interface-checker cache-miss
2133 http fetch GET 200 https://registry.npmjs.org/read-cache 173ms (cache miss)
2134 silly packumentCache full:https://registry.npmjs.org/read-cache set size:undefined disposed:false
2135 http fetch GET 200 https://registry.npmjs.org/is-binary-path 174ms (cache miss)
2136 silly packumentCache full:https://registry.npmjs.org/is-binary-path set size:undefined disposed:false
2137 http fetch GET 200 https://registry.npmjs.org/anymatch 181ms (cache miss)
2138 silly packumentCache full:https://registry.npmjs.org/anymatch set size:undefined disposed:false
2139 http fetch GET 200 https://registry.npmjs.org/lines-and-columns 189ms (cache miss)
2140 silly packumentCache full:https://registry.npmjs.org/lines-and-columns set size:undefined disposed:false
2141 http fetch GET 200 https://registry.npmjs.org/readdirp 200ms (cache miss)
2142 silly packumentCache full:https://registry.npmjs.org/readdirp set size:undefined disposed:false
2143 http fetch GET 200 https://registry.npmjs.org/@jridgewell%2fgen-mapping 198ms (cache miss)
2144 silly packumentCache full:https://registry.npmjs.org/@jridgewell%2fgen-mapping set size:undefined disposed:false
2145 http fetch GET 200 https://registry.npmjs.org/fsevents 266ms (cache miss)
2146 silly packumentCache full:https://registry.npmjs.org/fsevents set size:undefined disposed:false
2147 http fetch GET 200 https://registry.npmjs.org/ts-interface-checker 95ms (cache miss)
2148 silly packumentCache full:https://registry.npmjs.org/ts-interface-checker set size:undefined disposed:false
2149 http fetch GET 200 https://registry.npmjs.org/pirates 96ms (cache miss)
2150 silly packumentCache full:https://registry.npmjs.org/pirates set size:undefined disposed:false
2151 http fetch GET 200 https://registry.npmjs.org/mz 98ms (cache miss)
2152 silly packumentCache full:https://registry.npmjs.org/mz set size:undefined disposed:false
2153 http fetch GET 200 https://registry.npmjs.org/commander 263ms (cache miss)
2154 silly packumentCache full:https://registry.npmjs.org/commander set size:undefined disposed:false
2155 silly placeDep ROOT anymatch@3.1.3 OK for: chokidar@3.6.0 want: ~3.1.2
2156 silly placeDep ROOT fsevents@2.3.3 OK for: chokidar@3.6.0 want: ~2.3.2
2157 silly placeDep node_modules/chokidar glob-parent@5.1.2 OK for: chokidar@3.6.0 want: ~5.1.2
2158 silly placeDep ROOT is-binary-path@2.1.0 OK for: chokidar@3.6.0 want: ~2.1.0
2159 silly placeDep ROOT readdirp@3.6.0 OK for: chokidar@3.6.0 want: ~3.6.0
2160 silly fetch manifest binary-extensions@^2.0.0
2161 silly packumentCache full:https://registry.npmjs.org/binary-extensions cache-miss
2162 http fetch GET 200 https://registry.npmjs.org/binary-extensions 34ms (cache miss)
2163 silly packumentCache full:https://registry.npmjs.org/binary-extensions set size:undefined disposed:false
2164 silly placeDep ROOT binary-extensions@2.3.0 OK for: is-binary-path@2.1.0 want: ^2.0.0
2165 silly placeDep ROOT read-cache@1.0.0 OK for: postcss-import@15.1.0 want: ^1.0.0
2166 silly placeDep node_modules/postcss-import resolve@1.22.12 OK for: postcss-import@15.1.0 want: ^1.1.7
2167 silly fetch manifest pify@^2.3.0
2168 silly packumentCache full:https://registry.npmjs.org/pify cache-miss
2169 http fetch GET 200 https://registry.npmjs.org/pify 33ms (cache miss)
2170 silly packumentCache full:https://registry.npmjs.org/pify set size:undefined disposed:false
2171 silly placeDep ROOT camelcase-css@2.0.1 OK for: postcss-js@4.1.0 want: ^2.0.1
2172 silly placeDep ROOT cssesc@3.0.0 OK for: postcss-selector-parser@6.1.4 want: ^3.0.0
2173 silly placeDep ROOT util-deprecate@1.0.2 OK for: postcss-selector-parser@6.1.4 want: ^1.0.2
2174 silly placeDep ROOT pify@2.3.0 OK for: read-cache@1.0.0 want: ^2.3.0
2175 silly placeDep ROOT @jridgewell/gen-mapping@0.3.13 OK for: sucrase@3.35.1 want: ^0.3.2
2176 silly placeDep ROOT commander@4.1.1 OK for: sucrase@3.35.1 want: ^4.0.0
2177 silly placeDep ROOT lines-and-columns@1.2.4 OK for: sucrase@3.35.1 want: ^1.1.6
2178 silly placeDep ROOT mz@2.7.0 OK for: sucrase@3.35.1 want: ^2.7.0
2179 silly placeDep ROOT pirates@4.0.7 OK for: sucrase@3.35.1 want: ^4.0.1
2180 silly placeDep ROOT ts-interface-checker@0.1.13 OK for: sucrase@3.35.1 want: ^0.1.9
2181 silly fetch manifest @jridgewell/trace-mapping@^0.3.24
2182 silly packumentCache full:https://registry.npmjs.org/@jridgewell%2ftrace-mapping cache-miss
2183 silly fetch manifest @jridgewell/sourcemap-codec@^1.5.0
2184 silly packumentCache full:https://registry.npmjs.org/@jridgewell%2fsourcemap-codec cache-miss
2185 silly fetch manifest any-promise@^1.0.0
2186 silly packumentCache full:https://registry.npmjs.org/any-promise cache-miss
2187 silly fetch manifest thenify-all@^1.0.0
2188 silly packumentCache full:https://registry.npmjs.org/thenify-all cache-miss
2189 http fetch GET 200 https://registry.npmjs.org/thenify-all 25ms (cache miss)
2190 silly packumentCache full:https://registry.npmjs.org/thenify-all set size:undefined disposed:false
2191 http fetch GET 200 https://registry.npmjs.org/any-promise 36ms (cache miss)
2192 silly packumentCache full:https://registry.npmjs.org/any-promise set size:undefined disposed:false
2193 http fetch GET 200 https://registry.npmjs.org/@jridgewell%2fsourcemap-codec 49ms (cache miss)
2194 silly packumentCache full:https://registry.npmjs.org/@jridgewell%2fsourcemap-codec set size:undefined disposed:false
2195 http fetch GET 200 https://registry.npmjs.org/@jridgewell%2ftrace-mapping 69ms (cache miss)
2196 silly packumentCache full:https://registry.npmjs.org/@jridgewell%2ftrace-mapping set size:undefined disposed:false
2197 silly placeDep ROOT @jridgewell/sourcemap-codec@1.5.5 OK for: @jridgewell/gen-mapping@0.3.13 want: ^1.5.0
2198 silly placeDep ROOT @jridgewell/trace-mapping@0.3.31 OK for: @jridgewell/gen-mapping@0.3.13 want: ^0.3.24
2199 silly fetch manifest @jridgewell/resolve-uri@^3.1.0
2200 silly packumentCache full:https://registry.npmjs.org/@jridgewell%2fresolve-uri cache-miss
2201 http fetch GET 200 https://registry.npmjs.org/@jridgewell%2fresolve-uri 66ms (cache miss)
2202 silly packumentCache full:https://registry.npmjs.org/@jridgewell%2fresolve-uri set size:undefined disposed:false
2203 silly placeDep ROOT @jridgewell/resolve-uri@3.1.2 OK for: @jridgewell/trace-mapping@0.3.31 want: ^3.1.0
2204 silly placeDep ROOT any-promise@1.3.0 OK for: mz@2.7.0 want: ^1.0.0
2205 silly placeDep ROOT thenify-all@1.6.0 OK for: mz@2.7.0 want: ^1.0.0
2206 silly fetch manifest thenify@>= 3.1.0 < 4
2207 silly packumentCache full:https://registry.npmjs.org/thenify cache-miss
2208 http fetch GET 200 https://registry.npmjs.org/thenify 49ms (cache miss)
2209 silly packumentCache full:https://registry.npmjs.org/thenify set size:undefined disposed:false
2210 silly placeDep ROOT thenify@3.3.1 OK for: thenify-all@1.6.0 want: >= 3.1.0 < 4
2211 silly placeDep node_modules/tinyglobby fdir@6.5.0 OK for: tinyglobby@0.2.17 want: ^6.5.0
2212 silly placeDep node_modules/tinyglobby picomatch@4.0.5 OK for: fdir@6.5.0 want: ^3 || ^4
2213 silly placeDep ROOT is-number@7.0.0 OK for: to-regex-range@5.0.1 want: ^7.0.0
2214 silly placeDep ROOT @types/json5@0.0.29 OK for: tsconfig-paths@3.15.0 want: ^0.0.29
2215 silly placeDep ROOT json5@1.0.2 OK for: tsconfig-paths@3.15.0 want: ^1.0.2
2216 silly placeDep ROOT minimist@1.2.8 OK for: tsconfig-paths@3.15.0 want: ^1.2.6
2217 silly placeDep ROOT strip-bom@3.0.0 OK for: tsconfig-paths@3.15.0 want: ^3.0.0
2218 silly fetch manifest minimist@^1.2.0
2219 silly packumentCache full:https://registry.npmjs.org/minimist cache-miss
2220 http cache https://registry.npmjs.org/minimist 1ms (cache hit)
2221 silly packumentCache full:https://registry.npmjs.org/minimist set size:77063 disposed:false
2222 silly placeDep ROOT for-each@0.3.5 OK for: typed-array-byte-length@1.0.3 want: ^0.3.3
2223 silly placeDep ROOT reflect.getprototypeof@1.0.10 OK for: typed-array-byte-offset@1.0.4 want: ^1.0.9
2224 silly fetch manifest which-builtin-type@^1.2.1
2225 silly packumentCache full:https://registry.npmjs.org/which-builtin-type cache-miss
2226 http fetch GET 200 https://registry.npmjs.org/which-builtin-type 33ms (cache miss)
2227 silly packumentCache full:https://registry.npmjs.org/which-builtin-type set size:undefined disposed:false
2228 silly placeDep ROOT which-builtin-type@1.2.1 OK for: reflect.getprototypeof@1.0.10 want: ^1.2.1
2229 silly fetch manifest is-async-function@^2.0.0
2230 silly packumentCache full:https://registry.npmjs.org/is-async-function cache-miss
2231 silly fetch manifest is-finalizationregistry@^1.1.0
2232 silly packumentCache full:https://registry.npmjs.org/is-finalizationregistry cache-miss
2233 silly fetch manifest is-generator-function@^1.0.10
2234 silly packumentCache full:https://registry.npmjs.org/is-generator-function cache-miss
2235 silly fetch manifest which-boxed-primitive@^1.1.0
2236 silly packumentCache full:https://registry.npmjs.org/which-boxed-primitive cache-miss
2237 silly fetch manifest which-collection@^1.0.2
2238 silly packumentCache full:https://registry.npmjs.org/which-collection cache-miss
2239 http cache https://registry.npmjs.org/which-boxed-primitive 3ms (cache hit)
2240 silly packumentCache full:https://registry.npmjs.org/which-boxed-primitive set size:19407 disposed:false
2241 http fetch GET 200 https://registry.npmjs.org/which-collection 33ms (cache miss)
2242 silly packumentCache full:https://registry.npmjs.org/which-collection set size:undefined disposed:false
2243 http fetch GET 200 https://registry.npmjs.org/is-generator-function 34ms (cache miss)
2244 silly packumentCache full:https://registry.npmjs.org/is-generator-function set size:undefined disposed:false
2245 http fetch GET 200 https://registry.npmjs.org/is-async-function 36ms (cache miss)
2246 silly packumentCache full:https://registry.npmjs.org/is-async-function set size:undefined disposed:false
2247 http fetch GET 200 https://registry.npmjs.org/is-finalizationregistry 36ms (cache miss)
2248 silly packumentCache full:https://registry.npmjs.org/is-finalizationregistry set size:undefined disposed:false
2249 silly placeDep ROOT has-bigints@1.1.0 OK for: unbox-primitive@1.1.0 want: ^1.0.2
2250 silly placeDep ROOT which-boxed-primitive@1.1.1 OK for: unbox-primitive@1.1.0 want: ^1.1.1
2251 silly fetch manifest is-bigint@^1.1.0
2252 silly packumentCache full:https://registry.npmjs.org/is-bigint cache-miss
2253 silly fetch manifest is-boolean-object@^1.2.1
2254 silly packumentCache full:https://registry.npmjs.org/is-boolean-object cache-miss
2255 silly fetch manifest is-number-object@^1.1.1
2256 silly packumentCache full:https://registry.npmjs.org/is-number-object cache-miss
2257 http fetch GET 200 https://registry.npmjs.org/is-bigint 33ms (cache miss)
2258 silly packumentCache full:https://registry.npmjs.org/is-bigint set size:undefined disposed:false
2259 http fetch GET 200 https://registry.npmjs.org/is-boolean-object 33ms (cache miss)
2260 silly packumentCache full:https://registry.npmjs.org/is-boolean-object set size:undefined disposed:false
2261 http fetch GET 200 https://registry.npmjs.org/is-number-object 33ms (cache miss)
2262 silly packumentCache full:https://registry.npmjs.org/is-number-object set size:undefined disposed:false
2263 silly placeDep ROOT @unrs/resolver-binding-android-arm-eabi@1.12.2 OK for: unrs-resolver@1.12.2 want: 1.12.2
2264 silly placeDep ROOT @unrs/resolver-binding-android-arm64@1.12.2 OK for: unrs-resolver@1.12.2 want: 1.12.2
2265 silly placeDep ROOT @unrs/resolver-binding-darwin-arm64@1.12.2 OK for: unrs-resolver@1.12.2 want: 1.12.2
2266 silly placeDep ROOT @unrs/resolver-binding-darwin-x64@1.12.2 OK for: unrs-resolver@1.12.2 want: 1.12.2
2267 silly placeDep ROOT @unrs/resolver-binding-freebsd-x64@1.12.2 OK for: unrs-resolver@1.12.2 want: 1.12.2
2268 silly placeDep ROOT @unrs/resolver-binding-linux-arm-gnueabihf@1.12.2 OK for: unrs-resolver@1.12.2 want: 1.12.2
2269 silly placeDep ROOT @unrs/resolver-binding-linux-arm-musleabihf@1.12.2 OK for: unrs-resolver@1.12.2 want: 1.12.2
2270 silly placeDep ROOT @unrs/resolver-binding-linux-arm64-gnu@1.12.2 OK for: unrs-resolver@1.12.2 want: 1.12.2
2271 silly placeDep ROOT @unrs/resolver-binding-linux-arm64-musl@1.12.2 OK for: unrs-resolver@1.12.2 want: 1.12.2
2272 silly placeDep ROOT @unrs/resolver-binding-linux-loong64-gnu@1.12.2 OK for: unrs-resolver@1.12.2 want: 1.12.2
2273 silly placeDep ROOT @unrs/resolver-binding-linux-loong64-musl@1.12.2 OK for: unrs-resolver@1.12.2 want: 1.12.2
2274 silly placeDep ROOT @unrs/resolver-binding-linux-ppc64-gnu@1.12.2 OK for: unrs-resolver@1.12.2 want: 1.12.2
2275 silly placeDep ROOT @unrs/resolver-binding-linux-riscv64-gnu@1.12.2 OK for: unrs-resolver@1.12.2 want: 1.12.2
2276 silly placeDep ROOT @unrs/resolver-binding-linux-riscv64-musl@1.12.2 OK for: unrs-resolver@1.12.2 want: 1.12.2
2277 silly placeDep ROOT @unrs/resolver-binding-linux-s390x-gnu@1.12.2 OK for: unrs-resolver@1.12.2 want: 1.12.2
2278 silly placeDep ROOT @unrs/resolver-binding-linux-x64-gnu@1.12.2 OK for: unrs-resolver@1.12.2 want: 1.12.2
2279 silly placeDep ROOT @unrs/resolver-binding-linux-x64-musl@1.12.2 OK for: unrs-resolver@1.12.2 want: 1.12.2
2280 silly placeDep ROOT @unrs/resolver-binding-openharmony-arm64@1.12.2 OK for: unrs-resolver@1.12.2 want: 1.12.2
2281 silly placeDep ROOT @unrs/resolver-binding-wasm32-wasi@1.12.2 OK for: unrs-resolver@1.12.2 want: 1.12.2
2282 silly placeDep ROOT @unrs/resolver-binding-win32-arm64-msvc@1.12.2 OK for: unrs-resolver@1.12.2 want: 1.12.2
2283 silly placeDep ROOT @unrs/resolver-binding-win32-ia32-msvc@1.12.2 OK for: unrs-resolver@1.12.2 want: 1.12.2
2284 silly placeDep ROOT @unrs/resolver-binding-win32-x64-msvc@1.12.2 OK for: unrs-resolver@1.12.2 want: 1.12.2
2285 silly placeDep ROOT napi-postinstall@0.3.4 OK for: unrs-resolver@1.12.2 want: ^0.3.4
2286 silly fetch manifest @napi-rs/wasm-runtime@^1.1.4
2287 silly packumentCache full:https://registry.npmjs.org/@napi-rs%2fwasm-runtime cache-miss
2288 silly fetch manifest @emnapi/core@1.10.0
2289 silly packumentCache full:https://registry.npmjs.org/@emnapi%2fcore cache-miss
2290 silly fetch manifest @emnapi/runtime@1.10.0
2291 silly packumentCache full:https://registry.npmjs.org/@emnapi%2fruntime cache-miss
2292 http fetch GET 200 https://registry.npmjs.org/@napi-rs%2fwasm-runtime 51ms (cache miss)
2293 silly packumentCache full:https://registry.npmjs.org/@napi-rs%2fwasm-runtime set size:undefined disposed:false
2294 http fetch GET 200 https://registry.npmjs.org/@emnapi%2fruntime 52ms (cache miss)
2295 silly packumentCache full:https://registry.npmjs.org/@emnapi%2fruntime set size:undefined disposed:false
2296 http fetch GET 200 https://registry.npmjs.org/@emnapi%2fcore 124ms (cache miss)
2297 silly packumentCache full:https://registry.npmjs.org/@emnapi%2fcore set size:undefined disposed:false
2298 silly placeDep ROOT @emnapi/core@1.10.0 OK for: @unrs/resolver-binding-wasm32-wasi@1.12.2 want: 1.10.0
2299 silly placeDep ROOT @emnapi/runtime@1.10.0 OK for: @unrs/resolver-binding-wasm32-wasi@1.12.2 want: 1.10.0
2300 silly placeDep ROOT @napi-rs/wasm-runtime@1.2.2 OK for: @unrs/resolver-binding-wasm32-wasi@1.12.2 want: ^1.1.4
2301 silly fetch manifest @emnapi/wasi-threads@1.2.1
2302 silly packumentCache full:https://registry.npmjs.org/@emnapi%2fwasi-threads cache-miss
2303 silly fetch manifest @tybys/wasm-util@^0.10.3
2304 silly packumentCache full:https://registry.npmjs.org/@tybys%2fwasm-util cache-miss
2305 http fetch GET 200 https://registry.npmjs.org/@emnapi%2fwasi-threads 206ms (cache miss)
2306 silly packumentCache full:https://registry.npmjs.org/@emnapi%2fwasi-threads set size:undefined disposed:false
2307 http fetch GET 200 https://registry.npmjs.org/@tybys%2fwasm-util 207ms (cache miss)
2308 silly packumentCache full:https://registry.npmjs.org/@tybys%2fwasm-util set size:undefined disposed:false
2309 silly placeDep ROOT @emnapi/wasi-threads@1.2.1 OK for: @emnapi/core@1.10.0 want: 1.2.1
2310 silly placeDep ROOT @tybys/wasm-util@0.10.3 OK for: @napi-rs/wasm-runtime@1.2.2 want: ^0.10.3
2311 silly placeDep ROOT escalade@3.2.0 OK for: update-browserslist-db@1.3.1 want: ^3.2.0
2312 silly placeDep ROOT punycode@2.3.1 OK for: uri-js@4.4.1 want: ^2.1.0
2313 silly placeDep ROOT isexe@2.0.0 OK for: which@2.0.2 want: ^2.0.0
2314 silly placeDep ROOT is-bigint@1.1.0 OK for: which-boxed-primitive@1.1.1 want: ^1.1.0
2315 silly placeDep ROOT is-boolean-object@1.2.2 OK for: which-boxed-primitive@1.1.1 want: ^1.2.1
2316 silly placeDep ROOT is-number-object@1.1.1 OK for: which-boxed-primitive@1.1.1 want: ^1.1.1
2317 silly placeDep ROOT is-async-function@2.1.1 OK for: which-builtin-type@1.2.1 want: ^2.0.0
2318 silly placeDep ROOT is-finalizationregistry@1.1.1 OK for: which-builtin-type@1.2.1 want: ^1.1.0
2319 silly placeDep ROOT is-generator-function@1.1.2 OK for: which-builtin-type@1.2.1 want: ^1.0.10
2320 silly placeDep ROOT which-collection@1.0.2 OK for: which-builtin-type@1.2.1 want: ^1.0.2
2321 silly fetch manifest async-function@^1.0.0
2322 silly packumentCache full:https://registry.npmjs.org/async-function cache-miss
2323 silly fetch manifest generator-function@^2.0.0
2324 silly packumentCache full:https://registry.npmjs.org/generator-function cache-miss
2325 silly fetch manifest is-map@^2.0.3
2326 silly packumentCache full:https://registry.npmjs.org/is-map cache-miss
2327 silly fetch manifest is-weakmap@^2.0.2
2328 silly packumentCache full:https://registry.npmjs.org/is-weakmap cache-miss
2329 silly fetch manifest is-weakset@^2.0.3
2330 silly packumentCache full:https://registry.npmjs.org/is-weakset cache-miss
2331 http fetch GET 200 https://registry.npmjs.org/async-function 30ms (cache miss)
2332 silly packumentCache full:https://registry.npmjs.org/async-function set size:undefined disposed:false
2333 http fetch GET 200 https://registry.npmjs.org/generator-function 34ms (cache miss)
2334 silly packumentCache full:https://registry.npmjs.org/generator-function set size:undefined disposed:false
2335 http fetch GET 200 https://registry.npmjs.org/is-weakset 34ms (cache miss)
2336 silly packumentCache full:https://registry.npmjs.org/is-weakset set size:undefined disposed:false
2337 http fetch GET 200 https://registry.npmjs.org/is-weakmap 35ms (cache miss)
2338 silly packumentCache full:https://registry.npmjs.org/is-weakmap set size:undefined disposed:false
2339 http fetch GET 200 https://registry.npmjs.org/is-map 36ms (cache miss)
2340 silly packumentCache full:https://registry.npmjs.org/is-map set size:undefined disposed:false
2341 silly placeDep ROOT async-function@1.0.0 OK for: is-async-function@2.1.1 want: ^1.0.0
2342 silly placeDep ROOT generator-function@2.0.1 OK for: is-generator-function@1.1.2 want: ^2.0.0
2343 silly placeDep ROOT is-map@2.0.3 OK for: which-collection@1.0.2 want: ^2.0.3
2344 silly placeDep ROOT is-weakmap@2.0.2 OK for: which-collection@1.0.2 want: ^2.0.2
2345 silly placeDep ROOT is-weakset@2.0.4 OK for: which-collection@1.0.2 want: ^2.0.3
2346 silly placeDep node_modules/wrap-ansi ansi-styles@6.2.3 OK for: wrap-ansi@8.1.0 want: ^6.1.0
2347 silly placeDep node_modules/wrap-ansi strip-ansi@7.2.0 OK for: wrap-ansi@8.1.0 want: ^7.0.1
2348 silly placeDep node_modules/wrap-ansi-cjs string-width@4.2.3 OK for: wrap-ansi@7.0.0 want: ^4.1.0
2349 silly placeDep node_modules/@isaacs/cliui ansi-regex@6.2.2 OK for: strip-ansi@7.2.0 want: ^6.2.2
2350 silly placeDep node_modules/@typescript-eslint/typescript-estree brace-expansion@2.1.4 OK for: minimatch@9.0.3 want: ^2.0.1
2351 silly placeDep node_modules/glob brace-expansion@2.1.4 OK for: minimatch@9.0.9 want: ^2.0.2
2352 silly placeDep ROOT fs.realpath@1.0.0 OK for: glob@7.2.3 want: ^1.0.0
2353 silly placeDep ROOT inflight@1.0.6 OK for: glob@7.2.3 want: ^1.0.4
2354 silly placeDep ROOT inherits@2.0.4 OK for: glob@7.2.3 want: 2
2355 silly placeDep ROOT once@1.4.0 OK for: glob@7.2.3 want: ^1.3.0
2356 silly placeDep ROOT path-is-absolute@1.0.1 OK for: glob@7.2.3 want: ^1.0.0
2357 silly fetch manifest wrappy@1
2358 silly packumentCache full:https://registry.npmjs.org/wrappy cache-miss
2359 silly fetch manifest wrappy@1
2360 silly packumentCache full:https://registry.npmjs.org/wrappy cache-miss
2361 http fetch GET 200 https://registry.npmjs.org/wrappy 21ms (cache miss)
2362 silly packumentCache full:https://registry.npmjs.org/wrappy set size:undefined disposed:false
2363 http fetch GET 200 https://registry.npmjs.org/wrappy 21ms (cache miss)
2364 silly packumentCache full:https://registry.npmjs.org/wrappy set size:undefined disposed:false
2365 silly placeDep ROOT wrappy@1.0.2 OK for: inflight@1.0.6 want: 1
2366 silly placeDep node_modules/string-width ansi-regex@6.2.2 OK for: strip-ansi@7.2.0 want: ^6.2.2
2367 silly placeDep node_modules/wrap-ansi-cjs emoji-regex@8.0.0 OK for: string-width@4.2.3 want: ^8.0.0
2368 silly placeDep node_modules/wrap-ansi ansi-regex@6.2.2 OK for: strip-ansi@7.2.0 want: ^6.2.2
2369 silly reify moves {}
2370 silly audit bulk request {
2370 silly audit   autoprefixer: [ '10.5.4' ],
2370 silly audit   postcss: [ '8.5.26', '8.4.31' ],
2370 silly audit   eslint: [ '8.57.1' ],
2370 silly audit   'eslint-config-next': [ '14.2.5' ],
2370 silly audit   'framer-motion': [ '11.18.2' ],
2370 silly audit   next: [ '14.2.5' ],
2370 silly audit   react: [ '18.3.1' ],
2370 silly audit   'react-dom': [ '18.3.1' ],
2370 silly audit   tailwindcss: [ '3.4.19' ],
2370 silly audit   typescript: [ '5.9.3' ],
2370 silly audit   browserslist: [ '4.28.8' ],
2370 silly audit   'caniuse-lite': [ '1.0.30001809' ],
2370 silly audit   'fraction.js': [ '5.3.4' ],
2370 silly audit   picocolors: [ '1.1.1' ],
2370 silly audit   'postcss-value-parser': [ '4.2.0' ],
2370 silly audit   'baseline-browser-mapping': [ '2.11.13' ],
2370 silly audit   'electron-to-chromium': [ '1.5.404' ],
2370 silly audit   'node-releases': [ '2.0.53' ],
2370 silly audit   'update-browserslist-db': [ '1.3.1' ],
2370 silly audit   '@eslint-community/eslint-utils': [ '4.10.1' ],
2370 silly audit   '@eslint-community/regexpp': [ '4.12.2' ],
2370 silly audit   '@eslint/eslintrc': [ '2.1.4' ],
2370 silly audit   '@eslint/js': [ '8.57.1' ],
2370 silly audit   '@humanwhocodes/config-array': [ '0.13.0' ],
2370 silly audit   '@humanwhocodes/module-importer': [ '1.0.1' ],
2370 silly audit   '@nodelib/fs.walk': [ '1.2.8' ],
2370 silly audit   '@ungap/structured-clone': [ '1.3.3' ],
2370 silly audit   ajv: [ '6.15.0' ],
2370 silly audit   chalk: [ '4.1.2' ],
2370 silly audit   'cross-spawn': [ '7.0.6' ],
2370 silly audit   debug: [ '4.4.3', '3.2.7' ],
2370 silly audit   doctrine: [ '3.0.0', '2.1.0' ],
2370 silly audit   'escape-string-regexp': [ '4.0.0' ],
2370 silly audit   'eslint-scope': [ '7.2.2' ],
2370 silly audit   'eslint-visitor-keys': [ '3.4.3' ],
2370 silly audit   espree: [ '9.6.1' ],
2370 silly audit   esquery: [ '1.7.0' ],
2370 silly audit   esutils: [ '2.0.3' ],
2370 silly audit   'fast-deep-equal': [ '3.1.3' ],
2370 silly audit   'file-entry-cache': [ '6.0.1' ],
2370 silly audit   'find-up': [ '5.0.0' ],
2370 silly audit   'glob-parent': [ '6.0.2', '5.1.2' ],
2370 silly audit   globals: [ '13.24.0' ],
2370 silly audit   graphemer: [ '1.4.0' ],
2370 silly audit   ignore: [ '5.3.2' ],
2370 silly audit   imurmurhash: [ '0.1.4' ],
2370 silly audit   'is-glob': [ '4.0.3' ],
2370 silly audit   'is-path-inside': [ '3.0.3' ],
2370 silly audit   'js-yaml': [ '4.3.1' ],
2370 silly audit   'json-stable-stringify-without-jsonify': [ '1.0.1' ],
2370 silly audit   levn: [ '0.4.1' ],
2370 silly audit   'lodash.merge': [ '4.6.2' ],
2370 silly audit   minimatch: [ '3.1.5', '9.0.3', '9.0.9' ],
2370 silly audit   'natural-compare': [ '1.4.0' ],
2370 silly audit   optionator: [ '0.9.4' ],
2370 silly audit   'strip-ansi': [ '6.0.1', '7.2.0' ],
2370 silly audit   'text-table': [ '0.2.0' ],
2370 silly audit   'import-fresh': [ '3.3.1' ],
2370 silly audit   'strip-json-comments': [ '3.1.1' ],
2370 silly audit   '@humanwhocodes/object-schema': [ '2.0.3' ],
2370 silly audit   '@nodelib/fs.scandir': [ '2.1.5' ],
2370 silly audit   fastq: [ '1.20.1' ],
2370 silly audit   '@nodelib/fs.stat': [ '2.0.5' ],
2370 silly audit   'run-parallel': [ '1.2.0' ],
2370 silly audit   'fast-json-stable-stringify': [ '2.1.0' ],
2370 silly audit   'json-schema-traverse': [ '0.4.1' ],
2370 silly audit   'uri-js': [ '4.4.1' ],
2370 silly audit   'ansi-styles': [ '4.3.0', '6.2.3' ],
2370 silly audit   'supports-color': [ '7.2.0' ],
2370 silly audit   'color-convert': [ '2.0.1' ],
2370 silly audit   'color-name': [ '1.1.4' ],
2370 silly audit   'path-key': [ '3.1.1' ],
2370 silly audit   'shebang-command': [ '2.0.0' ],
2370 silly audit   which: [ '2.0.2' ],
2370 silly audit   ms: [ '2.1.3' ],
2370 silly audit   '@next/eslint-plugin-next': [ '14.2.5' ],
2370 silly audit   '@rushstack/eslint-patch': [ '1.16.1' ],
2370 silly audit   '@typescript-eslint/parser': [ '7.2.0' ],
2370 silly audit   'eslint-import-resolver-node': [ '0.3.10' ],
2370 silly audit   'eslint-import-resolver-typescript': [ '3.10.1' ],
2370 silly audit   'eslint-plugin-import': [ '2.32.0' ],
2370 silly audit   'eslint-plugin-jsx-a11y': [ '6.10.2' ],
2370 silly audit   'eslint-plugin-react': [ '7.37.5' ],
2370 silly audit   'eslint-plugin-react-hooks': [ '5.0.0-canary-7118f5dd7-20230705' ],
2370 silly audit   glob: [ '10.3.10', '7.2.3' ],
2370 silly audit   '@typescript-eslint/scope-manager': [ '7.2.0' ],
2370 silly audit   '@typescript-eslint/types': [ '7.2.0' ],
2370 silly audit   '@typescript-eslint/typescript-estree': [ '7.2.0' ],
2370 silly audit   '@typescript-eslint/visitor-keys': [ '7.2.0' ],
2370 silly audit   globby: [ '11.1.0' ],
2370 silly audit   semver: [ '7.8.5', '6.3.1' ],
2370 silly audit   'ts-api-utils': [ '1.4.3' ],
2370 silly audit   'is-core-module': [ '2.16.2' ],
2370 silly audit   resolve: [ '2.0.0-next.7', '1.22.12' ],
2370 silly audit   '@nolyfill/is-core-module': [ '1.0.39' ],
2370 silly audit   'get-tsconfig': [ '4.14.1' ],
2370 silly audit   'is-bun-module': [ '2.0.0' ],
2370 silly audit   'stable-hash': [ '0.0.5' ],
2370 silly audit   tinyglobby: [ '0.2.17' ],
2370 silly audit   'unrs-resolver': [ '1.12.2' ],
2370 silly audit   '@rtsao/scc': [ '1.1.0' ],
2370 silly audit   'array-includes': [ '3.1.9' ],
2370 silly audit   'array.prototype.findlastindex': [ '1.2.6' ],
2370 silly audit   'array.prototype.flat': [ '1.3.3' ],
2370 silly audit   'array.prototype.flatmap': [ '1.3.3' ],
2370 silly audit   'eslint-module-utils': [ '2.14.0' ],
2370 silly audit   hasown: [ '2.0.4' ],
2370 silly audit   'object.fromentries': [ '2.0.8' ],
2370 silly audit   'object.groupby': [ '1.0.3' ],
2370 silly audit   'object.values': [ '1.2.1' ],
2370 silly audit   'string.prototype.trimend': [ '1.0.10' ],
2370 silly audit   'tsconfig-paths': [ '3.15.0' ],
2370 silly audit   'call-bind': [ '1.0.9' ],
2370 silly audit   'call-bound': [ '1.0.4' ],
2370 silly audit   'define-properties': [ '1.2.1' ],
2370 silly audit   'es-abstract': [ '1.24.2' ],
2370 silly audit   'es-object-atoms': [ '1.1.2' ],
2370 silly audit   'get-intrinsic': [ '1.3.0' ],
2370 silly audit   'is-string': [ '1.1.1' ],
2370 silly audit   'math-intrinsics': [ '1.1.0' ],
2370 silly audit   'es-errors': [ '1.3.0' ],
2370 silly audit   'es-shim-unscopables': [ '1.1.0' ],
2370 silly audit   'call-bind-apply-helpers': [ '1.0.2' ],
2370 silly audit   'es-define-property': [ '1.0.1' ],
2370 silly audit   'set-function-length': [ '1.2.2' ],
2370 silly audit   'function-bind': [ '1.1.2' ],
2370 silly audit   'define-data-property': [ '1.1.4' ],
2370 silly audit   'has-property-descriptors': [ '1.0.2' ],
2370 silly audit   'object-keys': [ '1.1.1' ],
2370 silly audit   gopd: [ '1.2.0' ],
2370 silly audit   'array-buffer-byte-length': [ '1.0.2' ],
2370 silly audit   'arraybuffer.prototype.slice': [ '1.0.4' ],
2370 silly audit   'available-typed-arrays': [ '1.0.7' ],
2370 silly audit   'data-view-buffer': [ '1.0.2' ],
2370 silly audit   'data-view-byte-length': [ '1.0.2' ],
2370 silly audit   'data-view-byte-offset': [ '1.0.1' ],
2370 silly audit   'es-set-tostringtag': [ '2.1.0' ],
2370 silly audit   'es-to-primitive': [ '1.3.4' ],
2370 silly audit   'function.prototype.name': [ '1.2.0' ],
2370 silly audit   'get-proto': [ '1.0.1' ],
2370 silly audit   'get-symbol-description': [ '1.1.0' ],
2370 silly audit   globalthis: [ '1.0.4' ],
2370 silly audit   'has-proto': [ '1.2.0' ],
2370 silly audit   'has-symbols': [ '1.1.0' ],
2370 silly audit   'internal-slot': [ '1.1.0' ],
2370 silly audit   'is-array-buffer': [ '3.0.5' ],
2370 silly audit   'is-callable': [ '1.2.7' ],
2370 silly audit   'is-data-view': [ '1.0.2' ],
2370 silly audit   'is-negative-zero': [ '2.0.3' ],
2370 silly audit   'is-regex': [ '1.2.1' ],
2370 silly audit   'is-set': [ '2.0.3' ],
2370 silly audit   'is-shared-array-buffer': [ '1.0.4' ],
2370 silly audit   'is-typed-array': [ '1.1.15' ],
2370 silly audit   'is-weakref': [ '1.1.1' ],
2370 silly audit   'object-inspect': [ '1.13.4' ],
2370 silly audit   'object.assign': [ '4.1.7' ],
2370 silly audit   'own-keys': [ '1.0.2' ],
2370 silly audit   'regexp.prototype.flags': [ '1.5.4' ],
2370 silly audit   'safe-array-concat': [ '1.1.4' ],
2370 silly audit   'safe-push-apply': [ '1.0.0' ],
2370 silly audit   'safe-regex-test': [ '1.1.0' ],
2370 silly audit   'set-proto': [ '1.0.0' ],
2370 silly audit   'stop-iteration-iterator': [ '1.1.0' ],
2370 silly audit   'string.prototype.trim': [ '1.2.11' ],
2370 silly audit   'string.prototype.trimstart': [ '1.0.8' ],
2370 silly audit   'typed-array-buffer': [ '1.0.3' ],
2370 silly audit   'typed-array-byte-length': [ '1.0.3' ],
2370 silly audit   'typed-array-byte-offset': [ '1.0.4' ],
2370 silly audit   'typed-array-length': [ '1.0.8' ],
2370 silly audit   'unbox-primitive': [ '1.1.0' ],
2370 silly audit   'which-typed-array': [ '1.1.22' ],
2370 silly audit   'possible-typed-array-names': [ '1.1.0' ],
2370 silly audit   'has-tostringtag': [ '1.0.2' ],
2370 silly audit   'es-abstract-get': [ '1.0.0' ],
2370 silly audit   'is-date-object': [ '1.1.0' ],
2370 silly audit   'is-symbol': [ '1.1.1' ],
2370 silly audit   'aria-query': [ '5.3.2' ],
2370 silly audit   'ast-types-flow': [ '0.0.8' ],
2370 silly audit   'axe-core': [ '4.13.0' ],
2370 silly audit   'axobject-query': [ '4.1.0' ],
2370 silly audit   'damerau-levenshtein': [ '1.0.8' ],
2370 silly audit   'emoji-regex': [ '9.2.2', '8.0.0' ],
2370 silly audit   'jsx-ast-utils': [ '3.3.5' ],
2370 silly audit   'language-tags': [ '1.0.9' ],
2370 silly audit   'string.prototype.includes': [ '2.0.1' ],
2370 silly audit   'array.prototype.findlast': [ '1.2.5' ],
2370 silly audit   'array.prototype.tosorted': [ '1.1.4' ],
2370 silly audit   'es-iterator-helpers': [ '1.4.0' ],
2370 silly audit   estraverse: [ '5.3.0' ],
2370 silly audit   'object.entries': [ '1.1.9' ],
2370 silly audit   'prop-types': [ '15.8.1' ],
2370 silly audit   'string.prototype.matchall': [ '4.0.12' ],
2370 silly audit   'string.prototype.repeat': [ '1.0.0' ],
2370 silly audit   'iterator.prototype': [ '1.1.5' ],
2370 silly audit   esrecurse: [ '4.3.0' ],
2370 silly audit   acorn: [ '8.18.0' ],
2370 silly audit   'acorn-jsx': [ '5.3.2' ],
2370 silly audit   reusify: [ '1.1.0' ],
2370 silly audit   'flat-cache': [ '3.2.0' ],
2370 silly audit   'locate-path': [ '6.0.0' ],
2370 silly audit   'path-exists': [ '4.0.0' ],
2370 silly audit   flatted: [ '3.4.4' ],
2370 silly audit   keyv: [ '4.5.4' ],
2370 silly audit   rimraf: [ '3.0.2' ],
2370 silly audit   'motion-dom': [ '11.18.1' ],
2370 silly audit   'motion-utils': [ '11.18.1' ],
2370 silly audit   tslib: [ '2.8.1' ],
2370 silly audit   'functions-have-names': [ '1.2.3' ],
2370 silly audit   'is-document.all': [ '1.0.0' ],
2370 silly audit   'dunder-proto': [ '1.0.1' ],
2370 silly audit   'resolve-pkg-maps': [ '1.0.0' ],
2370 silly audit   'foreground-child': [ '3.3.1' ],
2370 silly audit   jackspeak: [ '2.3.6' ],
2370 silly audit   minipass: [ '7.1.3' ],
2370 silly audit   'path-scurry': [ '1.11.1' ],
2370 silly audit   'signal-exit': [ '4.1.0' ],
2370 silly audit   'type-fest': [ '0.20.2' ],
2370 silly audit   'array-union': [ '2.1.0' ],
2370 silly audit   'dir-glob': [ '3.0.1' ],
2370 silly audit   'fast-glob': [ '3.3.3' ],
2370 silly audit   merge2: [ '1.4.1' ],
2370 silly audit   slash: [ '3.0.0' ],
2370 silly audit   'path-type': [ '4.0.0' ],
2370 silly audit   micromatch: [ '4.0.8' ],
2370 silly audit   'parent-module': [ '1.0.1' ],
2370 silly audit   'resolve-from': [ '4.0.0' ],
2370 silly audit   'side-channel': [ '1.1.1' ],
2370 silly audit   'is-extglob': [ '2.1.1' ],
2370 silly audit   'set-function-name': [ '2.0.2' ],
2370 silly audit   '@isaacs/cliui': [ '8.0.2' ],
2370 silly audit   '@pkgjs/parseargs': [ '0.11.0' ],
2370 silly audit   'string-width': [ '5.1.2', '4.2.3' ],
2370 silly audit   'wrap-ansi': [ '8.1.0', '7.0.0' ],
2370 silly audit   argparse: [ '2.0.1' ],
2370 silly audit   'json-buffer': [ '3.0.1' ],
2370 silly audit   'language-subtag-registry': [ '0.3.23' ],
2370 silly audit   'prelude-ls': [ '1.2.1' ],
2370 silly audit   'type-check': [ '0.4.0' ],
2370 silly audit   'p-locate': [ '5.0.0' ],
2370 silly audit   braces: [ '3.0.3' ],
2370 silly audit   picomatch: [ '2.3.2', '4.0.5' ],
2370 silly audit   'fill-range': [ '7.1.1' ],
2370 silly audit   'to-regex-range': [ '5.0.1' ],
2370 silly audit   'brace-expansion': [ '1.1.18', '2.1.4' ],
2370 silly audit   'balanced-match': [ '1.0.2' ],
2370 silly audit   'concat-map': [ '0.0.1' ],
2370 silly audit   '@next/env': [ '14.2.5' ],
2370 silly audit   '@next/swc-darwin-arm64': [ '14.2.5' ],
2370 silly audit   '@next/swc-darwin-x64': [ '14.2.5' ],
2370 silly audit   '@next/swc-linux-arm64-gnu': [ '14.2.5' ],
2370 silly audit   '@next/swc-linux-arm64-musl': [ '14.2.5' ],
2370 silly audit   '@next/swc-linux-x64-gnu': [ '14.2.5' ],
2370 silly audit   '@next/swc-linux-x64-musl': [ '14.2.5' ],
2370 silly audit   '@next/swc-win32-arm64-msvc': [ '14.2.5' ],
2370 silly audit   '@next/swc-win32-ia32-msvc': [ '14.2.5' ],
2370 silly audit   '@next/swc-win32-x64-msvc': [ '14.2.5' ],
2370 silly audit   '@swc/helpers': [ '0.5.5' ],
2370 silly audit   busboy: [ '1.6.0' ],
2370 silly audit   'graceful-fs': [ '4.2.11' ],
2370 silly audit   'styled-jsx': [ '5.1.1' ],
2370 silly audit   '@swc/counter': [ '0.1.3' ],
2370 silly audit   streamsearch: [ '1.1.0' ],
2370 silly audit   'deep-is': [ '0.1.4' ],
2370 silly audit   'fast-levenshtein': [ '2.0.6' ],
2370 silly audit   'word-wrap': [ '1.2.5' ],
2370 silly audit   'p-limit': [ '3.1.0' ],
2370 silly audit   'yocto-queue': [ '0.1.0' ],
2370 silly audit   callsites: [ '3.1.0' ],
2370 silly audit   'lru-cache': [ '10.4.3' ],
2370 silly audit   nanoid: [ '3.3.18' ],
2370 silly audit   'source-map-js': [ '1.2.1' ],
2370 silly audit   'loose-envify': [ '1.4.0' ],
2370 silly audit   'object-assign': [ '4.1.1' ],
2370 silly audit   'react-is': [ '16.13.1' ],
2370 silly audit   'js-tokens': [ '4.0.0' ],
2370 silly audit   scheduler: [ '0.23.2' ],
2370 silly audit   'node-exports-info': [ '1.6.2' ],
2370 silly audit   'path-parse': [ '1.0.7' ],
2370 silly audit   'supports-preserve-symlinks-flag': [ '1.0.0' ],
2370 silly audit   'queue-microtask': [ '1.2.3' ],
2370 silly audit   isarray: [ '2.0.5' ],
2370 silly audit   'shebang-regex': [ '3.0.0' ],
2370 silly audit   'side-channel-list': [ '1.0.1' ],
2370 silly audit   'side-channel-map': [ '1.0.1' ],
2370 silly audit   'side-channel-weakmap': [ '1.0.2' ],
2370 silly audit   eastasianwidth: [ '0.2.0' ],
2370 silly audit   'is-fullwidth-code-point': [ '3.0.0' ],
2370 silly audit   'ansi-regex': [ '5.0.1', '6.2.2' ],
2370 silly audit   'client-only': [ '0.0.1' ],
2370 silly audit   'has-flag': [ '4.0.0' ],
2370 silly audit   '@alloc/quick-lru': [ '5.2.0' ],
2370 silly audit   arg: [ '5.0.2' ],
2370 silly audit   chokidar: [ '3.6.0' ],
2370 silly audit   didyoumean: [ '1.2.2' ],
2370 silly audit   dlv: [ '1.1.3' ],
2370 silly audit   jiti: [ '1.21.7' ],
2370 silly audit   lilconfig: [ '3.1.3' ],
2370 silly audit   'normalize-path': [ '3.0.0' ],
2370 silly audit   'object-hash': [ '3.0.0' ],
2370 silly audit   'postcss-import': [ '15.1.0' ],
2370 silly audit   'postcss-js': [ '4.1.0' ],
2370 silly audit   'postcss-load-config': [ '6.0.1' ],
2370 silly audit   'postcss-nested': [ '6.2.0' ],
2370 silly audit   'postcss-selector-parser': [ '6.1.4' ],
2370 silly audit   sucrase: [ '3.35.1' ],
2370 silly audit   anymatch: [ '3.1.3' ],
2370 silly audit   fsevents: [ '2.3.3' ],
2370 silly audit   'is-binary-path': [ '2.1.0' ],
2370 silly audit   readdirp: [ '3.6.0' ],
2370 silly audit   'binary-extensions': [ '2.3.0' ],
2370 silly audit   'read-cache': [ '1.0.0' ],
2370 silly audit   'camelcase-css': [ '2.0.1' ],
2370 silly audit   cssesc: [ '3.0.0' ],
2370 silly audit   'util-deprecate': [ '1.0.2' ],
2370 silly audit   pify: [ '2.3.0' ],
2370 silly audit   '@jridgewell/gen-mapping': [ '0.3.13' ],
2370 silly audit   commander: [ '4.1.1' ],
2370 silly audit   'lines-and-columns': [ '1.2.4' ],
2370 silly audit   mz: [ '2.7.0' ],
2370 silly audit   pirates: [ '4.0.7' ],
2370 silly audit   'ts-interface-checker': [ '0.1.13' ],
2370 silly audit   '@jridgewell/sourcemap-codec': [ '1.5.5' ],
2370 silly audit   '@jridgewell/trace-mapping': [ '0.3.31' ],
2370 silly audit   '@jridgewell/resolve-uri': [ '3.1.2' ],
2370 silly audit   'any-promise': [ '1.3.0' ],
2370 silly audit   'thenify-all': [ '1.6.0' ],
2370 silly audit   thenify: [ '3.3.1' ],
2370 silly audit   fdir: [ '6.5.0' ],
2370 silly audit   'is-number': [ '7.0.0' ],
2370 silly audit   '@types/json5': [ '0.0.29' ],
2370 silly audit   json5: [ '1.0.2' ],
2370 silly audit   minimist: [ '1.2.8' ],
2370 silly audit   'strip-bom': [ '3.0.0' ],
2370 silly audit   'for-each': [ '0.3.5' ],
2370 silly audit   'reflect.getprototypeof': [ '1.0.10' ],
2370 silly audit   'which-builtin-type': [ '1.2.1' ],
2370 silly audit   'has-bigints': [ '1.1.0' ],
2370 silly audit   'which-boxed-primitive': [ '1.1.1' ],
2370 silly audit   '@unrs/resolver-binding-android-arm-eabi': [ '1.12.2' ],
2370 silly audit   '@unrs/resolver-binding-android-arm64': [ '1.12.2' ],
2370 silly audit   '@unrs/resolver-binding-darwin-arm64': [ '1.12.2' ],
2370 silly audit   '@unrs/resolver-binding-darwin-x64': [ '1.12.2' ],
2370 silly audit   '@unrs/resolver-binding-freebsd-x64': [ '1.12.2' ],
2370 silly audit   '@unrs/resolver-binding-linux-arm-gnueabihf': [ '1.12.2' ],
2370 silly audit   '@unrs/resolver-binding-linux-arm-musleabihf': [ '1.12.2' ],
2370 silly audit   '@unrs/resolver-binding-linux-arm64-gnu': [ '1.12.2' ],
2370 silly audit   '@unrs/resolver-binding-linux-arm64-musl': [ '1.12.2' ],
2370 silly audit   '@unrs/resolver-binding-linux-loong64-gnu': [ '1.12.2' ],
2370 silly audit   '@unrs/resolver-binding-linux-loong64-musl': [ '1.12.2' ],
2370 silly audit   '@unrs/resolver-binding-linux-ppc64-gnu': [ '1.12.2' ],
2370 silly audit   '@unrs/resolver-binding-linux-riscv64-gnu': [ '1.12.2' ],
2370 silly audit   '@unrs/resolver-binding-linux-riscv64-musl': [ '1.12.2' ],
2370 silly audit   '@unrs/resolver-binding-linux-s390x-gnu': [ '1.12.2' ],
2370 silly audit   '@unrs/resolver-binding-linux-x64-gnu': [ '1.12.2' ],
2370 silly audit   '@unrs/resolver-binding-linux-x64-musl': [ '1.12.2' ],
2370 silly audit   '@unrs/resolver-binding-openharmony-arm64': [ '1.12.2' ],
2370 silly audit   '@unrs/resolver-binding-wasm32-wasi': [ '1.12.2' ],
2370 silly audit   '@unrs/resolver-binding-win32-arm64-msvc': [ '1.12.2' ],
2370 silly audit   '@unrs/resolver-binding-win32-ia32-msvc': [ '1.12.2' ],
2370 silly audit   '@unrs/resolver-binding-win32-x64-msvc': [ '1.12.2' ],
2370 silly audit   'napi-postinstall': [ '0.3.4' ],
2370 silly audit   '@emnapi/core': [ '1.10.0' ],
2370 silly audit   '@emnapi/runtime': [ '1.10.0' ],
2370 silly audit   '@napi-rs/wasm-runtime': [ '1.2.2' ],
2370 silly audit   '@emnapi/wasi-threads': [ '1.2.1' ],
2370 silly audit   '@tybys/wasm-util': [ '0.10.3' ],
2370 silly audit   escalade: [ '3.2.0' ],
2370 silly audit   punycode: [ '2.3.1' ],
2370 silly audit   isexe: [ '2.0.0' ],
2370 silly audit   'is-bigint': [ '1.1.0' ],
2370 silly audit   'is-boolean-object': [ '1.2.2' ],
2370 silly audit   'is-number-object': [ '1.1.1' ],
2370 silly audit   'is-async-function': [ '2.1.1' ],
2370 silly audit   'is-finalizationregistry': [ '1.1.1' ],
2370 silly audit   'is-generator-function': [ '1.1.2' ],
2370 silly audit   'which-collection': [ '1.0.2' ],
2370 silly audit   'async-function': [ '1.0.0' ],
2370 silly audit   'generator-function': [ '2.0.1' ],
2370 silly audit   'is-map': [ '2.0.3' ],
2370 silly audit   'is-weakmap': [ '2.0.2' ],
2370 silly audit   'is-weakset': [ '2.0.4' ],
2370 silly audit   'fs.realpath': [ '1.0.0' ],
2370 silly audit   inflight: [ '1.0.6' ],
2370 silly audit   inherits: [ '2.0.4' ],
2370 silly audit   once: [ '1.4.0' ],
2370 silly audit   'path-is-absolute': [ '1.0.1' ],
2370 silly audit   wrappy: [ '1.0.2' ]
2370 silly audit }
2371 http cache once@https://registry.npmjs.org/once/-/once-1.4.0.tgz 0ms (cache hit)
2372 http cache path-is-absolute@https://registry.npmjs.org/path-is-absolute/-/path-is-absolute-1.0.1.tgz 0ms (cache hit)
2373 http cache wrappy@https://registry.npmjs.org/wrappy/-/wrappy-1.0.2.tgz 0ms (cache hit)
2374 http cache inherits@https://registry.npmjs.org/inherits/-/inherits-2.0.4.tgz 0ms (cache hit)
2375 http cache inflight@https://registry.npmjs.org/inflight/-/inflight-1.0.6.tgz 0ms (cache hit)
2376 http cache is-weakset@https://registry.npmjs.org/is-weakset/-/is-weakset-2.0.4.tgz 0ms (cache hit)
2377 http cache is-weakmap@https://registry.npmjs.org/is-weakmap/-/is-weakmap-2.0.2.tgz 0ms (cache hit)
2378 http cache fs.realpath@https://registry.npmjs.org/fs.realpath/-/fs.realpath-1.0.0.tgz 0ms (cache hit)
2379 http cache is-map@https://registry.npmjs.org/is-map/-/is-map-2.0.3.tgz 0ms (cache hit)
2380 http cache async-function@https://registry.npmjs.org/async-function/-/async-function-1.0.0.tgz 0ms (cache hit)
2381 http cache generator-function@https://registry.npmjs.org/generator-function/-/generator-function-2.0.1.tgz 0ms (cache hit)
2382 http cache is-finalizationregistry@https://registry.npmjs.org/is-finalizationregistry/-/is-finalizationregistry-1.1.1.tgz 0ms (cache hit)
2383 http cache which-collection@https://registry.npmjs.org/which-collection/-/which-collection-1.0.2.tgz 0ms (cache hit)
2384 http cache is-async-function@https://registry.npmjs.org/is-async-function/-/is-async-function-2.1.1.tgz 0ms (cache hit)
2385 http cache is-generator-function@https://registry.npmjs.org/is-generator-function/-/is-generator-function-1.1.2.tgz 0ms (cache hit)
2386 http cache punycode@https://registry.npmjs.org/punycode/-/punycode-2.3.1.tgz 0ms (cache hit)
2387 http cache is-number-object@https://registry.npmjs.org/is-number-object/-/is-number-object-1.1.1.tgz 0ms (cache hit)
2388 http cache isexe@https://registry.npmjs.org/isexe/-/isexe-2.0.0.tgz 0ms (cache hit)
2389 http cache escalade@https://registry.npmjs.org/escalade/-/escalade-3.2.0.tgz 0ms (cache hit)
2390 http cache is-boolean-object@https://registry.npmjs.org/is-boolean-object/-/is-boolean-object-1.2.2.tgz 0ms (cache hit)
2391 http cache @unrs/resolver-binding-darwin-arm64@https://registry.npmjs.org/@unrs/resolver-binding-darwin-arm64/-/resolver-binding-darwin-arm64-1.12.2.tgz 0ms (cache hit)
2392 http cache is-bigint@https://registry.npmjs.org/is-bigint/-/is-bigint-1.1.0.tgz 0ms (cache hit)
2393 http cache napi-postinstall@https://registry.npmjs.org/napi-postinstall/-/napi-postinstall-0.3.4.tgz 0ms (cache hit)
2394 http cache which-boxed-primitive@https://registry.npmjs.org/which-boxed-primitive/-/which-boxed-primitive-1.1.1.tgz 0ms (cache hit)
2395 http cache has-bigints@https://registry.npmjs.org/has-bigints/-/has-bigints-1.1.0.tgz 0ms (cache hit)
2396 http cache reflect.getprototypeof@https://registry.npmjs.org/reflect.getprototypeof/-/reflect.getprototypeof-1.0.10.tgz 0ms (cache hit)
2397 http cache strip-bom@https://registry.npmjs.org/strip-bom/-/strip-bom-3.0.0.tgz 0ms (cache hit)
2398 http cache for-each@https://registry.npmjs.org/for-each/-/for-each-0.3.5.tgz 0ms (cache hit)
2399 http cache json5@https://registry.npmjs.org/json5/-/json5-1.0.2.tgz 0ms (cache hit)
2400 http cache minimist@https://registry.npmjs.org/minimist/-/minimist-1.2.8.tgz 0ms (cache hit)
2401 http cache which-builtin-type@https://registry.npmjs.org/which-builtin-type/-/which-builtin-type-1.2.1.tgz 0ms (cache hit)
2402 http cache is-number@https://registry.npmjs.org/is-number/-/is-number-7.0.0.tgz 0ms (cache hit)
2403 http cache thenify@https://registry.npmjs.org/thenify/-/thenify-3.3.1.tgz 0ms (cache hit)
2404 http cache thenify-all@https://registry.npmjs.org/thenify-all/-/thenify-all-1.6.0.tgz 0ms (cache hit)
2405 http cache @types/json5@https://registry.npmjs.org/@types/json5/-/json5-0.0.29.tgz 0ms (cache hit)
2406 http cache any-promise@https://registry.npmjs.org/any-promise/-/any-promise-1.3.0.tgz 0ms (cache hit)
2407 http cache @jridgewell/trace-mapping@https://registry.npmjs.org/@jridgewell/trace-mapping/-/trace-mapping-0.3.31.tgz 0ms (cache hit)
2408 http cache ts-interface-checker@https://registry.npmjs.org/ts-interface-checker/-/ts-interface-checker-0.1.13.tgz 0ms (cache hit)
2409 http cache @jridgewell/resolve-uri@https://registry.npmjs.org/@jridgewell/resolve-uri/-/resolve-uri-3.1.2.tgz 0ms (cache hit)
2410 http cache lines-and-columns@https://registry.npmjs.org/lines-and-columns/-/lines-and-columns-1.2.4.tgz 0ms (cache hit)
2411 http cache commander@https://registry.npmjs.org/commander/-/commander-4.1.1.tgz 0ms (cache hit)
2412 http cache pirates@https://registry.npmjs.org/pirates/-/pirates-4.0.7.tgz 0ms (cache hit)
2413 http cache @jridgewell/sourcemap-codec@https://registry.npmjs.org/@jridgewell/sourcemap-codec/-/sourcemap-codec-1.5.5.tgz 0ms (cache hit)
2414 http cache pify@https://registry.npmjs.org/pify/-/pify-2.3.0.tgz 0ms (cache hit)
2415 http cache mz@https://registry.npmjs.org/mz/-/mz-2.7.0.tgz 0ms (cache hit)
2416 http cache @jridgewell/gen-mapping@https://registry.npmjs.org/@jridgewell/gen-mapping/-/gen-mapping-0.3.13.tgz 0ms (cache hit)
2417 http cache util-deprecate@https://registry.npmjs.org/util-deprecate/-/util-deprecate-1.0.2.tgz 0ms (cache hit)
2418 http cache cssesc@https://registry.npmjs.org/cssesc/-/cssesc-3.0.0.tgz 0ms (cache hit)
2419 http cache camelcase-css@https://registry.npmjs.org/camelcase-css/-/camelcase-css-2.0.1.tgz 0ms (cache hit)
2420 http cache read-cache@https://registry.npmjs.org/read-cache/-/read-cache-1.0.0.tgz 0ms (cache hit)
2421 http cache is-binary-path@https://registry.npmjs.org/is-binary-path/-/is-binary-path-2.1.0.tgz 0ms (cache hit)
2422 http cache binary-extensions@https://registry.npmjs.org/binary-extensions/-/binary-extensions-2.3.0.tgz 0ms (cache hit)
2423 http cache anymatch@https://registry.npmjs.org/anymatch/-/anymatch-3.1.3.tgz 0ms (cache hit)
2424 http cache readdirp@https://registry.npmjs.org/readdirp/-/readdirp-3.6.0.tgz 0ms (cache hit)
2425 http cache sucrase@https://registry.npmjs.org/sucrase/-/sucrase-3.35.1.tgz 0ms (cache hit)
2426 http cache postcss-selector-parser@https://registry.npmjs.org/postcss-selector-parser/-/postcss-selector-parser-6.1.4.tgz 0ms (cache hit)
2427 http cache fsevents@https://registry.npmjs.org/fsevents/-/fsevents-2.3.3.tgz 0ms (cache hit)
2428 http cache postcss-js@https://registry.npmjs.org/postcss-js/-/postcss-js-4.1.0.tgz 0ms (cache hit)
2429 http cache object-hash@https://registry.npmjs.org/object-hash/-/object-hash-3.0.0.tgz 0ms (cache hit)
2430 http cache normalize-path@https://registry.npmjs.org/normalize-path/-/normalize-path-3.0.0.tgz 0ms (cache hit)
2431 http cache postcss-import@https://registry.npmjs.org/postcss-import/-/postcss-import-15.1.0.tgz 0ms (cache hit)
2432 http cache jiti@https://registry.npmjs.org/jiti/-/jiti-1.21.7.tgz 0ms (cache hit)
2433 http cache postcss-nested@https://registry.npmjs.org/postcss-nested/-/postcss-nested-6.2.0.tgz 0ms (cache hit)
2434 http cache didyoumean@https://registry.npmjs.org/didyoumean/-/didyoumean-1.2.2.tgz 0ms (cache hit)
2435 http cache dlv@https://registry.npmjs.org/dlv/-/dlv-1.1.3.tgz 0ms (cache hit)
2436 http cache lilconfig@https://registry.npmjs.org/lilconfig/-/lilconfig-3.1.3.tgz 0ms (cache hit)
2437 http cache arg@https://registry.npmjs.org/arg/-/arg-5.0.2.tgz 0ms (cache hit)
2438 http cache postcss-load-config@https://registry.npmjs.org/postcss-load-config/-/postcss-load-config-6.0.1.tgz 0ms (cache hit)
2439 http cache has-flag@https://registry.npmjs.org/has-flag/-/has-flag-4.0.0.tgz 0ms (cache hit)
2440 http cache @alloc/quick-lru@https://registry.npmjs.org/@alloc/quick-lru/-/quick-lru-5.2.0.tgz 0ms (cache hit)
2441 http cache client-only@https://registry.npmjs.org/client-only/-/client-only-0.0.1.tgz 0ms (cache hit)
2442 http cache eastasianwidth@https://registry.npmjs.org/eastasianwidth/-/eastasianwidth-0.2.0.tgz 0ms (cache hit)
2443 http cache ansi-regex@https://registry.npmjs.org/ansi-regex/-/ansi-regex-5.0.1.tgz 0ms (cache hit)
2444 http cache chokidar@https://registry.npmjs.org/chokidar/-/chokidar-3.6.0.tgz 0ms (cache hit)
2445 http cache side-channel-weakmap@https://registry.npmjs.org/side-channel-weakmap/-/side-channel-weakmap-1.0.2.tgz 0ms (cache hit)
2446 http cache is-fullwidth-code-point@https://registry.npmjs.org/is-fullwidth-code-point/-/is-fullwidth-code-point-3.0.0.tgz 0ms (cache hit)
2447 http cache side-channel-list@https://registry.npmjs.org/side-channel-list/-/side-channel-list-1.0.1.tgz 0ms (cache hit)
2448 http cache queue-microtask@https://registry.npmjs.org/queue-microtask/-/queue-microtask-1.2.3.tgz 0ms (cache hit)
2449 http cache path-parse@https://registry.npmjs.org/path-parse/-/path-parse-1.0.7.tgz 0ms (cache hit)
2450 http cache side-channel-map@https://registry.npmjs.org/side-channel-map/-/side-channel-map-1.0.1.tgz 0ms (cache hit)
2451 http cache supports-preserve-symlinks-flag@https://registry.npmjs.org/supports-preserve-symlinks-flag/-/supports-preserve-symlinks-flag-1.0.0.tgz 0ms (cache hit)
2452 http cache isarray@https://registry.npmjs.org/isarray/-/isarray-2.0.5.tgz 0ms (cache hit)
2453 http cache js-tokens@https://registry.npmjs.org/js-tokens/-/js-tokens-4.0.0.tgz 0ms (cache hit)
2454 http cache shebang-regex@https://registry.npmjs.org/shebang-regex/-/shebang-regex-3.0.0.tgz 0ms (cache hit)
2455 http cache node-exports-info@https://registry.npmjs.org/node-exports-info/-/node-exports-info-1.6.2.tgz 0ms (cache hit)
2456 http cache object-assign@https://registry.npmjs.org/object-assign/-/object-assign-4.1.1.tgz 0ms (cache hit)
2457 http cache loose-envify@https://registry.npmjs.org/loose-envify/-/loose-envify-1.4.0.tgz 0ms (cache hit)
2458 http cache nanoid@https://registry.npmjs.org/nanoid/-/nanoid-3.3.18.tgz 0ms (cache hit)
2459 http cache lru-cache@https://registry.npmjs.org/lru-cache/-/lru-cache-10.4.3.tgz 0ms (cache hit)
2460 http cache source-map-js@https://registry.npmjs.org/source-map-js/-/source-map-js-1.2.1.tgz 0ms (cache hit)
2461 http cache callsites@https://registry.npmjs.org/callsites/-/callsites-3.1.0.tgz 0ms (cache hit)
2462 http cache scheduler@https://registry.npmjs.org/scheduler/-/scheduler-0.23.2.tgz 0ms (cache hit)
2463 http cache word-wrap@https://registry.npmjs.org/word-wrap/-/word-wrap-1.2.5.tgz 0ms (cache hit)
2464 http cache p-limit@https://registry.npmjs.org/p-limit/-/p-limit-3.1.0.tgz 0ms (cache hit)
2465 http cache yocto-queue@https://registry.npmjs.org/yocto-queue/-/yocto-queue-0.1.0.tgz 0ms (cache hit)
2466 http cache fast-levenshtein@https://registry.npmjs.org/fast-levenshtein/-/fast-levenshtein-2.0.6.tgz 0ms (cache hit)
2467 http cache deep-is@https://registry.npmjs.org/deep-is/-/deep-is-0.1.4.tgz 0ms (cache hit)
2468 http cache streamsearch@https://registry.npmjs.org/streamsearch/-/streamsearch-1.1.0.tgz 0ms (cache hit)
2469 http cache graceful-fs@https://registry.npmjs.org/graceful-fs/-/graceful-fs-4.2.11.tgz 0ms (cache hit)
2470 http cache busboy@https://registry.npmjs.org/busboy/-/busboy-1.6.0.tgz 0ms (cache hit)
2471 http cache @swc/helpers@https://registry.npmjs.org/@swc/helpers/-/helpers-0.5.5.tgz 0ms (cache hit)
2472 http cache styled-jsx@https://registry.npmjs.org/styled-jsx/-/styled-jsx-5.1.1.tgz 0ms (cache hit)
2473 http cache @next/swc-darwin-arm64@https://registry.npmjs.org/@next/swc-darwin-arm64/-/swc-darwin-arm64-14.2.5.tgz 0ms (cache hit)
2474 http cache @next/env@https://registry.npmjs.org/@next/env/-/env-14.2.5.tgz 0ms (cache hit)
2475 http cache @swc/counter@https://registry.npmjs.org/@swc/counter/-/counter-0.1.3.tgz 0ms (cache hit)
2476 http cache concat-map@https://registry.npmjs.org/concat-map/-/concat-map-0.0.1.tgz 0ms (cache hit)
2477 http cache balanced-match@https://registry.npmjs.org/balanced-match/-/balanced-match-1.0.2.tgz 0ms (cache hit)
2478 http cache to-regex-range@https://registry.npmjs.org/to-regex-range/-/to-regex-range-5.0.1.tgz 0ms (cache hit)
2479 http cache react-is@https://registry.npmjs.org/react-is/-/react-is-16.13.1.tgz 0ms (cache hit)
2480 http cache fill-range@https://registry.npmjs.org/fill-range/-/fill-range-7.1.1.tgz 0ms (cache hit)
2481 http cache brace-expansion@https://registry.npmjs.org/brace-expansion/-/brace-expansion-1.1.18.tgz 0ms (cache hit)
2482 http cache braces@https://registry.npmjs.org/braces/-/braces-3.0.3.tgz 0ms (cache hit)
2483 http cache prelude-ls@https://registry.npmjs.org/prelude-ls/-/prelude-ls-1.2.1.tgz 0ms (cache hit)
2484 http cache p-locate@https://registry.npmjs.org/p-locate/-/p-locate-5.0.0.tgz 0ms (cache hit)
2485 http cache json-buffer@https://registry.npmjs.org/json-buffer/-/json-buffer-3.0.1.tgz 0ms (cache hit)
2486 http cache language-subtag-registry@https://registry.npmjs.org/language-subtag-registry/-/language-subtag-registry-0.3.23.tgz 0ms (cache hit)
2487 http cache argparse@https://registry.npmjs.org/argparse/-/argparse-2.0.1.tgz 0ms (cache hit)
2488 http cache strip-ansi-cjs@https://registry.npmjs.org/strip-ansi/-/strip-ansi-6.0.1.tgz 0ms (cache hit)
2489 http cache string-width-cjs@https://registry.npmjs.org/string-width/-/string-width-4.2.3.tgz 0ms (cache hit)
2490 http cache wrap-ansi@https://registry.npmjs.org/wrap-ansi/-/wrap-ansi-8.1.0.tgz 0ms (cache hit)
2491 http cache wrap-ansi-cjs@https://registry.npmjs.org/wrap-ansi/-/wrap-ansi-7.0.0.tgz 0ms (cache hit)
2492 http cache string-width@https://registry.npmjs.org/string-width/-/string-width-5.1.2.tgz 0ms (cache hit)
2493 http cache set-function-name@https://registry.npmjs.org/set-function-name/-/set-function-name-2.0.2.tgz 0ms (cache hit)
2494 http cache picomatch@https://registry.npmjs.org/picomatch/-/picomatch-2.3.2.tgz 0ms (cache hit)
2495 http cache @isaacs/cliui@https://registry.npmjs.org/@isaacs/cliui/-/cliui-8.0.2.tgz 0ms (cache hit)
2496 http cache @pkgjs/parseargs@https://registry.npmjs.org/@pkgjs/parseargs/-/parseargs-0.11.0.tgz 0ms (cache hit)
2497 http cache type-check@https://registry.npmjs.org/type-check/-/type-check-0.4.0.tgz 0ms (cache hit)
2498 http cache is-extglob@https://registry.npmjs.org/is-extglob/-/is-extglob-2.1.1.tgz 0ms (cache hit)
2499 http cache side-channel@https://registry.npmjs.org/side-channel/-/side-channel-1.1.1.tgz 0ms (cache hit)
2500 http cache path-type@https://registry.npmjs.org/path-type/-/path-type-4.0.0.tgz 0ms (cache hit)
2501 http cache parent-module@https://registry.npmjs.org/parent-module/-/parent-module-1.0.1.tgz 0ms (cache hit)
2502 http cache micromatch@https://registry.npmjs.org/micromatch/-/micromatch-4.0.8.tgz 0ms (cache hit)
2503 http cache merge2@https://registry.npmjs.org/merge2/-/merge2-1.4.1.tgz 0ms (cache hit)
2504 http cache resolve-from@https://registry.npmjs.org/resolve-from/-/resolve-from-4.0.0.tgz 0ms (cache hit)
2505 http cache slash@https://registry.npmjs.org/slash/-/slash-3.0.0.tgz 0ms (cache hit)
2506 http cache fast-glob@https://registry.npmjs.org/fast-glob/-/fast-glob-3.3.3.tgz 0ms (cache hit)
2507 http cache dir-glob@https://registry.npmjs.org/dir-glob/-/dir-glob-3.0.1.tgz 0ms (cache hit)
2508 http cache signal-exit@https://registry.npmjs.org/signal-exit/-/signal-exit-4.1.0.tgz 0ms (cache hit)
2509 http cache type-fest@https://registry.npmjs.org/type-fest/-/type-fest-0.20.2.tgz 0ms (cache hit)
2510 http cache path-scurry@https://registry.npmjs.org/path-scurry/-/path-scurry-1.11.1.tgz 0ms (cache hit)
2511 http cache array-union@https://registry.npmjs.org/array-union/-/array-union-2.1.0.tgz 0ms (cache hit)
2512 http cache minipass@https://registry.npmjs.org/minipass/-/minipass-7.1.3.tgz 0ms (cache hit)
2513 http cache foreground-child@https://registry.npmjs.org/foreground-child/-/foreground-child-3.3.1.tgz 0ms (cache hit)
2514 http cache jackspeak@https://registry.npmjs.org/jackspeak/-/jackspeak-2.3.6.tgz 0ms (cache hit)
2515 http cache resolve-pkg-maps@https://registry.npmjs.org/resolve-pkg-maps/-/resolve-pkg-maps-1.0.0.tgz 0ms (cache hit)
2516 http cache dunder-proto@https://registry.npmjs.org/dunder-proto/-/dunder-proto-1.0.1.tgz 0ms (cache hit)
2517 http cache functions-have-names@https://registry.npmjs.org/functions-have-names/-/functions-have-names-1.2.3.tgz 0ms (cache hit)
2518 http cache tslib@https://registry.npmjs.org/tslib/-/tslib-2.8.1.tgz 0ms (cache hit)
2519 http cache motion-utils@https://registry.npmjs.org/motion-utils/-/motion-utils-11.18.1.tgz 0ms (cache hit)
2520 http cache keyv@https://registry.npmjs.org/keyv/-/keyv-4.5.4.tgz 0ms (cache hit)
2521 http cache motion-dom@https://registry.npmjs.org/motion-dom/-/motion-dom-11.18.1.tgz 0ms (cache hit)
2522 http cache is-document.all@https://registry.npmjs.org/is-document.all/-/is-document.all-1.0.0.tgz 0ms (cache hit)
2523 http cache flatted@https://registry.npmjs.org/flatted/-/flatted-3.4.4.tgz 0ms (cache hit)
2524 http cache path-exists@https://registry.npmjs.org/path-exists/-/path-exists-4.0.0.tgz 0ms (cache hit)
2525 http cache locate-path@https://registry.npmjs.org/locate-path/-/locate-path-6.0.0.tgz 0ms (cache hit)
2526 http cache rimraf@https://registry.npmjs.org/rimraf/-/rimraf-3.0.2.tgz 0ms (cache hit)
2527 http cache flat-cache@https://registry.npmjs.org/flat-cache/-/flat-cache-3.2.0.tgz 0ms (cache hit)
2528 http cache acorn@https://registry.npmjs.org/acorn/-/acorn-8.18.0.tgz 0ms (cache hit)
2529 http cache iterator.prototype@https://registry.npmjs.org/iterator.prototype/-/iterator.prototype-1.1.5.tgz 0ms (cache hit)
2530 http cache esrecurse@https://registry.npmjs.org/esrecurse/-/esrecurse-4.3.0.tgz 0ms (cache hit)
2531 http cache acorn-jsx@https://registry.npmjs.org/acorn-jsx/-/acorn-jsx-5.3.2.tgz 0ms (cache hit)
2532 http cache string.prototype.repeat@https://registry.npmjs.org/string.prototype.repeat/-/string.prototype.repeat-1.0.0.tgz 0ms (cache hit)
2533 http cache string.prototype.matchall@https://registry.npmjs.org/string.prototype.matchall/-/string.prototype.matchall-4.0.12.tgz 0ms (cache hit)
2534 http cache reusify@https://registry.npmjs.org/reusify/-/reusify-1.1.0.tgz 0ms (cache hit)
2535 http cache prop-types@https://registry.npmjs.org/prop-types/-/prop-types-15.8.1.tgz 0ms (cache hit)
2536 http cache estraverse@https://registry.npmjs.org/estraverse/-/estraverse-5.3.0.tgz 0ms (cache hit)
2537 http cache object.entries@https://registry.npmjs.org/object.entries/-/object.entries-1.1.9.tgz 0ms (cache hit)
2538 http cache string.prototype.includes@https://registry.npmjs.org/string.prototype.includes/-/string.prototype.includes-2.0.1.tgz 0ms (cache hit)
2539 http cache language-tags@https://registry.npmjs.org/language-tags/-/language-tags-1.0.9.tgz 0ms (cache hit)
2540 http cache es-iterator-helpers@https://registry.npmjs.org/es-iterator-helpers/-/es-iterator-helpers-1.4.0.tgz 0ms (cache hit)
2541 http cache array.prototype.tosorted@https://registry.npmjs.org/array.prototype.tosorted/-/array.prototype.tosorted-1.1.4.tgz 0ms (cache hit)
2542 http cache array.prototype.findlast@https://registry.npmjs.org/array.prototype.findlast/-/array.prototype.findlast-1.2.5.tgz 0ms (cache hit)
2543 http cache jsx-ast-utils@https://registry.npmjs.org/jsx-ast-utils/-/jsx-ast-utils-3.3.5.tgz 0ms (cache hit)
2544 http cache emoji-regex@https://registry.npmjs.org/emoji-regex/-/emoji-regex-9.2.2.tgz 0ms (cache hit)
2545 http cache damerau-levenshtein@https://registry.npmjs.org/damerau-levenshtein/-/damerau-levenshtein-1.0.8.tgz 0ms (cache hit)
2546 http cache axobject-query@https://registry.npmjs.org/axobject-query/-/axobject-query-4.1.0.tgz 0ms (cache hit)
2547 http cache axe-core@https://registry.npmjs.org/axe-core/-/axe-core-4.13.0.tgz 0ms (cache hit)
2548 http cache is-symbol@https://registry.npmjs.org/is-symbol/-/is-symbol-1.1.1.tgz 0ms (cache hit)
2549 http cache is-date-object@https://registry.npmjs.org/is-date-object/-/is-date-object-1.1.0.tgz 0ms (cache hit)
2550 http cache aria-query@https://registry.npmjs.org/aria-query/-/aria-query-5.3.2.tgz 0ms (cache hit)
2551 http cache es-abstract-get@https://registry.npmjs.org/es-abstract-get/-/es-abstract-get-1.0.0.tgz 0ms (cache hit)
2552 http cache ast-types-flow@https://registry.npmjs.org/ast-types-flow/-/ast-types-flow-0.0.8.tgz 0ms (cache hit)
2553 http cache has-tostringtag@https://registry.npmjs.org/has-tostringtag/-/has-tostringtag-1.0.2.tgz 0ms (cache hit)
2554 http cache which-typed-array@https://registry.npmjs.org/which-typed-array/-/which-typed-array-1.1.22.tgz 0ms (cache hit)
2555 http cache possible-typed-array-names@https://registry.npmjs.org/possible-typed-array-names/-/possible-typed-array-names-1.1.0.tgz 0ms (cache hit)
2556 http cache unbox-primitive@https://registry.npmjs.org/unbox-primitive/-/unbox-primitive-1.1.0.tgz 0ms (cache hit)
2557 http cache typed-array-byte-offset@https://registry.npmjs.org/typed-array-byte-offset/-/typed-array-byte-offset-1.0.4.tgz 0ms (cache hit)
2558 http cache typed-array-buffer@https://registry.npmjs.org/typed-array-buffer/-/typed-array-buffer-1.0.3.tgz 0ms (cache hit)
2559 http cache typed-array-byte-length@https://registry.npmjs.org/typed-array-byte-length/-/typed-array-byte-length-1.0.3.tgz 0ms (cache hit)
2560 http cache string.prototype.trim@https://registry.npmjs.org/string.prototype.trim/-/string.prototype.trim-1.2.11.tgz 0ms (cache hit)
2561 http cache string.prototype.trimstart@https://registry.npmjs.org/string.prototype.trimstart/-/string.prototype.trimstart-1.0.8.tgz 0ms (cache hit)
2562 http cache stop-iteration-iterator@https://registry.npmjs.org/stop-iteration-iterator/-/stop-iteration-iterator-1.1.0.tgz 0ms (cache hit)
2563 http cache typed-array-length@https://registry.npmjs.org/typed-array-length/-/typed-array-length-1.0.8.tgz 0ms (cache hit)
2564 http cache set-proto@https://registry.npmjs.org/set-proto/-/set-proto-1.0.0.tgz 0ms (cache hit)
2565 http cache safe-push-apply@https://registry.npmjs.org/safe-push-apply/-/safe-push-apply-1.0.0.tgz 0ms (cache hit)
2566 http cache safe-regex-test@https://registry.npmjs.org/safe-regex-test/-/safe-regex-test-1.1.0.tgz 0ms (cache hit)
2567 http cache own-keys@https://registry.npmjs.org/own-keys/-/own-keys-1.0.2.tgz 0ms (cache hit)
2568 http cache regexp.prototype.flags@https://registry.npmjs.org/regexp.prototype.flags/-/regexp.prototype.flags-1.5.4.tgz 0ms (cache hit)
2569 http cache object-inspect@https://registry.npmjs.org/object-inspect/-/object-inspect-1.13.4.tgz 0ms (cache hit)
2570 http cache is-weakref@https://registry.npmjs.org/is-weakref/-/is-weakref-1.1.1.tgz 0ms (cache hit)
2571 http cache safe-array-concat@https://registry.npmjs.org/safe-array-concat/-/safe-array-concat-1.1.4.tgz 0ms (cache hit)
2572 http cache is-typed-array@https://registry.npmjs.org/is-typed-array/-/is-typed-array-1.1.15.tgz 0ms (cache hit)
2573 http cache object.assign@https://registry.npmjs.org/object.assign/-/object.assign-4.1.7.tgz 0ms (cache hit)
2574 http cache is-shared-array-buffer@https://registry.npmjs.org/is-shared-array-buffer/-/is-shared-array-buffer-1.0.4.tgz 0ms (cache hit)
2575 http cache is-set@https://registry.npmjs.org/is-set/-/is-set-2.0.3.tgz 0ms (cache hit)
2576 http cache is-regex@https://registry.npmjs.org/is-regex/-/is-regex-1.2.1.tgz 0ms (cache hit)
2577 http cache is-data-view@https://registry.npmjs.org/is-data-view/-/is-data-view-1.0.2.tgz 0ms (cache hit)
2578 http cache is-callable@https://registry.npmjs.org/is-callable/-/is-callable-1.2.7.tgz 0ms (cache hit)
2579 http cache is-negative-zero@https://registry.npmjs.org/is-negative-zero/-/is-negative-zero-2.0.3.tgz 0ms (cache hit)
2580 http cache is-array-buffer@https://registry.npmjs.org/is-array-buffer/-/is-array-buffer-3.0.5.tgz 0ms (cache hit)
2581 http cache has-symbols@https://registry.npmjs.org/has-symbols/-/has-symbols-1.1.0.tgz 0ms (cache hit)
2582 http cache has-proto@https://registry.npmjs.org/has-proto/-/has-proto-1.2.0.tgz 0ms (cache hit)
2583 http cache internal-slot@https://registry.npmjs.org/internal-slot/-/internal-slot-1.1.0.tgz 0ms (cache hit)
2584 http cache get-symbol-description@https://registry.npmjs.org/get-symbol-description/-/get-symbol-description-1.1.0.tgz 0ms (cache hit)
2585 http cache globalthis@https://registry.npmjs.org/globalthis/-/globalthis-1.0.4.tgz 0ms (cache hit)
2586 http cache function.prototype.name@https://registry.npmjs.org/function.prototype.name/-/function.prototype.name-1.2.0.tgz 0ms (cache hit)
2587 http cache get-proto@https://registry.npmjs.org/get-proto/-/get-proto-1.0.1.tgz 0ms (cache hit)
2588 http cache es-to-primitive@https://registry.npmjs.org/es-to-primitive/-/es-to-primitive-1.3.4.tgz 0ms (cache hit)
2589 http cache data-view-byte-offset@https://registry.npmjs.org/data-view-byte-offset/-/data-view-byte-offset-1.0.1.tgz 0ms (cache hit)
2590 http cache data-view-buffer@https://registry.npmjs.org/data-view-buffer/-/data-view-buffer-1.0.2.tgz 0ms (cache hit)
2591 http cache data-view-byte-length@https://registry.npmjs.org/data-view-byte-length/-/data-view-byte-length-1.0.2.tgz 0ms (cache hit)
2592 http cache es-set-tostringtag@https://registry.npmjs.org/es-set-tostringtag/-/es-set-tostringtag-2.1.0.tgz 0ms (cache hit)
2593 http cache arraybuffer.prototype.slice@https://registry.npmjs.org/arraybuffer.prototype.slice/-/arraybuffer.prototype.slice-1.0.4.tgz 0ms (cache hit)
2594 http cache array-buffer-byte-length@https://registry.npmjs.org/array-buffer-byte-length/-/array-buffer-byte-length-1.0.2.tgz 0ms (cache hit)
2595 http cache available-typed-arrays@https://registry.npmjs.org/available-typed-arrays/-/available-typed-arrays-1.0.7.tgz 0ms (cache hit)
2596 http cache object-keys@https://registry.npmjs.org/object-keys/-/object-keys-1.1.1.tgz 0ms (cache hit)
2597 http cache function-bind@https://registry.npmjs.org/function-bind/-/function-bind-1.1.2.tgz 0ms (cache hit)
2598 http cache set-function-length@https://registry.npmjs.org/set-function-length/-/set-function-length-1.2.2.tgz 0ms (cache hit)
2599 http cache define-data-property@https://registry.npmjs.org/define-data-property/-/define-data-property-1.1.4.tgz 0ms (cache hit)
2600 http cache gopd@https://registry.npmjs.org/gopd/-/gopd-1.2.0.tgz 0ms (cache hit)
2601 http cache es-define-property@https://registry.npmjs.org/es-define-property/-/es-define-property-1.0.1.tgz 0ms (cache hit)
2602 http cache es-errors@https://registry.npmjs.org/es-errors/-/es-errors-1.3.0.tgz 0ms (cache hit)
2603 http cache es-shim-unscopables@https://registry.npmjs.org/es-shim-unscopables/-/es-shim-unscopables-1.1.0.tgz 0ms (cache hit)
2604 http cache call-bind-apply-helpers@https://registry.npmjs.org/call-bind-apply-helpers/-/call-bind-apply-helpers-1.0.2.tgz 0ms (cache hit)
2605 http cache math-intrinsics@https://registry.npmjs.org/math-intrinsics/-/math-intrinsics-1.1.0.tgz 0ms (cache hit)
2606 http cache has-property-descriptors@https://registry.npmjs.org/has-property-descriptors/-/has-property-descriptors-1.0.2.tgz 0ms (cache hit)
2607 http cache is-string@https://registry.npmjs.org/is-string/-/is-string-1.1.1.tgz 0ms (cache hit)
2608 http cache get-intrinsic@https://registry.npmjs.org/get-intrinsic/-/get-intrinsic-1.3.0.tgz 0ms (cache hit)
2609 http cache define-properties@https://registry.npmjs.org/define-properties/-/define-properties-1.2.1.tgz 0ms (cache hit)
2610 http cache es-object-atoms@https://registry.npmjs.org/es-object-atoms/-/es-object-atoms-1.1.2.tgz 0ms (cache hit)
2611 http cache call-bind@https://registry.npmjs.org/call-bind/-/call-bind-1.0.9.tgz 0ms (cache hit)
2612 http cache call-bound@https://registry.npmjs.org/call-bound/-/call-bound-1.0.4.tgz 0ms (cache hit)
2613 http cache string.prototype.trimend@https://registry.npmjs.org/string.prototype.trimend/-/string.prototype.trimend-1.0.10.tgz 0ms (cache hit)
2614 http cache es-abstract@https://registry.npmjs.org/es-abstract/-/es-abstract-1.24.2.tgz 0ms (cache hit)
2615 http cache tsconfig-paths@https://registry.npmjs.org/tsconfig-paths/-/tsconfig-paths-3.15.0.tgz 0ms (cache hit)
2616 http cache object.fromentries@https://registry.npmjs.org/object.fromentries/-/object.fromentries-2.0.8.tgz 0ms (cache hit)
2617 http cache hasown@https://registry.npmjs.org/hasown/-/hasown-2.0.4.tgz 0ms (cache hit)
2618 http cache object.values@https://registry.npmjs.org/object.values/-/object.values-1.2.1.tgz 0ms (cache hit)
2619 http cache object.groupby@https://registry.npmjs.org/object.groupby/-/object.groupby-1.0.3.tgz 0ms (cache hit)
2620 http cache array.prototype.flatmap@https://registry.npmjs.org/array.prototype.flatmap/-/array.prototype.flatmap-1.3.3.tgz 0ms (cache hit)
2621 http cache array.prototype.flat@https://registry.npmjs.org/array.prototype.flat/-/array.prototype.flat-1.3.3.tgz 0ms (cache hit)
2622 http cache array.prototype.findlastindex@https://registry.npmjs.org/array.prototype.findlastindex/-/array.prototype.findlastindex-1.2.6.tgz 0ms (cache hit)
2623 http cache eslint-module-utils@https://registry.npmjs.org/eslint-module-utils/-/eslint-module-utils-2.14.0.tgz 0ms (cache hit)
2624 http cache array-includes@https://registry.npmjs.org/array-includes/-/array-includes-3.1.9.tgz 0ms (cache hit)
2625 http cache @rtsao/scc@https://registry.npmjs.org/@rtsao/scc/-/scc-1.1.0.tgz 0ms (cache hit)
2626 http cache stable-hash@https://registry.npmjs.org/stable-hash/-/stable-hash-0.0.5.tgz 0ms (cache hit)
2627 http cache is-bun-module@https://registry.npmjs.org/is-bun-module/-/is-bun-module-2.0.0.tgz 0ms (cache hit)
2628 http cache get-tsconfig@https://registry.npmjs.org/get-tsconfig/-/get-tsconfig-4.14.1.tgz 0ms (cache hit)
2629 http cache @nolyfill/is-core-module@https://registry.npmjs.org/@nolyfill/is-core-module/-/is-core-module-1.0.39.tgz 0ms (cache hit)
2630 http cache tinyglobby@https://registry.npmjs.org/tinyglobby/-/tinyglobby-0.2.17.tgz 0ms (cache hit)
2631 http cache resolve@https://registry.npmjs.org/resolve/-/resolve-2.0.0-next.7.tgz 0ms (cache hit)
2632 http cache ts-api-utils@https://registry.npmjs.org/ts-api-utils/-/ts-api-utils-1.4.3.tgz 0ms (cache hit)
2633 http cache globby@https://registry.npmjs.org/globby/-/globby-11.1.0.tgz 0ms (cache hit)
2634 http cache unrs-resolver@https://registry.npmjs.org/unrs-resolver/-/unrs-resolver-1.12.2.tgz 0ms (cache hit)
2635 http cache is-core-module@https://registry.npmjs.org/is-core-module/-/is-core-module-2.16.2.tgz 0ms (cache hit)
2636 http cache semver@https://registry.npmjs.org/semver/-/semver-7.8.5.tgz 0ms (cache hit)
2637 http cache @typescript-eslint/typescript-estree@https://registry.npmjs.org/@typescript-eslint/typescript-estree/-/typescript-estree-7.2.0.tgz 0ms (cache hit)
2638 http cache @typescript-eslint/types@https://registry.npmjs.org/@typescript-eslint/types/-/types-7.2.0.tgz 0ms (cache hit)
2639 http cache @typescript-eslint/scope-manager@https://registry.npmjs.org/@typescript-eslint/scope-manager/-/scope-manager-7.2.0.tgz 0ms (cache hit)
2640 http cache @typescript-eslint/visitor-keys@https://registry.npmjs.org/@typescript-eslint/visitor-keys/-/visitor-keys-7.2.0.tgz 0ms (cache hit)
2641 http cache glob@https://registry.npmjs.org/glob/-/glob-10.3.10.tgz 0ms (cache hit)
2642 http cache eslint-plugin-react@https://registry.npmjs.org/eslint-plugin-react/-/eslint-plugin-react-7.37.5.tgz 0ms (cache hit)
2643 http cache eslint-plugin-jsx-a11y@https://registry.npmjs.org/eslint-plugin-jsx-a11y/-/eslint-plugin-jsx-a11y-6.10.2.tgz 0ms (cache hit)
2644 http cache eslint-plugin-import@https://registry.npmjs.org/eslint-plugin-import/-/eslint-plugin-import-2.32.0.tgz 0ms (cache hit)
2645 http cache eslint-plugin-react-hooks@https://registry.npmjs.org/eslint-plugin-react-hooks/-/eslint-plugin-react-hooks-5.0.0-canary-7118f5dd7-20230705.tgz 0ms (cache hit)
2646 http cache eslint-import-resolver-typescript@https://registry.npmjs.org/eslint-import-resolver-typescript/-/eslint-import-resolver-typescript-3.10.1.tgz 0ms (cache hit)
2647 http cache @typescript-eslint/parser@https://registry.npmjs.org/@typescript-eslint/parser/-/parser-7.2.0.tgz 0ms (cache hit)
2648 http cache @rushstack/eslint-patch@https://registry.npmjs.org/@rushstack/eslint-patch/-/eslint-patch-1.16.1.tgz 0ms (cache hit)
2649 http cache @next/eslint-plugin-next@https://registry.npmjs.org/@next/eslint-plugin-next/-/eslint-plugin-next-14.2.5.tgz 0ms (cache hit)
2650 http cache ms@https://registry.npmjs.org/ms/-/ms-2.1.3.tgz 0ms (cache hit)
2651 http cache eslint-import-resolver-node@https://registry.npmjs.org/eslint-import-resolver-node/-/eslint-import-resolver-node-0.3.10.tgz 0ms (cache hit)
2652 http cache shebang-command@https://registry.npmjs.org/shebang-command/-/shebang-command-2.0.0.tgz 0ms (cache hit)
2653 http cache which@https://registry.npmjs.org/which/-/which-2.0.2.tgz 0ms (cache hit)
2654 http cache path-key@https://registry.npmjs.org/path-key/-/path-key-3.1.1.tgz 0ms (cache hit)
2655 http cache color-name@https://registry.npmjs.org/color-name/-/color-name-1.1.4.tgz 0ms (cache hit)
2656 http cache color-convert@https://registry.npmjs.org/color-convert/-/color-convert-2.0.1.tgz 0ms (cache hit)
2657 http cache supports-color@https://registry.npmjs.org/supports-color/-/supports-color-7.2.0.tgz 0ms (cache hit)
2658 http cache json-schema-traverse@https://registry.npmjs.org/json-schema-traverse/-/json-schema-traverse-0.4.1.tgz 0ms (cache hit)
2659 http cache fast-json-stable-stringify@https://registry.npmjs.org/fast-json-stable-stringify/-/fast-json-stable-stringify-2.1.0.tgz 0ms (cache hit)
2660 http cache ansi-styles@https://registry.npmjs.org/ansi-styles/-/ansi-styles-4.3.0.tgz 0ms (cache hit)
2661 http cache run-parallel@https://registry.npmjs.org/run-parallel/-/run-parallel-1.2.0.tgz 0ms (cache hit)
2662 http cache uri-js@https://registry.npmjs.org/uri-js/-/uri-js-4.4.1.tgz 0ms (cache hit)
2663 http cache fastq@https://registry.npmjs.org/fastq/-/fastq-1.20.1.tgz 0ms (cache hit)
2664 http cache @nodelib/fs.scandir@https://registry.npmjs.org/@nodelib/fs.scandir/-/fs.scandir-2.1.5.tgz 0ms (cache hit)
2665 http cache import-fresh@https://registry.npmjs.org/import-fresh/-/import-fresh-3.3.1.tgz 0ms (cache hit)
2666 http cache @humanwhocodes/object-schema@https://registry.npmjs.org/@humanwhocodes/object-schema/-/object-schema-2.0.3.tgz 0ms (cache hit)
2667 http cache @nodelib/fs.stat@https://registry.npmjs.org/@nodelib/fs.stat/-/fs.stat-2.0.5.tgz 0ms (cache hit)
2668 http cache strip-json-comments@https://registry.npmjs.org/strip-json-comments/-/strip-json-comments-3.1.1.tgz 0ms (cache hit)
2669 http cache text-table@https://registry.npmjs.org/text-table/-/text-table-0.2.0.tgz 0ms (cache hit)
2670 http cache natural-compare@https://registry.npmjs.org/natural-compare/-/natural-compare-1.4.0.tgz 0ms (cache hit)
2671 http cache lodash.merge@https://registry.npmjs.org/lodash.merge/-/lodash.merge-4.6.2.tgz 0ms (cache hit)
2672 http cache levn@https://registry.npmjs.org/levn/-/levn-0.4.1.tgz 0ms (cache hit)
2673 http cache json-stable-stringify-without-jsonify@https://registry.npmjs.org/json-stable-stringify-without-jsonify/-/json-stable-stringify-without-jsonify-1.0.1.tgz 0ms (cache hit)
2674 http cache js-yaml@https://registry.npmjs.org/js-yaml/-/js-yaml-4.3.1.tgz 0ms (cache hit)
2675 http cache is-path-inside@https://registry.npmjs.org/is-path-inside/-/is-path-inside-3.0.3.tgz 0ms (cache hit)
2676 http cache is-glob@https://registry.npmjs.org/is-glob/-/is-glob-4.0.3.tgz 0ms (cache hit)
2677 http cache strip-ansi@https://registry.npmjs.org/strip-ansi/-/strip-ansi-6.0.1.tgz 0ms (cache hit)
2678 http cache imurmurhash@https://registry.npmjs.org/imurmurhash/-/imurmurhash-0.1.4.tgz 0ms (cache hit)
2679 http cache graphemer@https://registry.npmjs.org/graphemer/-/graphemer-1.4.0.tgz 0ms (cache hit)
2680 http cache globals@https://registry.npmjs.org/globals/-/globals-13.24.0.tgz 0ms (cache hit)
2681 http cache minimatch@https://registry.npmjs.org/minimatch/-/minimatch-3.1.5.tgz 0ms (cache hit)
2682 http cache optionator@https://registry.npmjs.org/optionator/-/optionator-0.9.4.tgz 0ms (cache hit)
2683 http cache find-up@https://registry.npmjs.org/find-up/-/find-up-5.0.0.tgz 0ms (cache hit)
2684 http cache file-entry-cache@https://registry.npmjs.org/file-entry-cache/-/file-entry-cache-6.0.1.tgz 0ms (cache hit)
2685 http cache fast-deep-equal@https://registry.npmjs.org/fast-deep-equal/-/fast-deep-equal-3.1.3.tgz 0ms (cache hit)
2686 http cache esutils@https://registry.npmjs.org/esutils/-/esutils-2.0.3.tgz 0ms (cache hit)
2687 http cache esquery@https://registry.npmjs.org/esquery/-/esquery-1.7.0.tgz 0ms (cache hit)
2688 http cache ignore@https://registry.npmjs.org/ignore/-/ignore-5.3.2.tgz 0ms (cache hit)
2689 http cache espree@https://registry.npmjs.org/espree/-/espree-9.6.1.tgz 0ms (cache hit)
2690 http cache eslint-visitor-keys@https://registry.npmjs.org/eslint-visitor-keys/-/eslint-visitor-keys-3.4.3.tgz 0ms (cache hit)
2691 http cache escape-string-regexp@https://registry.npmjs.org/escape-string-regexp/-/escape-string-regexp-4.0.0.tgz 0ms (cache hit)
2692 http cache doctrine@https://registry.npmjs.org/doctrine/-/doctrine-3.0.0.tgz 0ms (cache hit)
2693 http cache eslint-scope@https://registry.npmjs.org/eslint-scope/-/eslint-scope-7.2.2.tgz 0ms (cache hit)
2694 http cache debug@https://registry.npmjs.org/debug/-/debug-4.4.3.tgz 0ms (cache hit)
2695 http cache glob-parent@https://registry.npmjs.org/glob-parent/-/glob-parent-6.0.2.tgz 0ms (cache hit)
2696 http cache ajv@https://registry.npmjs.org/ajv/-/ajv-6.15.0.tgz 0ms (cache hit)
2697 http cache cross-spawn@https://registry.npmjs.org/cross-spawn/-/cross-spawn-7.0.6.tgz 0ms (cache hit)
2698 http cache chalk@https://registry.npmjs.org/chalk/-/chalk-4.1.2.tgz 0ms (cache hit)
2699 http cache @nodelib/fs.walk@https://registry.npmjs.org/@nodelib/fs.walk/-/fs.walk-1.2.8.tgz 0ms (cache hit)
2700 http cache @ungap/structured-clone@https://registry.npmjs.org/@ungap/structured-clone/-/structured-clone-1.3.3.tgz 0ms (cache hit)
2701 http cache @humanwhocodes/module-importer@https://registry.npmjs.org/@humanwhocodes/module-importer/-/module-importer-1.0.1.tgz 0ms (cache hit)
2702 http cache @humanwhocodes/config-array@https://registry.npmjs.org/@humanwhocodes/config-array/-/config-array-0.13.0.tgz 0ms (cache hit)
2703 http cache @eslint-community/regexpp@https://registry.npmjs.org/@eslint-community/regexpp/-/regexpp-4.12.2.tgz 0ms (cache hit)
2704 http cache @eslint-community/eslint-utils@https://registry.npmjs.org/@eslint-community/eslint-utils/-/eslint-utils-4.10.1.tgz 0ms (cache hit)
2705 http cache update-browserslist-db@https://registry.npmjs.org/update-browserslist-db/-/update-browserslist-db-1.3.1.tgz 0ms (cache hit)
2706 http cache @eslint/js@https://registry.npmjs.org/@eslint/js/-/js-8.57.1.tgz 0ms (cache hit)
2707 http cache node-releases@https://registry.npmjs.org/node-releases/-/node-releases-2.0.53.tgz 0ms (cache hit)
2708 http cache electron-to-chromium@https://registry.npmjs.org/electron-to-chromium/-/electron-to-chromium-1.5.404.tgz 0ms (cache hit)
2709 http cache @eslint/eslintrc@https://registry.npmjs.org/@eslint/eslintrc/-/eslintrc-2.1.4.tgz 0ms (cache hit)
2710 http cache postcss-value-parser@https://registry.npmjs.org/postcss-value-parser/-/postcss-value-parser-4.2.0.tgz 0ms (cache hit)
2711 http cache picocolors@https://registry.npmjs.org/picocolors/-/picocolors-1.1.1.tgz 0ms (cache hit)
2712 http cache baseline-browser-mapping@https://registry.npmjs.org/baseline-browser-mapping/-/baseline-browser-mapping-2.11.13.tgz 0ms (cache hit)
2713 http cache fraction.js@https://registry.npmjs.org/fraction.js/-/fraction.js-5.3.4.tgz 0ms (cache hit)
2714 http cache browserslist@https://registry.npmjs.org/browserslist/-/browserslist-4.28.8.tgz 0ms (cache hit)
2715 http cache caniuse-lite@https://registry.npmjs.org/caniuse-lite/-/caniuse-lite-1.0.30001809.tgz 0ms (cache hit)
2716 http cache react-dom@https://registry.npmjs.org/react-dom/-/react-dom-18.3.1.tgz 0ms (cache hit)
2717 http cache tailwindcss@https://registry.npmjs.org/tailwindcss/-/tailwindcss-3.4.19.tgz 0ms (cache hit)
2718 http cache typescript@https://registry.npmjs.org/typescript/-/typescript-5.9.3.tgz 0ms (cache hit)
2719 http cache react@https://registry.npmjs.org/react/-/react-18.3.1.tgz 0ms (cache hit)
2720 http cache framer-motion@https://registry.npmjs.org/framer-motion/-/framer-motion-11.18.2.tgz 0ms (cache hit)
2721 http cache eslint-config-next@https://registry.npmjs.org/eslint-config-next/-/eslint-config-next-14.2.5.tgz 0ms (cache hit)
2722 http cache next@https://registry.npmjs.org/next/-/next-14.2.5.tgz 0ms (cache hit)
2723 http cache postcss@https://registry.npmjs.org/postcss/-/postcss-8.5.26.tgz 0ms (cache hit)
2724 http cache autoprefixer@https://registry.npmjs.org/autoprefixer/-/autoprefixer-10.5.4.tgz 0ms (cache hit)
2725 http cache resolve@https://registry.npmjs.org/resolve/-/resolve-1.22.12.tgz 0ms (cache hit)
2726 http cache glob-parent@https://registry.npmjs.org/glob-parent/-/glob-parent-5.1.2.tgz 0ms (cache hit)
2727 http cache eslint@https://registry.npmjs.org/eslint/-/eslint-8.57.1.tgz 0ms (cache hit)
2728 http cache string-width@https://registry.npmjs.org/string-width/-/string-width-4.2.3.tgz 0ms (cache hit)
2729 http cache emoji-regex@https://registry.npmjs.org/emoji-regex/-/emoji-regex-8.0.0.tgz 0ms (cache hit)
2730 http cache ansi-regex@https://registry.npmjs.org/ansi-regex/-/ansi-regex-6.2.2.tgz 0ms (cache hit)
2731 http cache emoji-regex@https://registry.npmjs.org/emoji-regex/-/emoji-regex-8.0.0.tgz 0ms (cache hit)
2732 http cache ansi-styles@https://registry.npmjs.org/ansi-styles/-/ansi-styles-6.2.3.tgz 0ms (cache hit)
2733 http cache semver@https://registry.npmjs.org/semver/-/semver-6.3.1.tgz 0ms (cache hit)
2734 http cache strip-ansi@https://registry.npmjs.org/strip-ansi/-/strip-ansi-7.2.0.tgz 0ms (cache hit)
2735 http cache ansi-regex@https://registry.npmjs.org/ansi-regex/-/ansi-regex-6.2.2.tgz 0ms (cache hit)
2736 http cache ansi-regex@https://registry.npmjs.org/ansi-regex/-/ansi-regex-6.2.2.tgz 0ms (cache hit)
2737 http cache strip-ansi@https://registry.npmjs.org/strip-ansi/-/strip-ansi-7.2.0.tgz 0ms (cache hit)
2738 http cache strip-ansi@https://registry.npmjs.org/strip-ansi/-/strip-ansi-7.2.0.tgz 0ms (cache hit)
2739 http cache glob-parent@https://registry.npmjs.org/glob-parent/-/glob-parent-5.1.2.tgz 0ms (cache hit)
2740 http cache glob@https://registry.npmjs.org/glob/-/glob-7.2.3.tgz 0ms (cache hit)
2741 http cache debug@https://registry.npmjs.org/debug/-/debug-3.2.7.tgz 0ms (cache hit)
2742 http cache picomatch@https://registry.npmjs.org/picomatch/-/picomatch-4.0.5.tgz 0ms (cache hit)
2743 http cache fdir@https://registry.npmjs.org/fdir/-/fdir-6.5.0.tgz 0ms (cache hit)
2744 http cache brace-expansion@https://registry.npmjs.org/brace-expansion/-/brace-expansion-2.1.4.tgz 0ms (cache hit)
2745 http cache minimatch@https://registry.npmjs.org/minimatch/-/minimatch-9.0.9.tgz 0ms (cache hit)
2746 http cache brace-expansion@https://registry.npmjs.org/brace-expansion/-/brace-expansion-2.1.4.tgz 0ms (cache hit)
2747 http cache minimatch@https://registry.npmjs.org/minimatch/-/minimatch-9.0.3.tgz 0ms (cache hit)
2748 http cache semver@https://registry.npmjs.org/semver/-/semver-6.3.1.tgz 0ms (cache hit)
2749 http cache doctrine@https://registry.npmjs.org/doctrine/-/doctrine-2.1.0.tgz 0ms (cache hit)
2750 http cache debug@https://registry.npmjs.org/debug/-/debug-3.2.7.tgz 0ms (cache hit)
2751 http cache doctrine@https://registry.npmjs.org/doctrine/-/doctrine-2.1.0.tgz 0ms (cache hit)
2752 http cache semver@https://registry.npmjs.org/semver/-/semver-6.3.1.tgz 0ms (cache hit)
2753 silly tarball no local data for once@https://registry.npmjs.org/once/-/once-1.4.0.tgz. Extracting by manifest.
2754 http cache debug@https://registry.npmjs.org/debug/-/debug-3.2.7.tgz 0ms (cache hit)
2755 silly tarball no local data for path-is-absolute@https://registry.npmjs.org/path-is-absolute/-/path-is-absolute-1.0.1.tgz. Extracting by manifest.
2756 silly tarball no local data for wrappy@https://registry.npmjs.org/wrappy/-/wrappy-1.0.2.tgz. Extracting by manifest.
2757 silly tarball no local data for inherits@https://registry.npmjs.org/inherits/-/inherits-2.0.4.tgz. Extracting by manifest.
2758 silly tarball no local data for inflight@https://registry.npmjs.org/inflight/-/inflight-1.0.6.tgz. Extracting by manifest.
2759 silly tarball no local data for is-weakset@https://registry.npmjs.org/is-weakset/-/is-weakset-2.0.4.tgz. Extracting by manifest.
2760 silly tarball no local data for is-weakmap@https://registry.npmjs.org/is-weakmap/-/is-weakmap-2.0.2.tgz. Extracting by manifest.
2761 http cache resolve@https://registry.npmjs.org/resolve/-/resolve-1.22.12.tgz 0ms (cache hit)
2762 silly tarball no local data for fs.realpath@https://registry.npmjs.org/fs.realpath/-/fs.realpath-1.0.0.tgz. Extracting by manifest.
2763 silly tarball no local data for is-map@https://registry.npmjs.org/is-map/-/is-map-2.0.3.tgz. Extracting by manifest.
2764 silly tarball no local data for async-function@https://registry.npmjs.org/async-function/-/async-function-1.0.0.tgz. Extracting by manifest.
2765 silly tarball no local data for generator-function@https://registry.npmjs.org/generator-function/-/generator-function-2.0.1.tgz. Extracting by manifest.
2766 silly tarball no local data for is-finalizationregistry@https://registry.npmjs.org/is-finalizationregistry/-/is-finalizationregistry-1.1.1.tgz. Extracting by manifest.
2767 silly tarball no local data for which-collection@https://registry.npmjs.org/which-collection/-/which-collection-1.0.2.tgz. Extracting by manifest.
2768 http cache postcss@https://registry.npmjs.org/postcss/-/postcss-8.4.31.tgz 0ms (cache hit)
2769 silly tarball no local data for is-async-function@https://registry.npmjs.org/is-async-function/-/is-async-function-2.1.1.tgz. Extracting by manifest.
2770 silly tarball no local data for is-generator-function@https://registry.npmjs.org/is-generator-function/-/is-generator-function-1.1.2.tgz. Extracting by manifest.
2771 silly tarball no local data for punycode@https://registry.npmjs.org/punycode/-/punycode-2.3.1.tgz. Extracting by manifest.
2772 silly tarball no local data for is-number-object@https://registry.npmjs.org/is-number-object/-/is-number-object-1.1.1.tgz. Extracting by manifest.
2773 silly tarball no local data for isexe@https://registry.npmjs.org/isexe/-/isexe-2.0.0.tgz. Extracting by manifest.
2774 silly tarball no local data for escalade@https://registry.npmjs.org/escalade/-/escalade-3.2.0.tgz. Extracting by manifest.
2775 silly tarball no local data for is-boolean-object@https://registry.npmjs.org/is-boolean-object/-/is-boolean-object-1.2.2.tgz. Extracting by manifest.
2776 silly tarball no local data for @unrs/resolver-binding-darwin-arm64@https://registry.npmjs.org/@unrs/resolver-binding-darwin-arm64/-/resolver-binding-darwin-arm64-1.12.2.tgz. Extracting by manifest.
2777 silly tarball no local data for is-bigint@https://registry.npmjs.org/is-bigint/-/is-bigint-1.1.0.tgz. Extracting by manifest.
2778 silly tarball no local data for napi-postinstall@https://registry.npmjs.org/napi-postinstall/-/napi-postinstall-0.3.4.tgz. Extracting by manifest.
2779 silly tarball no local data for which-boxed-primitive@https://registry.npmjs.org/which-boxed-primitive/-/which-boxed-primitive-1.1.1.tgz. Extracting by manifest.
2780 silly tarball no local data for has-bigints@https://registry.npmjs.org/has-bigints/-/has-bigints-1.1.0.tgz. Extracting by manifest.
2781 silly tarball no local data for reflect.getprototypeof@https://registry.npmjs.org/reflect.getprototypeof/-/reflect.getprototypeof-1.0.10.tgz. Extracting by manifest.
2782 silly tarball no local data for strip-bom@https://registry.npmjs.org/strip-bom/-/strip-bom-3.0.0.tgz. Extracting by manifest.
2783 silly tarball no local data for for-each@https://registry.npmjs.org/for-each/-/for-each-0.3.5.tgz. Extracting by manifest.
2784 silly tarball no local data for json5@https://registry.npmjs.org/json5/-/json5-1.0.2.tgz. Extracting by manifest.
2785 silly tarball no local data for minimist@https://registry.npmjs.org/minimist/-/minimist-1.2.8.tgz. Extracting by manifest.
2786 silly tarball no local data for which-builtin-type@https://registry.npmjs.org/which-builtin-type/-/which-builtin-type-1.2.1.tgz. Extracting by manifest.
2787 silly tarball no local data for is-number@https://registry.npmjs.org/is-number/-/is-number-7.0.0.tgz. Extracting by manifest.
2788 silly tarball no local data for thenify@https://registry.npmjs.org/thenify/-/thenify-3.3.1.tgz. Extracting by manifest.
2789 silly tarball no local data for thenify-all@https://registry.npmjs.org/thenify-all/-/thenify-all-1.6.0.tgz. Extracting by manifest.
2790 silly tarball no local data for @types/json5@https://registry.npmjs.org/@types/json5/-/json5-0.0.29.tgz. Extracting by manifest.
2791 silly tarball no local data for any-promise@https://registry.npmjs.org/any-promise/-/any-promise-1.3.0.tgz. Extracting by manifest.
2792 silly tarball no local data for @jridgewell/trace-mapping@https://registry.npmjs.org/@jridgewell/trace-mapping/-/trace-mapping-0.3.31.tgz. Extracting by manifest.
2793 silly tarball no local data for ts-interface-checker@https://registry.npmjs.org/ts-interface-checker/-/ts-interface-checker-0.1.13.tgz. Extracting by manifest.
2794 silly tarball no local data for @jridgewell/resolve-uri@https://registry.npmjs.org/@jridgewell/resolve-uri/-/resolve-uri-3.1.2.tgz. Extracting by manifest.
2795 silly tarball no local data for lines-and-columns@https://registry.npmjs.org/lines-and-columns/-/lines-and-columns-1.2.4.tgz. Extracting by manifest.
2796 silly tarball no local data for commander@https://registry.npmjs.org/commander/-/commander-4.1.1.tgz. Extracting by manifest.
2797 silly tarball no local data for pirates@https://registry.npmjs.org/pirates/-/pirates-4.0.7.tgz. Extracting by manifest.
2798 silly tarball no local data for @jridgewell/sourcemap-codec@https://registry.npmjs.org/@jridgewell/sourcemap-codec/-/sourcemap-codec-1.5.5.tgz. Extracting by manifest.
2799 silly tarball no local data for pify@https://registry.npmjs.org/pify/-/pify-2.3.0.tgz. Extracting by manifest.
2800 silly tarball no local data for mz@https://registry.npmjs.org/mz/-/mz-2.7.0.tgz. Extracting by manifest.
2801 silly tarball no local data for @jridgewell/gen-mapping@https://registry.npmjs.org/@jridgewell/gen-mapping/-/gen-mapping-0.3.13.tgz. Extracting by manifest.
2802 silly tarball no local data for util-deprecate@https://registry.npmjs.org/util-deprecate/-/util-deprecate-1.0.2.tgz. Extracting by manifest.
2803 silly tarball no local data for cssesc@https://registry.npmjs.org/cssesc/-/cssesc-3.0.0.tgz. Extracting by manifest.
2804 silly tarball no local data for camelcase-css@https://registry.npmjs.org/camelcase-css/-/camelcase-css-2.0.1.tgz. Extracting by manifest.
2805 silly tarball no local data for read-cache@https://registry.npmjs.org/read-cache/-/read-cache-1.0.0.tgz. Extracting by manifest.
2806 silly tarball no local data for is-binary-path@https://registry.npmjs.org/is-binary-path/-/is-binary-path-2.1.0.tgz. Extracting by manifest.
2807 silly tarball no local data for binary-extensions@https://registry.npmjs.org/binary-extensions/-/binary-extensions-2.3.0.tgz. Extracting by manifest.
2808 silly tarball no local data for anymatch@https://registry.npmjs.org/anymatch/-/anymatch-3.1.3.tgz. Extracting by manifest.
2809 silly tarball no local data for readdirp@https://registry.npmjs.org/readdirp/-/readdirp-3.6.0.tgz. Extracting by manifest.
2810 silly tarball no local data for sucrase@https://registry.npmjs.org/sucrase/-/sucrase-3.35.1.tgz. Extracting by manifest.
2811 silly tarball no local data for postcss-selector-parser@https://registry.npmjs.org/postcss-selector-parser/-/postcss-selector-parser-6.1.4.tgz. Extracting by manifest.
2812 silly tarball no local data for fsevents@https://registry.npmjs.org/fsevents/-/fsevents-2.3.3.tgz. Extracting by manifest.
2813 silly tarball no local data for postcss-js@https://registry.npmjs.org/postcss-js/-/postcss-js-4.1.0.tgz. Extracting by manifest.
2814 silly tarball no local data for object-hash@https://registry.npmjs.org/object-hash/-/object-hash-3.0.0.tgz. Extracting by manifest.
2815 silly tarball no local data for normalize-path@https://registry.npmjs.org/normalize-path/-/normalize-path-3.0.0.tgz. Extracting by manifest.
2816 silly tarball no local data for postcss-import@https://registry.npmjs.org/postcss-import/-/postcss-import-15.1.0.tgz. Extracting by manifest.
2817 silly tarball no local data for jiti@https://registry.npmjs.org/jiti/-/jiti-1.21.7.tgz. Extracting by manifest.
2818 silly tarball no local data for postcss-nested@https://registry.npmjs.org/postcss-nested/-/postcss-nested-6.2.0.tgz. Extracting by manifest.
2819 silly tarball no local data for didyoumean@https://registry.npmjs.org/didyoumean/-/didyoumean-1.2.2.tgz. Extracting by manifest.
2820 silly tarball no local data for dlv@https://registry.npmjs.org/dlv/-/dlv-1.1.3.tgz. Extracting by manifest.
2821 silly tarball no local data for lilconfig@https://registry.npmjs.org/lilconfig/-/lilconfig-3.1.3.tgz. Extracting by manifest.
2822 silly tarball no local data for arg@https://registry.npmjs.org/arg/-/arg-5.0.2.tgz. Extracting by manifest.
2823 silly tarball no local data for postcss-load-config@https://registry.npmjs.org/postcss-load-config/-/postcss-load-config-6.0.1.tgz. Extracting by manifest.
2824 silly tarball no local data for has-flag@https://registry.npmjs.org/has-flag/-/has-flag-4.0.0.tgz. Extracting by manifest.
2825 silly tarball no local data for @alloc/quick-lru@https://registry.npmjs.org/@alloc/quick-lru/-/quick-lru-5.2.0.tgz. Extracting by manifest.
2826 silly tarball no local data for client-only@https://registry.npmjs.org/client-only/-/client-only-0.0.1.tgz. Extracting by manifest.
2827 silly tarball no local data for eastasianwidth@https://registry.npmjs.org/eastasianwidth/-/eastasianwidth-0.2.0.tgz. Extracting by manifest.
2828 silly tarball no local data for ansi-regex@https://registry.npmjs.org/ansi-regex/-/ansi-regex-5.0.1.tgz. Extracting by manifest.
2829 silly tarball no local data for chokidar@https://registry.npmjs.org/chokidar/-/chokidar-3.6.0.tgz. Extracting by manifest.
2830 silly tarball no local data for side-channel-weakmap@https://registry.npmjs.org/side-channel-weakmap/-/side-channel-weakmap-1.0.2.tgz. Extracting by manifest.
2831 silly tarball no local data for is-fullwidth-code-point@https://registry.npmjs.org/is-fullwidth-code-point/-/is-fullwidth-code-point-3.0.0.tgz. Extracting by manifest.
2832 silly tarball no local data for side-channel-list@https://registry.npmjs.org/side-channel-list/-/side-channel-list-1.0.1.tgz. Extracting by manifest.
2833 silly tarball no local data for queue-microtask@https://registry.npmjs.org/queue-microtask/-/queue-microtask-1.2.3.tgz. Extracting by manifest.
2834 silly tarball no local data for path-parse@https://registry.npmjs.org/path-parse/-/path-parse-1.0.7.tgz. Extracting by manifest.
2835 silly tarball no local data for side-channel-map@https://registry.npmjs.org/side-channel-map/-/side-channel-map-1.0.1.tgz. Extracting by manifest.
2836 silly tarball no local data for supports-preserve-symlinks-flag@https://registry.npmjs.org/supports-preserve-symlinks-flag/-/supports-preserve-symlinks-flag-1.0.0.tgz. Extracting by manifest.
2837 silly tarball no local data for isarray@https://registry.npmjs.org/isarray/-/isarray-2.0.5.tgz. Extracting by manifest.
2838 silly tarball no local data for js-tokens@https://registry.npmjs.org/js-tokens/-/js-tokens-4.0.0.tgz. Extracting by manifest.
2839 silly tarball no local data for shebang-regex@https://registry.npmjs.org/shebang-regex/-/shebang-regex-3.0.0.tgz. Extracting by manifest.
2840 silly tarball no local data for node-exports-info@https://registry.npmjs.org/node-exports-info/-/node-exports-info-1.6.2.tgz. Extracting by manifest.
2841 silly tarball no local data for object-assign@https://registry.npmjs.org/object-assign/-/object-assign-4.1.1.tgz. Extracting by manifest.
2842 silly tarball no local data for loose-envify@https://registry.npmjs.org/loose-envify/-/loose-envify-1.4.0.tgz. Extracting by manifest.
2843 silly tarball no local data for nanoid@https://registry.npmjs.org/nanoid/-/nanoid-3.3.18.tgz. Extracting by manifest.
2844 silly tarball no local data for lru-cache@https://registry.npmjs.org/lru-cache/-/lru-cache-10.4.3.tgz. Extracting by manifest.
2845 silly tarball no local data for source-map-js@https://registry.npmjs.org/source-map-js/-/source-map-js-1.2.1.tgz. Extracting by manifest.
2846 silly tarball no local data for callsites@https://registry.npmjs.org/callsites/-/callsites-3.1.0.tgz. Extracting by manifest.
2847 silly tarball no local data for scheduler@https://registry.npmjs.org/scheduler/-/scheduler-0.23.2.tgz. Extracting by manifest.
2848 silly tarball no local data for word-wrap@https://registry.npmjs.org/word-wrap/-/word-wrap-1.2.5.tgz. Extracting by manifest.
2849 silly tarball no local data for p-limit@https://registry.npmjs.org/p-limit/-/p-limit-3.1.0.tgz. Extracting by manifest.
2850 silly tarball no local data for yocto-queue@https://registry.npmjs.org/yocto-queue/-/yocto-queue-0.1.0.tgz. Extracting by manifest.
2851 silly tarball no local data for fast-levenshtein@https://registry.npmjs.org/fast-levenshtein/-/fast-levenshtein-2.0.6.tgz. Extracting by manifest.
2852 silly tarball no local data for deep-is@https://registry.npmjs.org/deep-is/-/deep-is-0.1.4.tgz. Extracting by manifest.
2853 silly tarball no local data for streamsearch@https://registry.npmjs.org/streamsearch/-/streamsearch-1.1.0.tgz. Extracting by manifest.
2854 silly tarball no local data for graceful-fs@https://registry.npmjs.org/graceful-fs/-/graceful-fs-4.2.11.tgz. Extracting by manifest.
2855 silly tarball no local data for busboy@https://registry.npmjs.org/busboy/-/busboy-1.6.0.tgz. Extracting by manifest.
2856 silly tarball no local data for @swc/helpers@https://registry.npmjs.org/@swc/helpers/-/helpers-0.5.5.tgz. Extracting by manifest.
2857 silly tarball no local data for styled-jsx@https://registry.npmjs.org/styled-jsx/-/styled-jsx-5.1.1.tgz. Extracting by manifest.
2858 silly tarball no local data for @next/swc-darwin-arm64@https://registry.npmjs.org/@next/swc-darwin-arm64/-/swc-darwin-arm64-14.2.5.tgz. Extracting by manifest.
2859 silly tarball no local data for @next/env@https://registry.npmjs.org/@next/env/-/env-14.2.5.tgz. Extracting by manifest.
2860 silly tarball no local data for @swc/counter@https://registry.npmjs.org/@swc/counter/-/counter-0.1.3.tgz. Extracting by manifest.
2861 silly tarball no local data for concat-map@https://registry.npmjs.org/concat-map/-/concat-map-0.0.1.tgz. Extracting by manifest.
2862 silly tarball no local data for balanced-match@https://registry.npmjs.org/balanced-match/-/balanced-match-1.0.2.tgz. Extracting by manifest.
2863 silly tarball no local data for to-regex-range@https://registry.npmjs.org/to-regex-range/-/to-regex-range-5.0.1.tgz. Extracting by manifest.
2864 silly tarball no local data for react-is@https://registry.npmjs.org/react-is/-/react-is-16.13.1.tgz. Extracting by manifest.
2865 silly tarball no local data for fill-range@https://registry.npmjs.org/fill-range/-/fill-range-7.1.1.tgz. Extracting by manifest.
2866 silly tarball no local data for brace-expansion@https://registry.npmjs.org/brace-expansion/-/brace-expansion-1.1.18.tgz. Extracting by manifest.
2867 silly tarball no local data for braces@https://registry.npmjs.org/braces/-/braces-3.0.3.tgz. Extracting by manifest.
2868 silly tarball no local data for prelude-ls@https://registry.npmjs.org/prelude-ls/-/prelude-ls-1.2.1.tgz. Extracting by manifest.
2869 silly tarball no local data for p-locate@https://registry.npmjs.org/p-locate/-/p-locate-5.0.0.tgz. Extracting by manifest.
2870 silly tarball no local data for json-buffer@https://registry.npmjs.org/json-buffer/-/json-buffer-3.0.1.tgz. Extracting by manifest.
2871 silly tarball no local data for language-subtag-registry@https://registry.npmjs.org/language-subtag-registry/-/language-subtag-registry-0.3.23.tgz. Extracting by manifest.
2872 silly tarball no local data for argparse@https://registry.npmjs.org/argparse/-/argparse-2.0.1.tgz. Extracting by manifest.
2873 silly tarball no local data for strip-ansi-cjs@https://registry.npmjs.org/strip-ansi/-/strip-ansi-6.0.1.tgz. Extracting by manifest.
2874 silly tarball no local data for string-width-cjs@https://registry.npmjs.org/string-width/-/string-width-4.2.3.tgz. Extracting by manifest.
2875 silly tarball no local data for wrap-ansi@https://registry.npmjs.org/wrap-ansi/-/wrap-ansi-8.1.0.tgz. Extracting by manifest.
2876 silly tarball no local data for wrap-ansi-cjs@https://registry.npmjs.org/wrap-ansi/-/wrap-ansi-7.0.0.tgz. Extracting by manifest.
2877 silly tarball no local data for string-width@https://registry.npmjs.org/string-width/-/string-width-5.1.2.tgz. Extracting by manifest.
2878 silly tarball no local data for set-function-name@https://registry.npmjs.org/set-function-name/-/set-function-name-2.0.2.tgz. Extracting by manifest.
2879 silly tarball no local data for picomatch@https://registry.npmjs.org/picomatch/-/picomatch-2.3.2.tgz. Extracting by manifest.
2880 silly tarball no local data for @isaacs/cliui@https://registry.npmjs.org/@isaacs/cliui/-/cliui-8.0.2.tgz. Extracting by manifest.
2881 silly tarball no local data for @pkgjs/parseargs@https://registry.npmjs.org/@pkgjs/parseargs/-/parseargs-0.11.0.tgz. Extracting by manifest.
2882 silly tarball no local data for type-check@https://registry.npmjs.org/type-check/-/type-check-0.4.0.tgz. Extracting by manifest.
2883 silly tarball no local data for is-extglob@https://registry.npmjs.org/is-extglob/-/is-extglob-2.1.1.tgz. Extracting by manifest.
2884 silly tarball no local data for side-channel@https://registry.npmjs.org/side-channel/-/side-channel-1.1.1.tgz. Extracting by manifest.
2885 silly tarball no local data for path-type@https://registry.npmjs.org/path-type/-/path-type-4.0.0.tgz. Extracting by manifest.
2886 silly tarball no local data for parent-module@https://registry.npmjs.org/parent-module/-/parent-module-1.0.1.tgz. Extracting by manifest.
2887 silly tarball no local data for micromatch@https://registry.npmjs.org/micromatch/-/micromatch-4.0.8.tgz. Extracting by manifest.
2888 silly tarball no local data for merge2@https://registry.npmjs.org/merge2/-/merge2-1.4.1.tgz. Extracting by manifest.
2889 silly tarball no local data for resolve-from@https://registry.npmjs.org/resolve-from/-/resolve-from-4.0.0.tgz. Extracting by manifest.
2890 silly tarball no local data for slash@https://registry.npmjs.org/slash/-/slash-3.0.0.tgz. Extracting by manifest.
2891 silly tarball no local data for fast-glob@https://registry.npmjs.org/fast-glob/-/fast-glob-3.3.3.tgz. Extracting by manifest.
2892 silly tarball no local data for dir-glob@https://registry.npmjs.org/dir-glob/-/dir-glob-3.0.1.tgz. Extracting by manifest.
2893 silly tarball no local data for signal-exit@https://registry.npmjs.org/signal-exit/-/signal-exit-4.1.0.tgz. Extracting by manifest.
2894 silly tarball no local data for type-fest@https://registry.npmjs.org/type-fest/-/type-fest-0.20.2.tgz. Extracting by manifest.
2895 silly tarball no local data for path-scurry@https://registry.npmjs.org/path-scurry/-/path-scurry-1.11.1.tgz. Extracting by manifest.
2896 silly tarball no local data for array-union@https://registry.npmjs.org/array-union/-/array-union-2.1.0.tgz. Extracting by manifest.
2897 silly tarball no local data for minipass@https://registry.npmjs.org/minipass/-/minipass-7.1.3.tgz. Extracting by manifest.
2898 silly tarball no local data for foreground-child@https://registry.npmjs.org/foreground-child/-/foreground-child-3.3.1.tgz. Extracting by manifest.
2899 silly tarball no local data for jackspeak@https://registry.npmjs.org/jackspeak/-/jackspeak-2.3.6.tgz. Extracting by manifest.
2900 silly tarball no local data for resolve-pkg-maps@https://registry.npmjs.org/resolve-pkg-maps/-/resolve-pkg-maps-1.0.0.tgz. Extracting by manifest.
2901 silly tarball no local data for dunder-proto@https://registry.npmjs.org/dunder-proto/-/dunder-proto-1.0.1.tgz. Extracting by manifest.
2902 silly tarball no local data for functions-have-names@https://registry.npmjs.org/functions-have-names/-/functions-have-names-1.2.3.tgz. Extracting by manifest.
2903 silly tarball no local data for tslib@https://registry.npmjs.org/tslib/-/tslib-2.8.1.tgz. Extracting by manifest.
2904 silly tarball no local data for motion-utils@https://registry.npmjs.org/motion-utils/-/motion-utils-11.18.1.tgz. Extracting by manifest.
2905 silly tarball no local data for keyv@https://registry.npmjs.org/keyv/-/keyv-4.5.4.tgz. Extracting by manifest.
2906 silly tarball no local data for motion-dom@https://registry.npmjs.org/motion-dom/-/motion-dom-11.18.1.tgz. Extracting by manifest.
2907 silly tarball no local data for is-document.all@https://registry.npmjs.org/is-document.all/-/is-document.all-1.0.0.tgz. Extracting by manifest.
2908 silly tarball no local data for flatted@https://registry.npmjs.org/flatted/-/flatted-3.4.4.tgz. Extracting by manifest.
2909 silly tarball no local data for path-exists@https://registry.npmjs.org/path-exists/-/path-exists-4.0.0.tgz. Extracting by manifest.
2910 silly tarball no local data for locate-path@https://registry.npmjs.org/locate-path/-/locate-path-6.0.0.tgz. Extracting by manifest.
2911 silly tarball no local data for rimraf@https://registry.npmjs.org/rimraf/-/rimraf-3.0.2.tgz. Extracting by manifest.
2912 silly tarball no local data for flat-cache@https://registry.npmjs.org/flat-cache/-/flat-cache-3.2.0.tgz. Extracting by manifest.
2913 silly tarball no local data for acorn@https://registry.npmjs.org/acorn/-/acorn-8.18.0.tgz. Extracting by manifest.
2914 silly tarball no local data for iterator.prototype@https://registry.npmjs.org/iterator.prototype/-/iterator.prototype-1.1.5.tgz. Extracting by manifest.
2915 silly tarball no local data for esrecurse@https://registry.npmjs.org/esrecurse/-/esrecurse-4.3.0.tgz. Extracting by manifest.
2916 silly tarball no local data for acorn-jsx@https://registry.npmjs.org/acorn-jsx/-/acorn-jsx-5.3.2.tgz. Extracting by manifest.
2917 silly tarball no local data for string.prototype.repeat@https://registry.npmjs.org/string.prototype.repeat/-/string.prototype.repeat-1.0.0.tgz. Extracting by manifest.
2918 silly tarball no local data for string.prototype.matchall@https://registry.npmjs.org/string.prototype.matchall/-/string.prototype.matchall-4.0.12.tgz. Extracting by manifest.
2919 silly tarball no local data for reusify@https://registry.npmjs.org/reusify/-/reusify-1.1.0.tgz. Extracting by manifest.
2920 silly tarball no local data for prop-types@https://registry.npmjs.org/prop-types/-/prop-types-15.8.1.tgz. Extracting by manifest.
2921 silly tarball no local data for estraverse@https://registry.npmjs.org/estraverse/-/estraverse-5.3.0.tgz. Extracting by manifest.
2922 silly tarball no local data for object.entries@https://registry.npmjs.org/object.entries/-/object.entries-1.1.9.tgz. Extracting by manifest.
2923 silly tarball no local data for string.prototype.includes@https://registry.npmjs.org/string.prototype.includes/-/string.prototype.includes-2.0.1.tgz. Extracting by manifest.
2924 silly tarball no local data for language-tags@https://registry.npmjs.org/language-tags/-/language-tags-1.0.9.tgz. Extracting by manifest.
2925 silly tarball no local data for es-iterator-helpers@https://registry.npmjs.org/es-iterator-helpers/-/es-iterator-helpers-1.4.0.tgz. Extracting by manifest.
2926 silly tarball no local data for array.prototype.tosorted@https://registry.npmjs.org/array.prototype.tosorted/-/array.prototype.tosorted-1.1.4.tgz. Extracting by manifest.
2927 silly tarball no local data for array.prototype.findlast@https://registry.npmjs.org/array.prototype.findlast/-/array.prototype.findlast-1.2.5.tgz. Extracting by manifest.
2928 silly tarball no local data for jsx-ast-utils@https://registry.npmjs.org/jsx-ast-utils/-/jsx-ast-utils-3.3.5.tgz. Extracting by manifest.
2929 silly tarball no local data for emoji-regex@https://registry.npmjs.org/emoji-regex/-/emoji-regex-9.2.2.tgz. Extracting by manifest.
2930 silly tarball no local data for damerau-levenshtein@https://registry.npmjs.org/damerau-levenshtein/-/damerau-levenshtein-1.0.8.tgz. Extracting by manifest.
2931 silly tarball no local data for axobject-query@https://registry.npmjs.org/axobject-query/-/axobject-query-4.1.0.tgz. Extracting by manifest.
2932 silly tarball no local data for axe-core@https://registry.npmjs.org/axe-core/-/axe-core-4.13.0.tgz. Extracting by manifest.
2933 silly tarball no local data for is-symbol@https://registry.npmjs.org/is-symbol/-/is-symbol-1.1.1.tgz. Extracting by manifest.
2934 silly tarball no local data for is-date-object@https://registry.npmjs.org/is-date-object/-/is-date-object-1.1.0.tgz. Extracting by manifest.
2935 silly tarball no local data for aria-query@https://registry.npmjs.org/aria-query/-/aria-query-5.3.2.tgz. Extracting by manifest.
2936 silly tarball no local data for es-abstract-get@https://registry.npmjs.org/es-abstract-get/-/es-abstract-get-1.0.0.tgz. Extracting by manifest.
2937 silly tarball no local data for ast-types-flow@https://registry.npmjs.org/ast-types-flow/-/ast-types-flow-0.0.8.tgz. Extracting by manifest.
2938 silly tarball no local data for has-tostringtag@https://registry.npmjs.org/has-tostringtag/-/has-tostringtag-1.0.2.tgz. Extracting by manifest.
2939 silly tarball no local data for which-typed-array@https://registry.npmjs.org/which-typed-array/-/which-typed-array-1.1.22.tgz. Extracting by manifest.
2940 silly tarball no local data for possible-typed-array-names@https://registry.npmjs.org/possible-typed-array-names/-/possible-typed-array-names-1.1.0.tgz. Extracting by manifest.
2941 silly tarball no local data for unbox-primitive@https://registry.npmjs.org/unbox-primitive/-/unbox-primitive-1.1.0.tgz. Extracting by manifest.
2942 silly tarball no local data for typed-array-byte-offset@https://registry.npmjs.org/typed-array-byte-offset/-/typed-array-byte-offset-1.0.4.tgz. Extracting by manifest.
2943 silly tarball no local data for typed-array-buffer@https://registry.npmjs.org/typed-array-buffer/-/typed-array-buffer-1.0.3.tgz. Extracting by manifest.
2944 silly tarball no local data for typed-array-byte-length@https://registry.npmjs.org/typed-array-byte-length/-/typed-array-byte-length-1.0.3.tgz. Extracting by manifest.
2945 silly tarball no local data for string.prototype.trim@https://registry.npmjs.org/string.prototype.trim/-/string.prototype.trim-1.2.11.tgz. Extracting by manifest.
2946 silly tarball no local data for string.prototype.trimstart@https://registry.npmjs.org/string.prototype.trimstart/-/string.prototype.trimstart-1.0.8.tgz. Extracting by manifest.
2947 silly tarball no local data for stop-iteration-iterator@https://registry.npmjs.org/stop-iteration-iterator/-/stop-iteration-iterator-1.1.0.tgz. Extracting by manifest.
2948 silly tarball no local data for typed-array-length@https://registry.npmjs.org/typed-array-length/-/typed-array-length-1.0.8.tgz. Extracting by manifest.
2949 silly tarball no local data for set-proto@https://registry.npmjs.org/set-proto/-/set-proto-1.0.0.tgz. Extracting by manifest.
2950 silly tarball no local data for safe-push-apply@https://registry.npmjs.org/safe-push-apply/-/safe-push-apply-1.0.0.tgz. Extracting by manifest.
2951 silly tarball no local data for safe-regex-test@https://registry.npmjs.org/safe-regex-test/-/safe-regex-test-1.1.0.tgz. Extracting by manifest.
2952 silly tarball no local data for own-keys@https://registry.npmjs.org/own-keys/-/own-keys-1.0.2.tgz. Extracting by manifest.
2953 silly tarball no local data for regexp.prototype.flags@https://registry.npmjs.org/regexp.prototype.flags/-/regexp.prototype.flags-1.5.4.tgz. Extracting by manifest.
2954 silly tarball no local data for object-inspect@https://registry.npmjs.org/object-inspect/-/object-inspect-1.13.4.tgz. Extracting by manifest.
2955 silly tarball no local data for is-weakref@https://registry.npmjs.org/is-weakref/-/is-weakref-1.1.1.tgz. Extracting by manifest.
2956 silly tarball no local data for safe-array-concat@https://registry.npmjs.org/safe-array-concat/-/safe-array-concat-1.1.4.tgz. Extracting by manifest.
2957 silly tarball no local data for is-typed-array@https://registry.npmjs.org/is-typed-array/-/is-typed-array-1.1.15.tgz. Extracting by manifest.
2958 silly tarball no local data for object.assign@https://registry.npmjs.org/object.assign/-/object.assign-4.1.7.tgz. Extracting by manifest.
2959 silly tarball no local data for is-shared-array-buffer@https://registry.npmjs.org/is-shared-array-buffer/-/is-shared-array-buffer-1.0.4.tgz. Extracting by manifest.
2960 silly tarball no local data for is-set@https://registry.npmjs.org/is-set/-/is-set-2.0.3.tgz. Extracting by manifest.
2961 silly tarball no local data for is-regex@https://registry.npmjs.org/is-regex/-/is-regex-1.2.1.tgz. Extracting by manifest.
2962 silly tarball no local data for is-data-view@https://registry.npmjs.org/is-data-view/-/is-data-view-1.0.2.tgz. Extracting by manifest.
2963 silly tarball no local data for is-callable@https://registry.npmjs.org/is-callable/-/is-callable-1.2.7.tgz. Extracting by manifest.
2964 silly tarball no local data for is-negative-zero@https://registry.npmjs.org/is-negative-zero/-/is-negative-zero-2.0.3.tgz. Extracting by manifest.
2965 silly tarball no local data for is-array-buffer@https://registry.npmjs.org/is-array-buffer/-/is-array-buffer-3.0.5.tgz. Extracting by manifest.
2966 silly tarball no local data for has-symbols@https://registry.npmjs.org/has-symbols/-/has-symbols-1.1.0.tgz. Extracting by manifest.
2967 silly tarball no local data for has-proto@https://registry.npmjs.org/has-proto/-/has-proto-1.2.0.tgz. Extracting by manifest.
2968 silly tarball no local data for internal-slot@https://registry.npmjs.org/internal-slot/-/internal-slot-1.1.0.tgz. Extracting by manifest.
2969 silly tarball no local data for get-symbol-description@https://registry.npmjs.org/get-symbol-description/-/get-symbol-description-1.1.0.tgz. Extracting by manifest.
2970 silly tarball no local data for globalthis@https://registry.npmjs.org/globalthis/-/globalthis-1.0.4.tgz. Extracting by manifest.
2971 silly tarball no local data for function.prototype.name@https://registry.npmjs.org/function.prototype.name/-/function.prototype.name-1.2.0.tgz. Extracting by manifest.
2972 silly tarball no local data for get-proto@https://registry.npmjs.org/get-proto/-/get-proto-1.0.1.tgz. Extracting by manifest.
2973 silly tarball no local data for es-to-primitive@https://registry.npmjs.org/es-to-primitive/-/es-to-primitive-1.3.4.tgz. Extracting by manifest.
2974 silly tarball no local data for data-view-byte-offset@https://registry.npmjs.org/data-view-byte-offset/-/data-view-byte-offset-1.0.1.tgz. Extracting by manifest.
2975 silly tarball no local data for data-view-buffer@https://registry.npmjs.org/data-view-buffer/-/data-view-buffer-1.0.2.tgz. Extracting by manifest.
2976 silly tarball no local data for data-view-byte-length@https://registry.npmjs.org/data-view-byte-length/-/data-view-byte-length-1.0.2.tgz. Extracting by manifest.
2977 silly tarball no local data for es-set-tostringtag@https://registry.npmjs.org/es-set-tostringtag/-/es-set-tostringtag-2.1.0.tgz. Extracting by manifest.
2978 silly tarball no local data for arraybuffer.prototype.slice@https://registry.npmjs.org/arraybuffer.prototype.slice/-/arraybuffer.prototype.slice-1.0.4.tgz. Extracting by manifest.
2979 silly tarball no local data for array-buffer-byte-length@https://registry.npmjs.org/array-buffer-byte-length/-/array-buffer-byte-length-1.0.2.tgz. Extracting by manifest.
2980 silly tarball no local data for available-typed-arrays@https://registry.npmjs.org/available-typed-arrays/-/available-typed-arrays-1.0.7.tgz. Extracting by manifest.
2981 silly tarball no local data for object-keys@https://registry.npmjs.org/object-keys/-/object-keys-1.1.1.tgz. Extracting by manifest.
2982 silly tarball no local data for function-bind@https://registry.npmjs.org/function-bind/-/function-bind-1.1.2.tgz. Extracting by manifest.
2983 silly tarball no local data for set-function-length@https://registry.npmjs.org/set-function-length/-/set-function-length-1.2.2.tgz. Extracting by manifest.
2984 silly tarball no local data for define-data-property@https://registry.npmjs.org/define-data-property/-/define-data-property-1.1.4.tgz. Extracting by manifest.
2985 silly tarball no local data for gopd@https://registry.npmjs.org/gopd/-/gopd-1.2.0.tgz. Extracting by manifest.
2986 silly tarball no local data for es-define-property@https://registry.npmjs.org/es-define-property/-/es-define-property-1.0.1.tgz. Extracting by manifest.
2987 silly tarball no local data for es-errors@https://registry.npmjs.org/es-errors/-/es-errors-1.3.0.tgz. Extracting by manifest.
2988 silly tarball no local data for es-shim-unscopables@https://registry.npmjs.org/es-shim-unscopables/-/es-shim-unscopables-1.1.0.tgz. Extracting by manifest.
2989 silly tarball no local data for call-bind-apply-helpers@https://registry.npmjs.org/call-bind-apply-helpers/-/call-bind-apply-helpers-1.0.2.tgz. Extracting by manifest.
2990 silly tarball no local data for math-intrinsics@https://registry.npmjs.org/math-intrinsics/-/math-intrinsics-1.1.0.tgz. Extracting by manifest.
2991 silly tarball no local data for has-property-descriptors@https://registry.npmjs.org/has-property-descriptors/-/has-property-descriptors-1.0.2.tgz. Extracting by manifest.
2992 silly tarball no local data for is-string@https://registry.npmjs.org/is-string/-/is-string-1.1.1.tgz. Extracting by manifest.
2993 silly tarball no local data for get-intrinsic@https://registry.npmjs.org/get-intrinsic/-/get-intrinsic-1.3.0.tgz. Extracting by manifest.
2994 silly tarball no local data for define-properties@https://registry.npmjs.org/define-properties/-/define-properties-1.2.1.tgz. Extracting by manifest.
2995 silly tarball no local data for es-object-atoms@https://registry.npmjs.org/es-object-atoms/-/es-object-atoms-1.1.2.tgz. Extracting by manifest.
2996 silly tarball no local data for call-bind@https://registry.npmjs.org/call-bind/-/call-bind-1.0.9.tgz. Extracting by manifest.
2997 silly tarball no local data for call-bound@https://registry.npmjs.org/call-bound/-/call-bound-1.0.4.tgz. Extracting by manifest.
2998 silly tarball no local data for string.prototype.trimend@https://registry.npmjs.org/string.prototype.trimend/-/string.prototype.trimend-1.0.10.tgz. Extracting by manifest.
2999 silly tarball no local data for es-abstract@https://registry.npmjs.org/es-abstract/-/es-abstract-1.24.2.tgz. Extracting by manifest.
3000 silly tarball no local data for tsconfig-paths@https://registry.npmjs.org/tsconfig-paths/-/tsconfig-paths-3.15.0.tgz. Extracting by manifest.
3001 silly tarball no local data for object.fromentries@https://registry.npmjs.org/object.fromentries/-/object.fromentries-2.0.8.tgz. Extracting by manifest.
3002 silly tarball no local data for hasown@https://registry.npmjs.org/hasown/-/hasown-2.0.4.tgz. Extracting by manifest.
3003 silly tarball no local data for object.values@https://registry.npmjs.org/object.values/-/object.values-1.2.1.tgz. Extracting by manifest.
3004 silly tarball no local data for object.groupby@https://registry.npmjs.org/object.groupby/-/object.groupby-1.0.3.tgz. Extracting by manifest.
3005 silly tarball no local data for array.prototype.flatmap@https://registry.npmjs.org/array.prototype.flatmap/-/array.prototype.flatmap-1.3.3.tgz. Extracting by manifest.
3006 silly tarball no local data for array.prototype.flat@https://registry.npmjs.org/array.prototype.flat/-/array.prototype.flat-1.3.3.tgz. Extracting by manifest.
3007 silly tarball no local data for array.prototype.findlastindex@https://registry.npmjs.org/array.prototype.findlastindex/-/array.prototype.findlastindex-1.2.6.tgz. Extracting by manifest.
3008 silly tarball no local data for eslint-module-utils@https://registry.npmjs.org/eslint-module-utils/-/eslint-module-utils-2.14.0.tgz. Extracting by manifest.
3009 silly tarball no local data for array-includes@https://registry.npmjs.org/array-includes/-/array-includes-3.1.9.tgz. Extracting by manifest.
3010 silly tarball no local data for @rtsao/scc@https://registry.npmjs.org/@rtsao/scc/-/scc-1.1.0.tgz. Extracting by manifest.
3011 silly tarball no local data for stable-hash@https://registry.npmjs.org/stable-hash/-/stable-hash-0.0.5.tgz. Extracting by manifest.
3012 silly tarball no local data for is-bun-module@https://registry.npmjs.org/is-bun-module/-/is-bun-module-2.0.0.tgz. Extracting by manifest.
3013 silly tarball no local data for get-tsconfig@https://registry.npmjs.org/get-tsconfig/-/get-tsconfig-4.14.1.tgz. Extracting by manifest.
3014 silly tarball no local data for @nolyfill/is-core-module@https://registry.npmjs.org/@nolyfill/is-core-module/-/is-core-module-1.0.39.tgz. Extracting by manifest.
3015 silly tarball no local data for tinyglobby@https://registry.npmjs.org/tinyglobby/-/tinyglobby-0.2.17.tgz. Extracting by manifest.
3016 silly tarball no local data for resolve@https://registry.npmjs.org/resolve/-/resolve-2.0.0-next.7.tgz. Extracting by manifest.
3017 silly tarball no local data for ts-api-utils@https://registry.npmjs.org/ts-api-utils/-/ts-api-utils-1.4.3.tgz. Extracting by manifest.
3018 silly tarball no local data for globby@https://registry.npmjs.org/globby/-/globby-11.1.0.tgz. Extracting by manifest.
3019 silly tarball no local data for unrs-resolver@https://registry.npmjs.org/unrs-resolver/-/unrs-resolver-1.12.2.tgz. Extracting by manifest.
3020 silly tarball no local data for is-core-module@https://registry.npmjs.org/is-core-module/-/is-core-module-2.16.2.tgz. Extracting by manifest.
3021 silly tarball no local data for semver@https://registry.npmjs.org/semver/-/semver-7.8.5.tgz. Extracting by manifest.
3022 silly tarball no local data for @typescript-eslint/typescript-estree@https://registry.npmjs.org/@typescript-eslint/typescript-estree/-/typescript-estree-7.2.0.tgz. Extracting by manifest.
3023 silly tarball no local data for @typescript-eslint/types@https://registry.npmjs.org/@typescript-eslint/types/-/types-7.2.0.tgz. Extracting by manifest.
3024 silly tarball no local data for @typescript-eslint/scope-manager@https://registry.npmjs.org/@typescript-eslint/scope-manager/-/scope-manager-7.2.0.tgz. Extracting by manifest.
3025 silly tarball no local data for @typescript-eslint/visitor-keys@https://registry.npmjs.org/@typescript-eslint/visitor-keys/-/visitor-keys-7.2.0.tgz. Extracting by manifest.
3026 silly tarball no local data for glob@https://registry.npmjs.org/glob/-/glob-10.3.10.tgz. Extracting by manifest.
3027 silly tarball no local data for eslint-plugin-react@https://registry.npmjs.org/eslint-plugin-react/-/eslint-plugin-react-7.37.5.tgz. Extracting by manifest.
3028 silly tarball no local data for eslint-plugin-jsx-a11y@https://registry.npmjs.org/eslint-plugin-jsx-a11y/-/eslint-plugin-jsx-a11y-6.10.2.tgz. Extracting by manifest.
3029 silly tarball no local data for eslint-plugin-import@https://registry.npmjs.org/eslint-plugin-import/-/eslint-plugin-import-2.32.0.tgz. Extracting by manifest.
3030 silly tarball no local data for eslint-plugin-react-hooks@https://registry.npmjs.org/eslint-plugin-react-hooks/-/eslint-plugin-react-hooks-5.0.0-canary-7118f5dd7-20230705.tgz. Extracting by manifest.
3031 silly tarball no local data for eslint-import-resolver-typescript@https://registry.npmjs.org/eslint-import-resolver-typescript/-/eslint-import-resolver-typescript-3.10.1.tgz. Extracting by manifest.
3032 silly tarball no local data for @typescript-eslint/parser@https://registry.npmjs.org/@typescript-eslint/parser/-/parser-7.2.0.tgz. Extracting by manifest.
3033 silly tarball no local data for @rushstack/eslint-patch@https://registry.npmjs.org/@rushstack/eslint-patch/-/eslint-patch-1.16.1.tgz. Extracting by manifest.
3034 silly tarball no local data for @next/eslint-plugin-next@https://registry.npmjs.org/@next/eslint-plugin-next/-/eslint-plugin-next-14.2.5.tgz. Extracting by manifest.
3035 silly tarball no local data for ms@https://registry.npmjs.org/ms/-/ms-2.1.3.tgz. Extracting by manifest.
3036 silly tarball no local data for eslint-import-resolver-node@https://registry.npmjs.org/eslint-import-resolver-node/-/eslint-import-resolver-node-0.3.10.tgz. Extracting by manifest.
3037 silly tarball no local data for shebang-command@https://registry.npmjs.org/shebang-command/-/shebang-command-2.0.0.tgz. Extracting by manifest.
3038 silly tarball no local data for which@https://registry.npmjs.org/which/-/which-2.0.2.tgz. Extracting by manifest.
3039 silly tarball no local data for path-key@https://registry.npmjs.org/path-key/-/path-key-3.1.1.tgz. Extracting by manifest.
3040 silly tarball no local data for color-name@https://registry.npmjs.org/color-name/-/color-name-1.1.4.tgz. Extracting by manifest.
3041 silly tarball no local data for color-convert@https://registry.npmjs.org/color-convert/-/color-convert-2.0.1.tgz. Extracting by manifest.
3042 silly tarball no local data for supports-color@https://registry.npmjs.org/supports-color/-/supports-color-7.2.0.tgz. Extracting by manifest.
3043 silly tarball no local data for json-schema-traverse@https://registry.npmjs.org/json-schema-traverse/-/json-schema-traverse-0.4.1.tgz. Extracting by manifest.
3044 silly tarball no local data for fast-json-stable-stringify@https://registry.npmjs.org/fast-json-stable-stringify/-/fast-json-stable-stringify-2.1.0.tgz. Extracting by manifest.
3045 silly tarball no local data for ansi-styles@https://registry.npmjs.org/ansi-styles/-/ansi-styles-4.3.0.tgz. Extracting by manifest.
3046 silly tarball no local data for run-parallel@https://registry.npmjs.org/run-parallel/-/run-parallel-1.2.0.tgz. Extracting by manifest.
3047 silly tarball no local data for uri-js@https://registry.npmjs.org/uri-js/-/uri-js-4.4.1.tgz. Extracting by manifest.
3048 silly tarball no local data for fastq@https://registry.npmjs.org/fastq/-/fastq-1.20.1.tgz. Extracting by manifest.
3049 silly tarball no local data for @nodelib/fs.scandir@https://registry.npmjs.org/@nodelib/fs.scandir/-/fs.scandir-2.1.5.tgz. Extracting by manifest.
3050 silly tarball no local data for import-fresh@https://registry.npmjs.org/import-fresh/-/import-fresh-3.3.1.tgz. Extracting by manifest.
3051 silly tarball no local data for @humanwhocodes/object-schema@https://registry.npmjs.org/@humanwhocodes/object-schema/-/object-schema-2.0.3.tgz. Extracting by manifest.
3052 silly tarball no local data for @nodelib/fs.stat@https://registry.npmjs.org/@nodelib/fs.stat/-/fs.stat-2.0.5.tgz. Extracting by manifest.
3053 silly tarball no local data for strip-json-comments@https://registry.npmjs.org/strip-json-comments/-/strip-json-comments-3.1.1.tgz. Extracting by manifest.
3054 silly tarball no local data for text-table@https://registry.npmjs.org/text-table/-/text-table-0.2.0.tgz. Extracting by manifest.
3055 silly tarball no local data for natural-compare@https://registry.npmjs.org/natural-compare/-/natural-compare-1.4.0.tgz. Extracting by manifest.
3056 silly tarball no local data for lodash.merge@https://registry.npmjs.org/lodash.merge/-/lodash.merge-4.6.2.tgz. Extracting by manifest.
3057 silly tarball no local data for levn@https://registry.npmjs.org/levn/-/levn-0.4.1.tgz. Extracting by manifest.
3058 silly tarball no local data for json-stable-stringify-without-jsonify@https://registry.npmjs.org/json-stable-stringify-without-jsonify/-/json-stable-stringify-without-jsonify-1.0.1.tgz. Extracting by manifest.
3059 silly tarball no local data for js-yaml@https://registry.npmjs.org/js-yaml/-/js-yaml-4.3.1.tgz. Extracting by manifest.
3060 silly tarball no local data for is-path-inside@https://registry.npmjs.org/is-path-inside/-/is-path-inside-3.0.3.tgz. Extracting by manifest.
3061 silly tarball no local data for is-glob@https://registry.npmjs.org/is-glob/-/is-glob-4.0.3.tgz. Extracting by manifest.
3062 silly tarball no local data for strip-ansi@https://registry.npmjs.org/strip-ansi/-/strip-ansi-6.0.1.tgz. Extracting by manifest.
3063 silly tarball no local data for imurmurhash@https://registry.npmjs.org/imurmurhash/-/imurmurhash-0.1.4.tgz. Extracting by manifest.
3064 silly tarball no local data for graphemer@https://registry.npmjs.org/graphemer/-/graphemer-1.4.0.tgz. Extracting by manifest.
3065 silly tarball no local data for globals@https://registry.npmjs.org/globals/-/globals-13.24.0.tgz. Extracting by manifest.
3066 silly tarball no local data for minimatch@https://registry.npmjs.org/minimatch/-/minimatch-3.1.5.tgz. Extracting by manifest.
3067 silly tarball no local data for optionator@https://registry.npmjs.org/optionator/-/optionator-0.9.4.tgz. Extracting by manifest.
3068 silly tarball no local data for find-up@https://registry.npmjs.org/find-up/-/find-up-5.0.0.tgz. Extracting by manifest.
3069 silly tarball no local data for file-entry-cache@https://registry.npmjs.org/file-entry-cache/-/file-entry-cache-6.0.1.tgz. Extracting by manifest.
3070 silly tarball no local data for fast-deep-equal@https://registry.npmjs.org/fast-deep-equal/-/fast-deep-equal-3.1.3.tgz. Extracting by manifest.
3071 silly tarball no local data for esutils@https://registry.npmjs.org/esutils/-/esutils-2.0.3.tgz. Extracting by manifest.
3072 silly tarball no local data for esquery@https://registry.npmjs.org/esquery/-/esquery-1.7.0.tgz. Extracting by manifest.
3073 silly tarball no local data for ignore@https://registry.npmjs.org/ignore/-/ignore-5.3.2.tgz. Extracting by manifest.
3074 silly tarball no local data for espree@https://registry.npmjs.org/espree/-/espree-9.6.1.tgz. Extracting by manifest.
3075 silly tarball no local data for eslint-visitor-keys@https://registry.npmjs.org/eslint-visitor-keys/-/eslint-visitor-keys-3.4.3.tgz. Extracting by manifest.
3076 silly tarball no local data for escape-string-regexp@https://registry.npmjs.org/escape-string-regexp/-/escape-string-regexp-4.0.0.tgz. Extracting by manifest.
3077 silly tarball no local data for doctrine@https://registry.npmjs.org/doctrine/-/doctrine-3.0.0.tgz. Extracting by manifest.
3078 silly tarball no local data for eslint-scope@https://registry.npmjs.org/eslint-scope/-/eslint-scope-7.2.2.tgz. Extracting by manifest.
3079 silly tarball no local data for debug@https://registry.npmjs.org/debug/-/debug-4.4.3.tgz. Extracting by manifest.
3080 silly tarball no local data for glob-parent@https://registry.npmjs.org/glob-parent/-/glob-parent-6.0.2.tgz. Extracting by manifest.
3081 silly tarball no local data for ajv@https://registry.npmjs.org/ajv/-/ajv-6.15.0.tgz. Extracting by manifest.
3082 silly tarball no local data for cross-spawn@https://registry.npmjs.org/cross-spawn/-/cross-spawn-7.0.6.tgz. Extracting by manifest.
3083 silly tarball no local data for chalk@https://registry.npmjs.org/chalk/-/chalk-4.1.2.tgz. Extracting by manifest.
3084 silly tarball no local data for @nodelib/fs.walk@https://registry.npmjs.org/@nodelib/fs.walk/-/fs.walk-1.2.8.tgz. Extracting by manifest.
3085 silly tarball no local data for @ungap/structured-clone@https://registry.npmjs.org/@ungap/structured-clone/-/structured-clone-1.3.3.tgz. Extracting by manifest.
3086 silly tarball no local data for @humanwhocodes/module-importer@https://registry.npmjs.org/@humanwhocodes/module-importer/-/module-importer-1.0.1.tgz. Extracting by manifest.
3087 silly tarball no local data for @humanwhocodes/config-array@https://registry.npmjs.org/@humanwhocodes/config-array/-/config-array-0.13.0.tgz. Extracting by manifest.
3088 silly tarball no local data for @eslint-community/regexpp@https://registry.npmjs.org/@eslint-community/regexpp/-/regexpp-4.12.2.tgz. Extracting by manifest.
3089 silly tarball no local data for @eslint-community/eslint-utils@https://registry.npmjs.org/@eslint-community/eslint-utils/-/eslint-utils-4.10.1.tgz. Extracting by manifest.
3090 silly tarball no local data for update-browserslist-db@https://registry.npmjs.org/update-browserslist-db/-/update-browserslist-db-1.3.1.tgz. Extracting by manifest.
3091 silly tarball no local data for @eslint/js@https://registry.npmjs.org/@eslint/js/-/js-8.57.1.tgz. Extracting by manifest.
3092 silly tarball no local data for node-releases@https://registry.npmjs.org/node-releases/-/node-releases-2.0.53.tgz. Extracting by manifest.
3093 silly tarball no local data for electron-to-chromium@https://registry.npmjs.org/electron-to-chromium/-/electron-to-chromium-1.5.404.tgz. Extracting by manifest.
3094 silly tarball no local data for @eslint/eslintrc@https://registry.npmjs.org/@eslint/eslintrc/-/eslintrc-2.1.4.tgz. Extracting by manifest.
3095 silly tarball no local data for postcss-value-parser@https://registry.npmjs.org/postcss-value-parser/-/postcss-value-parser-4.2.0.tgz. Extracting by manifest.
3096 silly tarball no local data for picocolors@https://registry.npmjs.org/picocolors/-/picocolors-1.1.1.tgz. Extracting by manifest.
3097 silly tarball no local data for baseline-browser-mapping@https://registry.npmjs.org/baseline-browser-mapping/-/baseline-browser-mapping-2.11.13.tgz. Extracting by manifest.
3098 silly tarball no local data for fraction.js@https://registry.npmjs.org/fraction.js/-/fraction.js-5.3.4.tgz. Extracting by manifest.
3099 silly tarball no local data for browserslist@https://registry.npmjs.org/browserslist/-/browserslist-4.28.8.tgz. Extracting by manifest.
3100 silly tarball no local data for caniuse-lite@https://registry.npmjs.org/caniuse-lite/-/caniuse-lite-1.0.30001809.tgz. Extracting by manifest.
3101 silly tarball no local data for react-dom@https://registry.npmjs.org/react-dom/-/react-dom-18.3.1.tgz. Extracting by manifest.
3102 silly tarball no local data for tailwindcss@https://registry.npmjs.org/tailwindcss/-/tailwindcss-3.4.19.tgz. Extracting by manifest.
3103 silly tarball no local data for typescript@https://registry.npmjs.org/typescript/-/typescript-5.9.3.tgz. Extracting by manifest.
3104 silly tarball no local data for react@https://registry.npmjs.org/react/-/react-18.3.1.tgz. Extracting by manifest.
3105 silly tarball no local data for framer-motion@https://registry.npmjs.org/framer-motion/-/framer-motion-11.18.2.tgz. Extracting by manifest.
3106 silly tarball no local data for eslint-config-next@https://registry.npmjs.org/eslint-config-next/-/eslint-config-next-14.2.5.tgz. Extracting by manifest.
3107 silly tarball no local data for next@https://registry.npmjs.org/next/-/next-14.2.5.tgz. Extracting by manifest.
3108 silly tarball no local data for postcss@https://registry.npmjs.org/postcss/-/postcss-8.5.26.tgz. Extracting by manifest.
3109 silly tarball no local data for autoprefixer@https://registry.npmjs.org/autoprefixer/-/autoprefixer-10.5.4.tgz. Extracting by manifest.
3110 silly tarball no local data for resolve@https://registry.npmjs.org/resolve/-/resolve-1.22.12.tgz. Extracting by manifest.
3111 silly tarball no local data for glob-parent@https://registry.npmjs.org/glob-parent/-/glob-parent-5.1.2.tgz. Extracting by manifest.
3112 silly tarball no local data for eslint@https://registry.npmjs.org/eslint/-/eslint-8.57.1.tgz. Extracting by manifest.
3113 silly tarball no local data for string-width@https://registry.npmjs.org/string-width/-/string-width-4.2.3.tgz. Extracting by manifest.
3114 silly tarball no local data for emoji-regex@https://registry.npmjs.org/emoji-regex/-/emoji-regex-8.0.0.tgz. Extracting by manifest.
3115 silly tarball no local data for ansi-regex@https://registry.npmjs.org/ansi-regex/-/ansi-regex-6.2.2.tgz. Extracting by manifest.
3116 silly tarball no local data for emoji-regex@https://registry.npmjs.org/emoji-regex/-/emoji-regex-8.0.0.tgz. Extracting by manifest.
3117 silly tarball no local data for ansi-styles@https://registry.npmjs.org/ansi-styles/-/ansi-styles-6.2.3.tgz. Extracting by manifest.
3118 silly tarball no local data for semver@https://registry.npmjs.org/semver/-/semver-6.3.1.tgz. Extracting by manifest.
3119 silly tarball no local data for strip-ansi@https://registry.npmjs.org/strip-ansi/-/strip-ansi-7.2.0.tgz. Extracting by manifest.
3120 silly tarball no local data for ansi-regex@https://registry.npmjs.org/ansi-regex/-/ansi-regex-6.2.2.tgz. Extracting by manifest.
3121 silly tarball no local data for ansi-regex@https://registry.npmjs.org/ansi-regex/-/ansi-regex-6.2.2.tgz. Extracting by manifest.
3122 silly tarball no local data for strip-ansi@https://registry.npmjs.org/strip-ansi/-/strip-ansi-7.2.0.tgz. Extracting by manifest.
3123 silly tarball no local data for strip-ansi@https://registry.npmjs.org/strip-ansi/-/strip-ansi-7.2.0.tgz. Extracting by manifest.
3124 silly tarball no local data for glob-parent@https://registry.npmjs.org/glob-parent/-/glob-parent-5.1.2.tgz. Extracting by manifest.
3125 silly tarball no local data for glob@https://registry.npmjs.org/glob/-/glob-7.2.3.tgz. Extracting by manifest.
3126 silly tarball no local data for debug@https://registry.npmjs.org/debug/-/debug-3.2.7.tgz. Extracting by manifest.
3127 silly tarball no local data for picomatch@https://registry.npmjs.org/picomatch/-/picomatch-4.0.5.tgz. Extracting by manifest.
3128 silly tarball no local data for fdir@https://registry.npmjs.org/fdir/-/fdir-6.5.0.tgz. Extracting by manifest.
3129 silly tarball no local data for brace-expansion@https://registry.npmjs.org/brace-expansion/-/brace-expansion-2.1.4.tgz. Extracting by manifest.
3130 silly tarball no local data for minimatch@https://registry.npmjs.org/minimatch/-/minimatch-9.0.9.tgz. Extracting by manifest.
3131 silly tarball no local data for brace-expansion@https://registry.npmjs.org/brace-expansion/-/brace-expansion-2.1.4.tgz. Extracting by manifest.
3132 silly tarball no local data for minimatch@https://registry.npmjs.org/minimatch/-/minimatch-9.0.3.tgz. Extracting by manifest.
3133 silly tarball no local data for semver@https://registry.npmjs.org/semver/-/semver-6.3.1.tgz. Extracting by manifest.
3134 silly tarball no local data for doctrine@https://registry.npmjs.org/doctrine/-/doctrine-2.1.0.tgz. Extracting by manifest.
3135 silly tarball no local data for debug@https://registry.npmjs.org/debug/-/debug-3.2.7.tgz. Extracting by manifest.
3136 silly tarball no local data for doctrine@https://registry.npmjs.org/doctrine/-/doctrine-2.1.0.tgz. Extracting by manifest.
3137 silly tarball no local data for semver@https://registry.npmjs.org/semver/-/semver-6.3.1.tgz. Extracting by manifest.
3138 silly tarball no local data for debug@https://registry.npmjs.org/debug/-/debug-3.2.7.tgz. Extracting by manifest.
3139 silly tarball no local data for resolve@https://registry.npmjs.org/resolve/-/resolve-1.22.12.tgz. Extracting by manifest.
3140 silly tarball no local data for postcss@https://registry.npmjs.org/postcss/-/postcss-8.4.31.tgz. Extracting by manifest.
3141 http fetch GET 200 https://registry.npmjs.org/inherits/-/inherits-2.0.4.tgz 132ms (cache miss)
3142 http fetch GET 200 https://registry.npmjs.org/async-function/-/async-function-1.0.0.tgz 131ms (cache miss)
3143 http fetch GET 200 https://registry.npmjs.org/once/-/once-1.4.0.tgz 132ms (cache miss)
3144 http fetch GET 200 https://registry.npmjs.org/is-weakmap/-/is-weakmap-2.0.2.tgz 131ms (cache miss)
3145 http fetch GET 200 https://registry.npmjs.org/inflight/-/inflight-1.0.6.tgz 131ms (cache miss)
3146 warn deprecated inflight@1.0.6: This module is not supported, and leaks memory. Do not use it. Check out lru-cache if you want a good and tested way to coalesce async requests by a key value, which is much more comprehensive and powerful.
3147 http fetch GET 200 https://registry.npmjs.org/is-weakset/-/is-weakset-2.0.4.tgz 132ms (cache miss)
3148 http fetch GET 200 https://registry.npmjs.org/wrappy/-/wrappy-1.0.2.tgz 133ms (cache miss)
3149 http fetch GET 200 https://registry.npmjs.org/is-number-object/-/is-number-object-1.1.1.tgz 131ms (cache miss)
3150 http fetch GET 200 https://registry.npmjs.org/punycode/-/punycode-2.3.1.tgz 131ms (cache miss)
3151 http fetch GET 200 https://registry.npmjs.org/path-is-absolute/-/path-is-absolute-1.0.1.tgz 133ms (cache miss)
3152 http fetch GET 200 https://registry.npmjs.org/isexe/-/isexe-2.0.0.tgz 132ms (cache miss)
3153 http fetch GET 200 https://registry.npmjs.org/fs.realpath/-/fs.realpath-1.0.0.tgz 133ms (cache miss)
3154 http fetch GET 200 https://registry.npmjs.org/is-map/-/is-map-2.0.3.tgz 133ms (cache miss)
3155 http fetch GET 200 https://registry.npmjs.org/escalade/-/escalade-3.2.0.tgz 133ms (cache miss)
3156 http fetch GET 200 https://registry.npmjs.org/is-generator-function/-/is-generator-function-1.1.2.tgz 133ms (cache miss)
3157 http fetch GET 200 https://registry.npmjs.org/is-boolean-object/-/is-boolean-object-1.2.2.tgz 134ms (cache miss)
3158 http fetch GET 200 https://registry.npmjs.org/has-bigints/-/has-bigints-1.1.0.tgz 148ms (cache miss)
3159 http fetch GET 200 https://registry.npmjs.org/is-bigint/-/is-bigint-1.1.0.tgz 149ms (cache miss)
3160 http fetch GET 200 https://registry.npmjs.org/strip-bom/-/strip-bom-3.0.0.tgz 150ms (cache miss)
3161 http fetch GET 200 https://registry.npmjs.org/for-each/-/for-each-0.3.5.tgz 153ms (cache miss)
3162 http fetch GET 200 https://registry.npmjs.org/which-boxed-primitive/-/which-boxed-primitive-1.1.1.tgz 153ms (cache miss)
3163 http fetch GET 200 https://registry.npmjs.org/reflect.getprototypeof/-/reflect.getprototypeof-1.0.10.tgz 153ms (cache miss)
3164 http fetch GET 200 https://registry.npmjs.org/napi-postinstall/-/napi-postinstall-0.3.4.tgz 155ms (cache miss)
3165 http fetch GET 200 https://registry.npmjs.org/minimist/-/minimist-1.2.8.tgz 165ms (cache miss)
3166 http fetch GET 200 https://registry.npmjs.org/thenify/-/thenify-3.3.1.tgz 183ms (cache miss)
3167 http fetch GET 200 https://registry.npmjs.org/thenify-all/-/thenify-all-1.6.0.tgz 184ms (cache miss)
3168 http fetch GET 200 https://registry.npmjs.org/is-number/-/is-number-7.0.0.tgz 184ms (cache miss)
3169 http fetch GET 200 https://registry.npmjs.org/which-builtin-type/-/which-builtin-type-1.2.1.tgz 195ms (cache miss)
3170 http fetch GET 200 https://registry.npmjs.org/which-collection/-/which-collection-1.0.2.tgz 203ms (cache miss)
3171 http fetch GET 200 https://registry.npmjs.org/json5/-/json5-1.0.2.tgz 202ms (cache miss)
3172 http fetch GET 200 https://registry.npmjs.org/@types/json5/-/json5-0.0.29.tgz 201ms (cache miss)
3173 http fetch GET 200 https://registry.npmjs.org/any-promise/-/any-promise-1.3.0.tgz 201ms (cache miss)
3174 http fetch GET 200 https://registry.npmjs.org/generator-function/-/generator-function-2.0.1.tgz 204ms (cache miss)
3175 http fetch GET 200 https://registry.npmjs.org/is-async-function/-/is-async-function-2.1.1.tgz 204ms (cache miss)
3176 http fetch GET 200 https://registry.npmjs.org/ts-interface-checker/-/ts-interface-checker-0.1.13.tgz 212ms (cache miss)
3177 http fetch GET 200 https://registry.npmjs.org/is-finalizationregistry/-/is-finalizationregistry-1.1.1.tgz 215ms (cache miss)
3178 http fetch GET 200 https://registry.npmjs.org/lines-and-columns/-/lines-and-columns-1.2.4.tgz 221ms (cache miss)
3179 http fetch GET 200 https://registry.npmjs.org/@jridgewell/trace-mapping/-/trace-mapping-0.3.31.tgz 227ms (cache miss)
3180 http fetch GET 200 https://registry.npmjs.org/pirates/-/pirates-4.0.7.tgz 231ms (cache miss)
3181 http fetch GET 200 https://registry.npmjs.org/mz/-/mz-2.7.0.tgz 231ms (cache miss)
3182 http fetch GET 200 https://registry.npmjs.org/@jridgewell/resolve-uri/-/resolve-uri-3.1.2.tgz 231ms (cache miss)
3183 http fetch GET 200 https://registry.npmjs.org/util-deprecate/-/util-deprecate-1.0.2.tgz 233ms (cache miss)
3184 http fetch GET 200 https://registry.npmjs.org/pify/-/pify-2.3.0.tgz 239ms (cache miss)
3185 http fetch GET 200 https://registry.npmjs.org/cssesc/-/cssesc-3.0.0.tgz 238ms (cache miss)
3186 http fetch GET 200 https://registry.npmjs.org/camelcase-css/-/camelcase-css-2.0.1.tgz 238ms (cache miss)
3187 http fetch POST 200 https://registry.npmjs.org/-/npm/v1/security/advisories/bulk 302ms
3188 silly audit report {
3188 silly audit report   postcss: [
3188 silly audit report     {
3188 silly audit report       id: 1130709,
3188 silly audit report       url: 'https://github.com/advisories/GHSA-fxqj-rqcc-2cmp',
3188 silly audit report       title: 'PostCSS: incomplete fix of GHSA-6g55-p6wh-862q — attacker-controlled sourceMappingURL reads arbitrary .map files when `from` is unset',
3188 silly audit report       severity: 'moderate',
3188 silly audit report       vulnerable_versions: '<=8.5.22',
3188 silly audit report       cwe: [Array],
3188 silly audit report       cvss: [Object]
3188 silly audit report     },
3188 silly audit report     {
3188 silly audit report       id: 1117015,
3188 silly audit report       url: 'https://github.com/advisories/GHSA-qx2v-qp2m-jg93',
3188 silly audit report       title: 'PostCSS has XSS via Unescaped </style> in its CSS Stringify Output',
3188 silly audit report       severity: 'moderate',
3188 silly audit report       vulnerable_versions: '<8.5.10',
3188 silly audit report       cwe: [Array],
3188 silly audit report       cvss: [Object]
3188 silly audit report     },
3188 silly audit report     {
3188 silly audit report       id: 1124252,
3188 silly audit report       url: 'https://github.com/advisories/GHSA-6g55-p6wh-862q',
3188 silly audit report       title: 'PostCSS: Arbitrary file read and information disclosure via attacker-controlled sourceMappingURL in CSS comments',
3188 silly audit report       severity: 'high',
3188 silly audit report       vulnerable_versions: '<=8.5.11',
3188 silly audit report       cwe: [Array],
3188 silly audit report       cvss: [Object]
3188 silly audit report     },
3188 silly audit report     {
3188 silly audit report       id: 1124288,
3188 silly audit report       url: 'https://github.com/advisories/GHSA-r28c-9q8g-f849',
3188 silly audit report       title: 'PostCSS: Path Traversal in Previous Source Map Auto-Loading (sourceMappingURL) leads to Arbitrary .map File Disclosure',
3188 silly audit report       severity: 'high',
3188 silly audit report       vulnerable_versions: '<=8.5.17',
3188 silly audit report       cwe: [Array],
3188 silly audit report       cvss: [Object]
3188 silly audit report     }
3188 silly audit report   ],
3188 silly audit report   next: [
3188 silly audit report     {
3188 silly audit report       id: 1099638,
3188 silly audit report       url: 'https://github.com/advisories/GHSA-gp8f-8m3g-qvj9',
3188 silly audit report       title: 'Next.js Cache Poisoning',
3188 silly audit report       severity: 'high',
3188 silly audit report       vulnerable_versions: '>=14.0.0 <14.2.10',
3188 silly audit report       cwe: [Array],
3188 silly audit report       cvss: [Object]
3188 silly audit report     },
3188 silly audit report     {
3188 silly audit report       id: 1100421,
3188 silly audit report       url: 'https://github.com/advisories/GHSA-g77x-44xx-532m',
3188 silly audit report       title: 'Denial of Service condition in Next.js image optimization',
3188 silly audit report       severity: 'moderate',
3188 silly audit report       vulnerable_versions: '>=10.0.0 <14.2.7',
3188 silly audit report       cwe: [Array],
3188 silly audit report       cvss: [Object]
3188 silly audit report     },
3188 silly audit report     {
3188 silly audit report       id: 1117931,
3188 silly audit report       url: 'https://github.com/advisories/GHSA-8h8q-6873-q5fj',
3188 silly audit report       title: 'Next.js Vulnerable to Denial of Service with Server Components',
3188 silly audit report       severity: 'high',
3188 silly audit report       vulnerable_versions: '>=13.0.0 <15.5.16',
3188 silly audit report       cwe: [Array],
3188 silly audit report       cvss: [Object]
3188 silly audit report     },
3188 silly audit report     {
3188 silly audit report       id: 1101438,
3188 silly audit report       url: 'https://github.com/advisories/GHSA-7m27-7ghc-44w9',
3188 silly audit report       title: 'Next.js Allows a Denial of Service (DoS) with Server Actions',
3188 silly audit report       severity: 'moderate',
3188 silly audit report       vulnerable_versions: '>=14.0.0 <14.2.21',
3188 silly audit report       cwe: [Array],
3188 silly audit report       cvss: [Object]
3188 silly audit report     },
3188 silly audit report     {
3188 silly audit report       id: 1105461,
3188 silly audit report       url: 'https://github.com/advisories/GHSA-3h52-269p-cp9r',
3188 silly audit report       title: 'Information exposure in Next.js dev server due to lack of origin verification',
3188 silly audit report       severity: 'low',
3188 silly audit report       vulnerable_versions: '>=13.0 <14.2.30',
3188 silly audit report       cwe: [Array],
3188 silly audit report       cvss: [Object]
3188 silly audit report     },
3188 silly audit report     {
3188 silly audit report       id: 1111391,
3188 silly audit report       url: 'https://github.com/advisories/GHSA-mwv6-3258-q52c',
3188 silly audit report       title: 'Next Vulnerable to Denial of Service with Server Components',
3188 silly audit report       severity: 'high',
3188 silly audit report       vulnerable_versions: '>=13.3.0 <14.2.34',
3188 silly audit report       cwe: [Array],
3188 silly audit report       cvss: [Object]
3188 silly audit report     },
3188 silly audit report     {
3188 silly audit report       id: 1107226,
3188 silly audit report       url: 'https://github.com/advisories/GHSA-g5qg-72qw-gw5v',
3188 silly audit report       title: 'Next.js Affected by Cache Key Confusion for Image Optimization API Routes',
3188 silly audit report       severity: 'moderate',
3188 silly audit report       vulnerable_versions: '>=0.9.9 <14.2.31',
3188 silly audit report       cwe: [Array],
3188 silly audit report       cvss: [Object]
3188 silly audit report     },
3188 silly audit report     {
3188 silly audit report       id: 1107420,
3188 silly audit report       url: 'https://github.com/advisories/GHSA-7gfc-8cq8-jh5f',
3188 silly audit report       title: 'Next.js authorization bypass vulnerability',
3188 silly audit report       severity: 'high',
3188 silly audit report       vulnerable_versions: '>=9.5.5 <14.2.15',
3188 silly audit report       cwe: [Array],
3188 silly audit report       cvss: [Object]
3188 silly audit report     },
3188 silly audit report     {
3188 silly audit report       id: 1107512,
3188 silly audit report       url: 'https://github.com/advisories/GHSA-4342-x723-ch2f',
3188 silly audit report       title: 'Next.js Improper Middleware Redirect Handling Leads to SSRF',
3188 silly audit report       severity: 'moderate',
3188 silly audit report       vulnerable_versions: '>=0.9.9 <14.2.32',
3188 silly audit report       cwe: [Array],
3188 silly audit report       cvss: [Object]
3188 silly audit report     },
3188 silly audit report     {
3188 silly audit report       id: 1107513,
3188 silly audit report       url: 'https://github.com/advisories/GHSA-xv57-4mr9-wg8v',
3188 silly audit report       title: 'Next.js Content Injection Vulnerability for Image Optimization',
3188 silly audit report       severity: 'moderate',
3188 silly audit report       vulnerable_versions: '>=0.9.9 <14.2.31',
3188 silly audit report       cwe: [Array],
3188 silly audit report       cvss: [Object]
3188 silly audit report     },
3188 silly audit report     {
3188 silly audit report       id: 1112182,
3188 silly audit report       url: 'https://github.com/advisories/GHSA-5j59-xgg2-r9c4',
3188 silly audit report       title: 'Next has a Denial of Service with Server Components - Incomplete Fix Follow-Up',
3188 silly audit report       severity: 'high',
3188 silly audit report       vulnerable_versions: '>=13.3.1-canary.0 <14.2.35',
3188 silly audit report       cwe: [Array],
3188 silly audit report       cvss: [Object]
3188 silly audit report     },
3188 silly audit report     {
3188 silly audit report       id: 1108291,
3188 silly audit report       url: 'https://github.com/advisories/GHSA-qpjv-v59x-3qc4',
3188 silly audit report       title: 'Next.js Race Condition to Cache Poisoning',
3188 silly audit report       severity: 'low',
3188 silly audit report       vulnerable_versions: '>=0.9.9 <14.2.24',
3188 silly audit report       cwe: [Array],
3188 silly audit report       cvss: [Object]
3188 silly audit report     },
3188 silly audit report     {
3188 silly audit report       id: 1118942,
3188 silly audit report       url: 'https://github.com/advisories/GHSA-3g8h-86w9-wvmq',
3188 silly audit report       title: "Next.js's Middleware / Proxy redirects can be cache-poisoned",
3188 silly audit report       severity: 'low',
3188 silly audit report       vulnerable_versions: '>=12.2.0 <15.5.16',
3188 silly audit report       cwe: [Array],
3188 silly audit report       cvss: [Object]
3188 silly audit report     },
3188 silly audit report     {
3188 silly audit report       id: 1118944,
3188 silly audit report       url: 'https://github.com/advisories/GHSA-ffhc-5mcf-pf4q',
3188 silly audit report       title: 'Next.js vulnerable to cross-site scripting in App Router applications using CSP nonces',
3188 silly audit report       severity: 'moderate',
3188 silly audit report       vulnerable_versions: '>=13.4.0 <15.5.16',
3188 silly audit report       cwe: [Array],
3188 silly audit report       cvss: [Object]
3188 silly audit report     },
3188 silly audit report     {
3188 silly audit report       id: 1118946,
3188 silly audit report       url: 'https://github.com/advisories/GHSA-vfv6-92ff-j949',
3188 silly audit report       title: 'Next.js vulnerable to cache poisoning via collisions in React Server Component cache-busting',
3188 silly audit report       severity: 'low',
3188 silly audit report       vulnerable_versions: '>=13.4.6 <15.5.16',
3188 silly audit report       cwe: [Array],
3188 silly audit report       cvss: [Object]
3188 silly audit report     },
3188 silly audit report     {
3188 silly audit report       id: 1118948,
3188 silly audit report       url: 'https://github.com/advisories/GHSA-gx5p-jg67-6x7h',
3188 silly audit report       title: 'Next.js has cross-site scripting in beforeInteractive scripts with untrusted input',
3188 silly audit report       severity: 'moderate',
3188 silly audit report       vulnerable_versions: '>=13.0.0 <15.5.16',
3188 silly audit report       cwe: [Array],
3188 silly audit report       cvss: [Object]
3188 silly audit report     },
3188 silly audit report     {
3188 silly audit report       id: 1118952,
3188 silly audit report       url: 'https://github.com/advisories/GHSA-h64f-5h5j-jqjh',
3188 silly audit report       title: 'Next.js has a Denial of Service in the Image Optimization API',
3188 silly audit report       severity: 'moderate',
3188 silly audit report       vulnerable_versions: '>=10.0.0 <15.5.16',
3188 silly audit report       cwe: [Array],
3188 silly audit report       cvss: [Object]
3188 silly audit report     },
3188 silly audit report     {
3188 silly audit report       id: 1118954,
3188 silly audit report       url: 'https://github.com/advisories/GHSA-c4j6-fc7j-m34r',
3188 silly audit report       title: 'Next.js vulnerable to server-side request forgery in applications using WebSocket upgrades',
3188 silly audit report       severity: 'high',
3188 silly audit report       vulnerable_versions: '>=13.4.13 <15.5.16',
3188 silly audit report       cwe: [Array],
3188 silly audit report       cvss: [Object]
3188 silly audit report     },
3188 silly audit report     {
3188 silly audit report       id: 1118958,
3188 silly audit report       url: 'https://github.com/advisories/GHSA-wfc6-r584-vfw7',
3188 silly audit report       title: 'Next.js vulnerable to cache poisoning in React Server Component responses',
3188 silly audit report       severity: 'moderate',
3188 silly audit report       vulnerable_versions: '>=14.2.0 <15.5.16',
3188 silly audit report       cwe: [Array],
3188 silly audit report       cvss: [Object]
3188 silly audit report     },
3188 silly audit report     {
3188 silly audit report       id: 1118962,
3188 silly audit report       url: 'https://github.com/advisories/GHSA-36qx-fr4f-26g5',
3188 silly audit report       title: 'Next.js has a Middleware / Proxy bypass in Pages Router applications using i18n',
3188 silly audit report       severity: 'high',
3188 silly audit report       vulnerable_versions: '>=12.2.0 <15.5.16',
3188 silly audit report       cwe: [Array],
3188 silly audit report       cvss: [Object]
3188 silly audit report     },
3188 silly audit report     {
3188 silly audit report       id: 1112593,
3188 silly audit report       url: 'https://github.com/advisories/GHSA-9g9p-9gw9-jx7f',
3188 silly audit report       title: 'Next.js self-hosted applications vulnerable to DoS via Image Optimizer remotePatterns configuration',
3188 silly audit report       severity: 'moderate',
3188 silly audit report       vulnerable_versions: '>=10.0.0 <15.5.10',
3188 silly audit report       cwe: [Array],
3188 silly audit report       cvss: [Object]
3188 silly audit report     },
3188 silly audit report     {
3188 silly audit report       id: 1112653,
3188 silly audit report       url: 'https://github.com/advisories/GHSA-h25m-26qc-wcjf',
3188 silly audit report       title: 'Next.js HTTP request deserialization can lead to DoS when using insecure React Server Components',
3188 silly audit report       severity: 'high',
3188 silly audit report       vulnerable_versions: '>=13.0.0 <15.0.8',
3188 silly audit report       cwe: [Array],
3188 silly audit report       cvss: [Object]
3188 silly audit report     },
3188 silly audit report     {
3188 silly audit report       id: 1113689,
3188 silly audit report       url: 'https://github.com/advisories/GHSA-f82v-jwr5-mffw',
3188 silly audit report       title: 'Authorization Bypass in Next.js Middleware',
3188 silly audit report       severity: 'critical',
3188 silly audit report       vulnerable_versions: '>=14.0.0 <14.2.25',
3188 silly audit report       cwe: [Array],
3188 silly audit report       cvss: [Object]
3188 silly audit report     },
3188 silly audit report     {
3188 silly audit report       id: 1114897,
3188 silly audit report       url: 'https://github.com/advisories/GHSA-ggv3-7p47-pfv8',
3188 silly audit report       title: 'Next.js: HTTP request smuggling in rewrites',
3188 silly audit report       severity: 'moderate',
3188 silly audit report       vulnerable_versions: '>=9.5.0 <15.5.13',
3188 silly audit report       cwe: [Array],
3188 silly audit report       cvss: [Object]
3188 silly audit report     },
3188 silly audit report     {
3188 silly audit report       id: 1114940,
3188 silly audit report       url: 'https://github.com/advisories/GHSA-3x4c-7xq6-9pq8',
3188 silly audit report       title: 'Next.js: Unbounded next/image disk cache growth can exhaust storage',
3188 silly audit report       severity: 'moderate',
3188 silly audit report       vulnerable_versions: '>=10.0.0 <15.5.14',
3188 silly audit report       cwe: [Array],
3188 silly audit report       cvss: [Object]
3188 silly audit report     },
3188 silly audit report     {
3188 silly audit report       id: 1116376,
3188 silly audit report       url: 'https://github.com/advisories/GHSA-q4gf-8mx6-v5v3',
3188 silly audit report       title: 'Next.js has a Denial of Service with Server Components',
3188 silly audit report       severity: 'high',
3188 silly audit report       vulnerable_versions: '>=13.0.0 <15.5.15',
3188 silly audit report       cwe: [Array],
3188 silly audit report       cvss: [Object]
3188 silly audit report     },
3188 silly audit report     {
3188 silly audit report       id: 1124185,
3188 silly audit report       url: 'https://github.com/advisories/GHSA-89xv-2m56-2m9x',
3188 silly audit report       title: 'Next.js: Server-Side Request Forgery in Server Actions on custom servers',
3188 silly audit report       severity: 'high',
3188 silly audit report       vulnerable_versions: '>=14.1.1 <15.5.21',
3188 silly audit report       cwe: [Array],
3188 silly audit report       cvss: [Object]
3188 silly audit report     },
3188 silly audit report     {
3188 silly audit report       id: 1124172,
3188 silly audit report       url: 'https://github.com/advisories/GHSA-m99w-x7hq-7vfj',
3188 silly audit report       title: 'Next.js: Denial of Service in App Router using Server Actions',
3188 silly audit report       severity: 'high',
3188 silly audit report       vulnerable_versions: '>=13.0.0 <15.5.21',
3188 silly audit report       cwe: [Array],
3188 silly audit report       cvss: [Object]
3188 silly audit report     },
3188 silly audit report     {
3188 silly audit report       id: 1124187,
3188 silly audit report       url: 'https://github.com/advisories/GHSA-68g3-v927-f742',
3188 silly audit report       title: 'Next.js: Cache confusion of response bodies for requests with bodies',
3188 silly audit report       severity: 'moderate',
3188 silly audit report       vulnerable_versions: '>=13.0.0 <15.5.21',
3188 silly audit report       cwe: [Array],
3188 silly audit report       cvss: [Object]
3188 silly audit report     },
3188 silly audit report     {
3188 silly audit report       id: 1124189,
3188 silly audit report       url: 'https://github.com/advisories/GHSA-4633-3j49-mh5q',
3188 silly audit report       title: 'Next.js: Cache confusion of response bodies for requests with bodies containing invalid UTF-8 byte sequences',
3188 silly audit report       severity: 'moderate',
3188 silly audit report       vulnerable_versions: '>=13.0.0 <15.5.21',
3188 silly audit report       cwe: [Array],
3188 silly audit report       cvss: [Object]
3188 silly audit report     },
3188 silly audit report     {
3188 silly audit report       id: 1124191,
3188 silly audit report       url: 'https://github.com/advisories/GHSA-4c39-4ccg-62r3',
3188 silly audit report       title: 'Next.js: Unbounded Server Action payload in Edge runtime',
3188 silly audit report       severity: 'moderate',
3188 silly audit report       vulnerable_versions: '>=13.0.0 <15.5.21',
3188 silly audit report       cwe: [Array],
3188 silly audit report       cvss: [Object]
3188 silly audit report     },
3188 silly audit report     {
3188 silly audit report       id: 1124193,
3188 silly audit report       url: 'https://github.com/advisories/GHSA-p9j2-gv94-2wf4',
3188 silly audit report       title: 'Next.js: Server-Side Request Forgery in rewrites via attacker-controlled destination hostname',
3188 silly audit report       severity: 'high',
3188 silly audit report       vulnerable_versions: '>=12.0.0 <15.5.21',
3188 silly audit report       cwe: [Array],
3188 silly audit report       cvss: [Object]
3188 silly audit report     },
3188 silly audit report     {
3188 silly audit report       id: 1124197,
3188 silly audit report       url: 'https://github.com/advisories/GHSA-955p-x3mx-jcvp',
3188 silly audit report       title: 'Next.js: Unauthenticated disclosure of internal Server Function endpoints',
3188 silly audit report       severity: 'moderate',
3188 silly audit report       vulnerable_versions: '>=13.0.0 <15.5.21',
3188 silly audit report       cwe: [Array],
3188 silly audit report       cvss: [Object]
3188 silly audit report     }
3188 silly audit report   ],
3188 silly audit report   minimatch: [
3188 silly audit report     {
3188 silly audit report       id: 1113465,
3188 silly audit report       url: 'https://github.com/advisories/GHSA-3ppc-4f35-3m26',
3188 silly audit report       title: 'minimatch has a ReDoS via repeated wildcards with non-matching literal in pattern',
3188 silly audit report       severity: 'high',
3188 silly audit report       vulnerable_versions: '>=9.0.0 <9.0.6',
3188 silly audit report       cwe: [Array],
3188 silly audit report       cvss: [Object]
3188 silly audit report     },
3188 silly audit report     {
3188 silly audit report       id: 1113544,
3188 silly audit report       url: 'https://github.com/advisories/GHSA-7r86-cg39-jmmj',
3188 silly audit report       title: 'minimatch has ReDoS: matchOne() combinatorial backtracking via multiple non-adjacent GLOBSTAR segments',
3188 silly audit report       severity: 'high',
3188 silly audit report       vulnerable_versions: '>=9.0.0 <9.0.7',
3188 silly audit report       cwe: [Array],
3188 silly audit report       cvss: [Object]
3188 silly audit report     },
3188 silly audit report     {
3188 silly audit report       id: 1113552,
3188 silly audit report       url: 'https://github.com/advisories/GHSA-23c5-xmqv-rm74',
3188 silly audit report       title: 'minimatch ReDoS: nested *() extglobs generate catastrophically backtracking regular expressions',
3188 silly audit report       severity: 'high',
3188 silly audit report       vulnerable_versions: '>=9.0.0 <9.0.7',
3188 silly audit report       cwe: [Array],
3188 silly audit report       cvss: [Object]
3188 silly audit report     }
3188 silly audit report   ],
3188 silly audit report   glob: [
3188 silly audit report     {
3188 silly audit report       id: 1109842,
3188 silly audit report       url: 'https://github.com/advisories/GHSA-5j98-mcp5-4vw2',
3188 silly audit report       title: 'glob CLI: Command injection via -c/--cmd executes matches with shell:true',
3188 silly audit report       severity: 'high',
3188 silly audit report       vulnerable_versions: '>=10.2.0 <10.5.0',
3188 silly audit report       cwe: [Array],
3188 silly audit report       cvss: [Object]
3188 silly audit report     }
3188 silly audit report   ]
3188 silly audit report }
3189 silly packumentCache corgi:https://registry.npmjs.org/postcss cache-miss
3190 silly packumentCache corgi:https://registry.npmjs.org/next cache-miss
3191 silly packumentCache corgi:https://registry.npmjs.org/minimatch cache-miss
3192 silly packumentCache corgi:https://registry.npmjs.org/glob cache-miss
3193 http fetch GET 200 https://registry.npmjs.org/read-cache/-/read-cache-1.0.0.tgz 258ms (cache miss)
3194 http fetch GET 200 https://registry.npmjs.org/commander/-/commander-4.1.1.tgz 259ms (cache miss)
3195 http fetch GET 200 https://registry.npmjs.org/@jridgewell/gen-mapping/-/gen-mapping-0.3.13.tgz 285ms (cache miss)
3196 http fetch GET 200 https://registry.npmjs.org/is-binary-path/-/is-binary-path-2.1.0.tgz 343ms (cache miss)
3197 http fetch GET 200 https://registry.npmjs.org/@jridgewell/sourcemap-codec/-/sourcemap-codec-1.5.5.tgz 347ms (cache miss)
3198 http fetch GET 200 https://registry.npmjs.org/anymatch/-/anymatch-3.1.3.tgz 347ms (cache miss)
3199 http fetch GET 200 https://registry.npmjs.org/binary-extensions/-/binary-extensions-2.3.0.tgz 353ms (cache miss)
3200 http fetch GET 200 https://registry.npmjs.org/fsevents/-/fsevents-2.3.3.tgz 354ms (cache miss)
3201 http fetch GET 200 https://registry.npmjs.org/readdirp/-/readdirp-3.6.0.tgz 356ms (cache miss)
3202 http fetch GET 200 https://registry.npmjs.org/postcss-js/-/postcss-js-4.1.0.tgz 365ms (cache miss)
3203 http fetch GET 200 https://registry.npmjs.org/object-hash/-/object-hash-3.0.0.tgz 373ms (cache miss)
3204 http fetch GET 200 https://registry.npmjs.org/postcss-selector-parser/-/postcss-selector-parser-6.1.4.tgz 395ms (cache miss)
3205 http fetch GET 200 https://registry.npmjs.org/postcss-import/-/postcss-import-15.1.0.tgz 399ms (cache miss)
3206 http fetch GET 200 https://registry.npmjs.org/postcss-nested/-/postcss-nested-6.2.0.tgz 408ms (cache miss)
3207 http fetch GET 200 https://registry.npmjs.org/normalize-path/-/normalize-path-3.0.0.tgz 410ms (cache miss)
3208 http fetch GET 200 https://registry.npmjs.org/didyoumean/-/didyoumean-1.2.2.tgz 426ms (cache miss)
3209 http fetch GET 200 https://registry.npmjs.org/lilconfig/-/lilconfig-3.1.3.tgz 426ms (cache miss)
3210 http fetch GET 200 https://registry.npmjs.org/dlv/-/dlv-1.1.3.tgz 428ms (cache miss)
3211 http fetch GET 200 https://registry.npmjs.org/has-flag/-/has-flag-4.0.0.tgz 434ms (cache miss)
3212 http fetch GET 200 https://registry.npmjs.org/postcss-load-config/-/postcss-load-config-6.0.1.tgz 439ms (cache miss)
3213 http fetch GET 200 https://registry.npmjs.org/arg/-/arg-5.0.2.tgz 439ms (cache miss)
3214 http fetch GET 200 https://registry.npmjs.org/client-only/-/client-only-0.0.1.tgz 440ms (cache miss)
3215 http fetch GET 200 https://registry.npmjs.org/@alloc/quick-lru/-/quick-lru-5.2.0.tgz 445ms (cache miss)
3216 http fetch GET 200 https://registry.npmjs.org/eastasianwidth/-/eastasianwidth-0.2.0.tgz 451ms (cache miss)
3217 http fetch GET 200 https://registry.npmjs.org/ansi-regex/-/ansi-regex-5.0.1.tgz 451ms (cache miss)
3218 http fetch GET 200 https://registry.npmjs.org/side-channel-weakmap/-/side-channel-weakmap-1.0.2.tgz 455ms (cache miss)
3219 http fetch GET 200 https://registry.npmjs.org/chokidar/-/chokidar-3.6.0.tgz 469ms (cache miss)
3220 http fetch GET 200 https://registry.npmjs.org/path-parse/-/path-parse-1.0.7.tgz 557ms (cache miss)
3221 http fetch GET 200 https://registry.npmjs.org/supports-preserve-symlinks-flag/-/supports-preserve-symlinks-flag-1.0.0.tgz 556ms (cache miss)
3222 http fetch GET 200 https://registry.npmjs.org/side-channel-list/-/side-channel-list-1.0.1.tgz 561ms (cache miss)
3223 http fetch GET 200 https://registry.npmjs.org/isarray/-/isarray-2.0.5.tgz 561ms (cache miss)
3224 http fetch GET 200 https://registry.npmjs.org/side-channel-map/-/side-channel-map-1.0.1.tgz 562ms (cache miss)
3225 http fetch GET 200 https://registry.npmjs.org/queue-microtask/-/queue-microtask-1.2.3.tgz 570ms (cache miss)
3226 http fetch GET 200 https://registry.npmjs.org/shebang-regex/-/shebang-regex-3.0.0.tgz 575ms (cache miss)
3227 http fetch GET 200 https://registry.npmjs.org/object-assign/-/object-assign-4.1.1.tgz 575ms (cache miss)
3228 http fetch GET 200 https://registry.npmjs.org/js-tokens/-/js-tokens-4.0.0.tgz 575ms (cache miss)
3229 http fetch GET 200 https://registry.npmjs.org/node-exports-info/-/node-exports-info-1.6.2.tgz 575ms (cache miss)
3230 http fetch GET 200 https://registry.npmjs.org/loose-envify/-/loose-envify-1.4.0.tgz 589ms (cache miss)
3231 http fetch GET 200 https://registry.npmjs.org/is-fullwidth-code-point/-/is-fullwidth-code-point-3.0.0.tgz 594ms (cache miss)
3232 http fetch GET 200 https://registry.npmjs.org/callsites/-/callsites-3.1.0.tgz 624ms (cache miss)
3233 http fetch GET 200 https://registry.npmjs.org/nanoid/-/nanoid-3.3.18.tgz 629ms (cache miss)
3234 http fetch GET 200 https://registry.npmjs.org/word-wrap/-/word-wrap-1.2.5.tgz 638ms (cache miss)
3235 http fetch GET 200 https://registry.npmjs.org/scheduler/-/scheduler-0.23.2.tgz 640ms (cache miss)
3236 http fetch GET 200 https://registry.npmjs.org/source-map-js/-/source-map-js-1.2.1.tgz 643ms (cache miss)
3237 http fetch GET 200 https://registry.npmjs.org/deep-is/-/deep-is-0.1.4.tgz 659ms (cache miss)
3238 http fetch GET 200 https://registry.npmjs.org/yocto-queue/-/yocto-queue-0.1.0.tgz 666ms (cache miss)
3239 http fetch GET 200 https://registry.npmjs.org/fast-levenshtein/-/fast-levenshtein-2.0.6.tgz 666ms (cache miss)
3240 http fetch GET 200 https://registry.npmjs.org/p-limit/-/p-limit-3.1.0.tgz 666ms (cache miss)
3241 http fetch GET 200 https://registry.npmjs.org/streamsearch/-/streamsearch-1.1.0.tgz 675ms (cache miss)
3242 http fetch GET 200 https://registry.npmjs.org/busboy/-/busboy-1.6.0.tgz 681ms (cache miss)
3243 http fetch GET 200 https://registry.npmjs.org/sucrase/-/sucrase-3.35.1.tgz 846ms (cache miss)
3244 http fetch GET 200 https://registry.npmjs.org/balanced-match/-/balanced-match-1.0.2.tgz 846ms (cache miss)
3245 http fetch GET 200 https://registry.npmjs.org/concat-map/-/concat-map-0.0.1.tgz 846ms (cache miss)
3246 http fetch GET 200 https://registry.npmjs.org/@swc/counter/-/counter-0.1.3.tgz 846ms (cache miss)
3247 http fetch GET 200 https://registry.npmjs.org/to-regex-range/-/to-regex-range-5.0.1.tgz 848ms (cache miss)
3248 http fetch GET 200 https://registry.npmjs.org/graceful-fs/-/graceful-fs-4.2.11.tgz 881ms (cache miss)
3249 http fetch GET 200 https://registry.npmjs.org/fill-range/-/fill-range-7.1.1.tgz 900ms (cache miss)
3250 http fetch GET 200 https://registry.npmjs.org/react-is/-/react-is-16.13.1.tgz 909ms (cache miss)
3251 http fetch GET 200 https://registry.npmjs.org/brace-expansion/-/brace-expansion-1.1.18.tgz 956ms (cache miss)
3252 http fetch GET 200 https://registry.npmjs.org/braces/-/braces-3.0.3.tgz 962ms (cache miss)
3253 http fetch GET 200 https://registry.npmjs.org/@swc/helpers/-/helpers-0.5.5.tgz 989ms (cache miss)
3254 http fetch GET 200 https://registry.npmjs.org/json-buffer/-/json-buffer-3.0.1.tgz 1003ms (cache miss)
3255 http fetch GET 200 https://registry.npmjs.org/prelude-ls/-/prelude-ls-1.2.1.tgz 1004ms (cache miss)
3256 http fetch GET 200 https://registry.npmjs.org/p-locate/-/p-locate-5.0.0.tgz 1004ms (cache miss)
3257 http fetch GET 200 https://registry.npmjs.org/argparse/-/argparse-2.0.1.tgz 1032ms (cache miss)
3258 http fetch GET 200 https://registry.npmjs.org/strip-ansi/-/strip-ansi-6.0.1.tgz 1053ms (cache miss)
3259 http fetch GET 200 https://registry.npmjs.org/string-width/-/string-width-4.2.3.tgz 1072ms (cache miss)
3260 http fetch GET 200 https://registry.npmjs.org/wrap-ansi/-/wrap-ansi-7.0.0.tgz 1072ms (cache miss)
3261 http fetch GET 200 https://registry.npmjs.org/wrap-ansi/-/wrap-ansi-8.1.0.tgz 1086ms (cache miss)
3262 http fetch GET 200 https://registry.npmjs.org/string-width/-/string-width-5.1.2.tgz 1137ms (cache miss)
3263 http fetch GET 200 https://registry.npmjs.org/set-function-name/-/set-function-name-2.0.2.tgz 1141ms (cache miss)
3264 http fetch GET 200 https://registry.npmjs.org/picomatch/-/picomatch-2.3.2.tgz 1150ms (cache miss)
3265 http fetch GET 200 https://registry.npmjs.org/styled-jsx/-/styled-jsx-5.1.1.tgz 1153ms (cache miss)
3266 http fetch GET 200 https://registry.npmjs.org/is-extglob/-/is-extglob-2.1.1.tgz 1203ms (cache miss)
3267 http fetch GET 200 https://registry.npmjs.org/@isaacs/cliui/-/cliui-8.0.2.tgz 1205ms (cache miss)
3268 http fetch GET 200 https://registry.npmjs.org/type-check/-/type-check-0.4.0.tgz 1213ms (cache miss)
3269 http fetch GET 200 https://registry.npmjs.org/@pkgjs/parseargs/-/parseargs-0.11.0.tgz 1245ms (cache miss)
3270 http fetch GET 200 https://registry.npmjs.org/lru-cache/-/lru-cache-10.4.3.tgz 1252ms (cache miss)
3271 http fetch GET 200 https://registry.npmjs.org/@next/env/-/env-14.2.5.tgz 1250ms (cache miss)
3272 http fetch GET 200 https://registry.npmjs.org/path-type/-/path-type-4.0.0.tgz 1274ms (cache miss)
3273 http fetch GET 200 https://registry.npmjs.org/merge2/-/merge2-1.4.1.tgz 1298ms (cache miss)
3274 http fetch GET 200 https://registry.npmjs.org/side-channel/-/side-channel-1.1.1.tgz 1298ms (cache miss)
3275 http fetch GET 200 https://registry.npmjs.org/micromatch/-/micromatch-4.0.8.tgz 1335ms (cache miss)
3276 http fetch GET 200 https://registry.npmjs.org/parent-module/-/parent-module-1.0.1.tgz 1337ms (cache miss)
3277 http fetch GET 200 https://registry.npmjs.org/slash/-/slash-3.0.0.tgz 1357ms (cache miss)
3278 http fetch GET 200 https://registry.npmjs.org/resolve-from/-/resolve-from-4.0.0.tgz 1358ms (cache miss)
3279 http fetch GET 200 https://registry.npmjs.org/fast-glob/-/fast-glob-3.3.3.tgz 1387ms (cache miss)
3280 http fetch GET 200 https://registry.npmjs.org/dir-glob/-/dir-glob-3.0.1.tgz 1418ms (cache miss)
3281 http fetch GET 200 https://registry.npmjs.org/jiti/-/jiti-1.21.7.tgz 1426ms (cache miss)
3282 http fetch GET 200 https://registry.npmjs.org/signal-exit/-/signal-exit-4.1.0.tgz 1424ms (cache miss)
3283 http fetch GET 200 https://registry.npmjs.org/array-union/-/array-union-2.1.0.tgz 1445ms (cache miss)
3284 http fetch GET 200 https://registry.npmjs.org/foreground-child/-/foreground-child-3.3.1.tgz 1459ms (cache miss)
3285 http fetch GET 200 https://registry.npmjs.org/jackspeak/-/jackspeak-2.3.6.tgz 1474ms (cache miss)
3286 http fetch GET 200 https://registry.npmjs.org/type-fest/-/type-fest-0.20.2.tgz 1475ms (cache miss)
3287 http fetch GET 200 https://registry.npmjs.org/resolve-pkg-maps/-/resolve-pkg-maps-1.0.0.tgz 1541ms (cache miss)
3288 http fetch GET 200 https://registry.npmjs.org/motion-utils/-/motion-utils-11.18.1.tgz 1545ms (cache miss)
3289 http fetch GET 200 https://registry.npmjs.org/path-exists/-/path-exists-4.0.0.tgz 1545ms (cache miss)
3290 http fetch GET 200 https://registry.npmjs.org/dunder-proto/-/dunder-proto-1.0.1.tgz 1552ms (cache miss)
3291 http fetch GET 200 https://registry.npmjs.org/is-document.all/-/is-document.all-1.0.0.tgz 1557ms (cache miss)
3292 http fetch GET 200 https://registry.npmjs.org/keyv/-/keyv-4.5.4.tgz 1557ms (cache miss)
3293 http fetch GET 200 https://registry.npmjs.org/flatted/-/flatted-3.4.4.tgz 1579ms (cache miss)
3294 http fetch GET 200 https://registry.npmjs.org/motion-dom/-/motion-dom-11.18.1.tgz 1580ms (cache miss)
3295 http fetch GET 200 https://registry.npmjs.org/tslib/-/tslib-2.8.1.tgz 1592ms (cache miss)
3296 http fetch GET 200 https://registry.npmjs.org/functions-have-names/-/functions-have-names-1.2.3.tgz 1597ms (cache miss)
3297 http fetch GET 200 https://registry.npmjs.org/minipass/-/minipass-7.1.3.tgz 1652ms (cache miss)
3298 http fetch GET 200 https://registry.npmjs.org/locate-path/-/locate-path-6.0.0.tgz 1655ms (cache miss)
3299 http fetch GET 200 https://registry.npmjs.org/rimraf/-/rimraf-3.0.2.tgz 1656ms (cache miss)
3300 warn deprecated rimraf@3.0.2: Rimraf versions prior to v4 are no longer supported
3301 http fetch GET 200 https://registry.npmjs.org/flat-cache/-/flat-cache-3.2.0.tgz 1665ms (cache miss)
3302 http fetch GET 200 https://registry.npmjs.org/string.prototype.repeat/-/string.prototype.repeat-1.0.0.tgz 1723ms (cache miss)
3303 http fetch GET 200 https://registry.npmjs.org/iterator.prototype/-/iterator.prototype-1.1.5.tgz 1724ms (cache miss)
3304 http fetch GET 200 https://registry.npmjs.org/esrecurse/-/esrecurse-4.3.0.tgz 1747ms (cache miss)
3305 http fetch GET 200 https://registry.npmjs.org/acorn-jsx/-/acorn-jsx-5.3.2.tgz 1764ms (cache miss)
3306 http fetch GET 200 https://registry.npmjs.org/reusify/-/reusify-1.1.0.tgz 1855ms (cache miss)
3307 http fetch GET 200 https://registry.npmjs.org/estraverse/-/estraverse-5.3.0.tgz 1855ms (cache miss)
3308 http fetch GET 200 https://registry.npmjs.org/object.entries/-/object.entries-1.1.9.tgz 1858ms (cache miss)
3309 http fetch GET 200 https://registry.npmjs.org/string.prototype.includes/-/string.prototype.includes-2.0.1.tgz 1863ms (cache miss)
3310 http fetch GET 200 https://registry.npmjs.org/prop-types/-/prop-types-15.8.1.tgz 1884ms (cache miss)
3311 http fetch GET 200 https://registry.npmjs.org/path-scurry/-/path-scurry-1.11.1.tgz 1902ms (cache miss)
3312 http fetch GET 200 https://registry.npmjs.org/language-tags/-/language-tags-1.0.9.tgz 1924ms (cache miss)
3313 http fetch GET 200 https://registry.npmjs.org/array.prototype.tosorted/-/array.prototype.tosorted-1.1.4.tgz 1938ms (cache miss)
3314 http fetch GET 200 https://registry.npmjs.org/array.prototype.findlast/-/array.prototype.findlast-1.2.5.tgz 1948ms (cache miss)
3315 http fetch GET 200 https://registry.npmjs.org/damerau-levenshtein/-/damerau-levenshtein-1.0.8.tgz 1961ms (cache miss)
3316 http fetch GET 200 https://registry.npmjs.org/emoji-regex/-/emoji-regex-9.2.2.tgz 1962ms (cache miss)
3317 http fetch GET 200 https://registry.npmjs.org/axobject-query/-/axobject-query-4.1.0.tgz 2021ms (cache miss)
3318 http fetch GET 200 https://registry.npmjs.org/es-iterator-helpers/-/es-iterator-helpers-1.4.0.tgz 2073ms (cache miss)
3319 http fetch GET 200 https://registry.npmjs.org/is-symbol/-/is-symbol-1.1.1.tgz 2085ms (cache miss)
3320 http fetch GET 200 https://registry.npmjs.org/is-date-object/-/is-date-object-1.1.0.tgz 2088ms (cache miss)
3321 http fetch GET 200 https://registry.npmjs.org/aria-query/-/aria-query-5.3.2.tgz 2109ms (cache miss)
3322 http fetch GET 200 https://registry.npmjs.org/es-abstract-get/-/es-abstract-get-1.0.0.tgz 2122ms (cache miss)
3323 http fetch GET 200 https://registry.npmjs.org/has-tostringtag/-/has-tostringtag-1.0.2.tgz 2132ms (cache miss)
3324 http fetch GET 200 https://registry.npmjs.org/ast-types-flow/-/ast-types-flow-0.0.8.tgz 2133ms (cache miss)
3325 http fetch GET 200 https://registry.npmjs.org/string.prototype.matchall/-/string.prototype.matchall-4.0.12.tgz 2190ms (cache miss)
3326 http fetch GET 200 https://registry.npmjs.org/which-typed-array/-/which-typed-array-1.1.22.tgz 2188ms (cache miss)
3327 http fetch GET 200 https://registry.npmjs.org/possible-typed-array-names/-/possible-typed-array-names-1.1.0.tgz 2205ms (cache miss)
3328 http fetch GET 200 https://registry.npmjs.org/typed-array-byte-offset/-/typed-array-byte-offset-1.0.4.tgz 2205ms (cache miss)
3329 http fetch GET 200 https://registry.npmjs.org/typed-array-buffer/-/typed-array-buffer-1.0.3.tgz 2234ms (cache miss)
3330 http fetch GET 200 https://registry.npmjs.org/unbox-primitive/-/unbox-primitive-1.1.0.tgz 2234ms (cache miss)
3331 http fetch GET 200 https://registry.npmjs.org/typed-array-byte-length/-/typed-array-byte-length-1.0.3.tgz 2246ms (cache miss)
3332 http fetch GET 200 https://registry.npmjs.org/jsx-ast-utils/-/jsx-ast-utils-3.3.5.tgz 2252ms (cache miss)
3333 http fetch GET 200 https://registry.npmjs.org/string.prototype.trim/-/string.prototype.trim-1.2.11.tgz 2257ms (cache miss)
3334 http fetch GET 200 https://registry.npmjs.org/string.prototype.trimstart/-/string.prototype.trimstart-1.0.8.tgz 2258ms (cache miss)
3335 http fetch GET 200 https://registry.npmjs.org/stop-iteration-iterator/-/stop-iteration-iterator-1.1.0.tgz 2337ms (cache miss)
3336 http fetch GET 200 https://registry.npmjs.org/typed-array-length/-/typed-array-length-1.0.8.tgz 2344ms (cache miss)
3337 http fetch GET 200 https://registry.npmjs.org/@unrs/resolver-binding-darwin-arm64/-/resolver-binding-darwin-arm64-1.12.2.tgz 2376ms (cache miss)
3338 http fetch GET 200 https://registry.npmjs.org/set-proto/-/set-proto-1.0.0.tgz 2374ms (cache miss)
3339 http fetch GET 200 https://registry.npmjs.org/safe-push-apply/-/safe-push-apply-1.0.0.tgz 2375ms (cache miss)
3340 http fetch GET 200 https://registry.npmjs.org/safe-regex-test/-/safe-regex-test-1.1.0.tgz 2375ms (cache miss)
3341 http fetch GET 200 https://registry.npmjs.org/is-weakref/-/is-weakref-1.1.1.tgz 2378ms (cache miss)
3342 http fetch GET 200 https://registry.npmjs.org/own-keys/-/own-keys-1.0.2.tgz 2378ms (cache miss)
3343 http fetch GET 200 https://registry.npmjs.org/safe-array-concat/-/safe-array-concat-1.1.4.tgz 2382ms (cache miss)
3344 http fetch GET 200 https://registry.npmjs.org/regexp.prototype.flags/-/regexp.prototype.flags-1.5.4.tgz 2397ms (cache miss)
3345 http fetch GET 200 https://registry.npmjs.org/acorn/-/acorn-8.18.0.tgz 2457ms (cache miss)
3346 http fetch GET 200 https://registry.npmjs.org/is-typed-array/-/is-typed-array-1.1.15.tgz 2483ms (cache miss)
3347 http fetch GET 200 https://registry.npmjs.org/is-shared-array-buffer/-/is-shared-array-buffer-1.0.4.tgz 2492ms (cache miss)
3348 http fetch GET 200 https://registry.npmjs.org/object.assign/-/object.assign-4.1.7.tgz 2494ms (cache miss)
3349 http fetch GET 200 https://registry.npmjs.org/is-array-buffer/-/is-array-buffer-3.0.5.tgz 2540ms (cache miss)
3350 http fetch GET 200 https://registry.npmjs.org/is-callable/-/is-callable-1.2.7.tgz 2540ms (cache miss)
3351 http fetch GET 200 https://registry.npmjs.org/is-data-view/-/is-data-view-1.0.2.tgz 2553ms (cache miss)
3352 http fetch GET 200 https://registry.npmjs.org/has-symbols/-/has-symbols-1.1.0.tgz 2569ms (cache miss)
3353 http fetch GET 200 https://registry.npmjs.org/is-set/-/is-set-2.0.3.tgz 2569ms (cache miss)
3354 http fetch GET 200 https://registry.npmjs.org/is-regex/-/is-regex-1.2.1.tgz 2580ms (cache miss)
3355 http fetch GET 200 https://registry.npmjs.org/is-negative-zero/-/is-negative-zero-2.0.3.tgz 2580ms (cache miss)
3356 http fetch GET 200 https://registry.npmjs.org/has-proto/-/has-proto-1.2.0.tgz 2597ms (cache miss)
3357 http fetch GET 200 https://registry.npmjs.org/object-inspect/-/object-inspect-1.13.4.tgz 2603ms (cache miss)
3358 http fetch GET 200 https://registry.npmjs.org/get-symbol-description/-/get-symbol-description-1.1.0.tgz 2615ms (cache miss)
3359 http fetch GET 200 https://registry.npmjs.org/internal-slot/-/internal-slot-1.1.0.tgz 2616ms (cache miss)
3360 http fetch GET 200 https://registry.npmjs.org/globalthis/-/globalthis-1.0.4.tgz 2617ms (cache miss)
3361 http fetch GET 200 https://registry.npmjs.org/get-proto/-/get-proto-1.0.1.tgz 2637ms (cache miss)
3362 http fetch GET 200 https://registry.npmjs.org/function.prototype.name/-/function.prototype.name-1.2.0.tgz 2638ms (cache miss)
3363 http fetch GET 200 https://registry.npmjs.org/es-to-primitive/-/es-to-primitive-1.3.4.tgz 2641ms (cache miss)
3364 http fetch GET 200 https://registry.npmjs.org/data-view-buffer/-/data-view-buffer-1.0.2.tgz 2649ms (cache miss)
3365 http fetch GET 200 https://registry.npmjs.org/data-view-byte-offset/-/data-view-byte-offset-1.0.1.tgz 2650ms (cache miss)
3366 http fetch GET 200 https://registry.npmjs.org/set-function-length/-/set-function-length-1.2.2.tgz 2677ms (cache miss)
3367 http fetch GET 200 https://registry.npmjs.org/define-data-property/-/define-data-property-1.1.4.tgz 2678ms (cache miss)
3368 http fetch GET 200 https://registry.npmjs.org/available-typed-arrays/-/available-typed-arrays-1.0.7.tgz 2679ms (cache miss)
3369 http fetch GET 200 https://registry.npmjs.org/object-keys/-/object-keys-1.1.1.tgz 2679ms (cache miss)
3370 http fetch GET 200 https://registry.npmjs.org/es-define-property/-/es-define-property-1.0.1.tgz 2689ms (cache miss)
3371 http fetch GET 200 https://registry.npmjs.org/data-view-byte-length/-/data-view-byte-length-1.0.2.tgz 2690ms (cache miss)
3372 http fetch GET 200 https://registry.npmjs.org/gopd/-/gopd-1.2.0.tgz 2690ms (cache miss)
3373 http fetch GET 200 https://registry.npmjs.org/es-errors/-/es-errors-1.3.0.tgz 2691ms (cache miss)
3374 http fetch GET 200 https://registry.npmjs.org/arraybuffer.prototype.slice/-/arraybuffer.prototype.slice-1.0.4.tgz 2695ms (cache miss)
3375 http fetch GET 200 https://registry.npmjs.org/function-bind/-/function-bind-1.1.2.tgz 2701ms (cache miss)
3376 http fetch GET 200 https://registry.npmjs.org/es-set-tostringtag/-/es-set-tostringtag-2.1.0.tgz 2702ms (cache miss)
3377 http fetch GET 200 https://registry.npmjs.org/array-buffer-byte-length/-/array-buffer-byte-length-1.0.2.tgz 2710ms (cache miss)
3378 http fetch GET 200 https://registry.npmjs.org/es-shim-unscopables/-/es-shim-unscopables-1.1.0.tgz 2746ms (cache miss)
3379 http fetch GET 200 https://registry.npmjs.org/call-bind-apply-helpers/-/call-bind-apply-helpers-1.0.2.tgz 2887ms (cache miss)
3380 http fetch GET 200 https://registry.npmjs.org/has-property-descriptors/-/has-property-descriptors-1.0.2.tgz 2887ms (cache miss)
3381 http fetch GET 200 https://registry.npmjs.org/math-intrinsics/-/math-intrinsics-1.1.0.tgz 2887ms (cache miss)
3382 http fetch GET 200 https://registry.npmjs.org/define-properties/-/define-properties-1.2.1.tgz 2888ms (cache miss)
3383 http fetch GET 200 https://registry.npmjs.org/is-string/-/is-string-1.1.1.tgz 2911ms (cache miss)
3384 http fetch GET 200 https://registry.npmjs.org/es-object-atoms/-/es-object-atoms-1.1.2.tgz 2912ms (cache miss)
3385 http fetch GET 200 https://registry.npmjs.org/call-bound/-/call-bound-1.0.4.tgz 2957ms (cache miss)
3386 http fetch GET 200 https://registry.npmjs.org/call-bind/-/call-bind-1.0.9.tgz 2957ms (cache miss)
3387 http fetch GET 200 https://registry.npmjs.org/string.prototype.trimend/-/string.prototype.trimend-1.0.10.tgz 2958ms (cache miss)
3388 http fetch GET 200 https://registry.npmjs.org/get-intrinsic/-/get-intrinsic-1.3.0.tgz 2985ms (cache miss)
3389 http fetch GET 200 https://registry.npmjs.org/tsconfig-paths/-/tsconfig-paths-3.15.0.tgz 2989ms (cache miss)
3390 http fetch GET 200 https://registry.npmjs.org/hasown/-/hasown-2.0.4.tgz 3013ms (cache miss)
3391 http fetch GET 200 https://registry.npmjs.org/array.prototype.flatmap/-/array.prototype.flatmap-1.3.3.tgz 3021ms (cache miss)
3392 http fetch GET 200 https://registry.npmjs.org/object.groupby/-/object.groupby-1.0.3.tgz 3024ms (cache miss)
3393 http fetch GET 200 https://registry.npmjs.org/array.prototype.flat/-/array.prototype.flat-1.3.3.tgz 3025ms (cache miss)
3394 http fetch GET 200 https://registry.npmjs.org/object.values/-/object.values-1.2.1.tgz 3037ms (cache miss)
3395 http fetch GET 200 https://registry.npmjs.org/array.prototype.findlastindex/-/array.prototype.findlastindex-1.2.6.tgz 3049ms (cache miss)
3396 http fetch GET 200 https://registry.npmjs.org/array-includes/-/array-includes-3.1.9.tgz 3049ms (cache miss)
3397 http fetch GET 200 https://registry.npmjs.org/stable-hash/-/stable-hash-0.0.5.tgz 3052ms (cache miss)
3398 http fetch GET 200 https://registry.npmjs.org/eslint-module-utils/-/eslint-module-utils-2.14.0.tgz 3053ms (cache miss)
3399 http fetch GET 200 https://registry.npmjs.org/@rtsao/scc/-/scc-1.1.0.tgz 3059ms (cache miss)
3400 http fetch GET 200 https://registry.npmjs.org/is-bun-module/-/is-bun-module-2.0.0.tgz 3063ms (cache miss)
3401 http fetch GET 200 https://registry.npmjs.org/tinyglobby/-/tinyglobby-0.2.17.tgz 3098ms (cache miss)
3402 http fetch GET 200 https://registry.npmjs.org/globby/-/globby-11.1.0.tgz 3102ms (cache miss)
3403 http fetch GET 200 https://registry.npmjs.org/get-tsconfig/-/get-tsconfig-4.14.1.tgz 3102ms (cache miss)
3404 http fetch GET 200 https://registry.npmjs.org/unrs-resolver/-/unrs-resolver-1.12.2.tgz 3121ms (cache miss)
3405 http fetch GET 200 https://registry.npmjs.org/is-core-module/-/is-core-module-2.16.2.tgz 3158ms (cache miss)
3406 http fetch GET 200 https://registry.npmjs.org/glob/-/glob-10.3.10.tgz 3260ms (cache miss)
3407 warn deprecated glob@10.3.10: Old versions of glob are not supported, and contain widely publicized security vulnerabilities, which have been fixed in the current version. Please update. Support for old versions may be purchased (at exorbitant rates) by contacting i@izs.me
3408 http fetch GET 200 https://registry.npmjs.org/resolve/-/resolve-2.0.0-next.7.tgz 3276ms (cache miss)
3409 http fetch GET 200 https://registry.npmjs.org/@typescript-eslint/types/-/types-7.2.0.tgz 3277ms (cache miss)
3410 http fetch GET 200 https://registry.npmjs.org/semver/-/semver-7.8.5.tgz 3301ms (cache miss)
3411 http fetch GET 200 https://registry.npmjs.org/object.fromentries/-/object.fromentries-2.0.8.tgz 3306ms (cache miss)
3412 http fetch GET 200 https://registry.npmjs.org/ts-api-utils/-/ts-api-utils-1.4.3.tgz 3310ms (cache miss)
3413 http fetch GET 200 https://registry.npmjs.org/@nolyfill/is-core-module/-/is-core-module-1.0.39.tgz 3353ms (cache miss)
3414 http fetch GET 200 https://registry.npmjs.org/eslint-import-resolver-typescript/-/eslint-import-resolver-typescript-3.10.1.tgz 3497ms (cache miss)
3415 http fetch GET 200 https://registry.npmjs.org/language-subtag-registry/-/language-subtag-registry-0.3.23.tgz 3597ms (cache miss)
3416 http fetch GET 200 https://registry.npmjs.org/eslint-plugin-react-hooks/-/eslint-plugin-react-hooks-5.0.0-canary-7118f5dd7-20230705.tgz 3612ms (cache miss)
3417 http fetch GET 200 https://registry.npmjs.org/@typescript-eslint/visitor-keys/-/visitor-keys-7.2.0.tgz 3612ms (cache miss)
3418 http fetch GET 200 https://registry.npmjs.org/eslint-plugin-jsx-a11y/-/eslint-plugin-jsx-a11y-6.10.2.tgz 3613ms (cache miss)
3419 http fetch GET 200 https://registry.npmjs.org/ms/-/ms-2.1.3.tgz 3622ms (cache miss)
3420 http fetch GET 200 https://registry.npmjs.org/@next/eslint-plugin-next/-/eslint-plugin-next-14.2.5.tgz 3634ms (cache miss)
3421 http fetch GET 200 https://registry.npmjs.org/shebang-command/-/shebang-command-2.0.0.tgz 3659ms (cache miss)
3422 http fetch GET 200 https://registry.npmjs.org/@typescript-eslint/scope-manager/-/scope-manager-7.2.0.tgz 3702ms (cache miss)
3423 http fetch GET 200 https://registry.npmjs.org/eslint-import-resolver-node/-/eslint-import-resolver-node-0.3.10.tgz 3763ms (cache miss)
3424 http fetch GET 200 https://registry.npmjs.org/@typescript-eslint/parser/-/parser-7.2.0.tgz 3763ms (cache miss)
3425 http fetch GET 200 https://registry.npmjs.org/color-name/-/color-name-1.1.4.tgz 3767ms (cache miss)
3426 http fetch GET 200 https://registry.npmjs.org/path-key/-/path-key-3.1.1.tgz 3925ms (cache miss)
3427 http fetch GET 200 https://registry.npmjs.org/json-schema-traverse/-/json-schema-traverse-0.4.1.tgz 3937ms (cache miss)
3428 http fetch GET 200 https://registry.npmjs.org/supports-color/-/supports-color-7.2.0.tgz 3937ms (cache miss)
3429 http fetch GET 200 https://registry.npmjs.org/color-convert/-/color-convert-2.0.1.tgz 3951ms (cache miss)
3430 http fetch GET 200 https://registry.npmjs.org/eslint-plugin-react/-/eslint-plugin-react-7.37.5.tgz 3958ms (cache miss)
3431 http fetch GET 200 https://registry.npmjs.org/import-fresh/-/import-fresh-3.3.1.tgz 4011ms (cache miss)
3432 http fetch GET 200 https://registry.npmjs.org/@nodelib/fs.scandir/-/fs.scandir-2.1.5.tgz 4011ms (cache miss)
3433 http fetch GET 200 https://registry.npmjs.org/fastq/-/fastq-1.20.1.tgz 4020ms (cache miss)
3434 http fetch GET 200 https://registry.npmjs.org/@humanwhocodes/object-schema/-/object-schema-2.0.3.tgz 4034ms (cache miss)
3435 warn deprecated @humanwhocodes/object-schema@2.0.3: Use @eslint/object-schema instead
3436 http fetch GET 200 https://registry.npmjs.org/which/-/which-2.0.2.tgz 4068ms (cache miss)
3437 http fetch GET 200 https://registry.npmjs.org/strip-json-comments/-/strip-json-comments-3.1.1.tgz 4072ms (cache miss)
3438 http fetch GET 200 https://registry.npmjs.org/@nodelib/fs.stat/-/fs.stat-2.0.5.tgz 4170ms (cache miss)
3439 http fetch GET 200 https://registry.npmjs.org/text-table/-/text-table-0.2.0.tgz 4170ms (cache miss)
3440 http fetch GET 200 https://registry.npmjs.org/@typescript-eslint/typescript-estree/-/typescript-estree-7.2.0.tgz 4177ms (cache miss)
3441 http fetch GET 200 https://registry.npmjs.org/axe-core/-/axe-core-4.13.0.tgz 4195ms (cache miss)
3442 http fetch GET 200 https://registry.npmjs.org/run-parallel/-/run-parallel-1.2.0.tgz 4188ms (cache miss)
3443 http fetch GET 200 https://registry.npmjs.org/levn/-/levn-0.4.1.tgz 4198ms (cache miss)
3444 http fetch GET 200 https://registry.npmjs.org/natural-compare/-/natural-compare-1.4.0.tgz 4198ms (cache miss)
3445 http fetch GET 200 https://registry.npmjs.org/json-stable-stringify-without-jsonify/-/json-stable-stringify-without-jsonify-1.0.1.tgz 4223ms (cache miss)
3446 http fetch GET 200 https://registry.npmjs.org/is-path-inside/-/is-path-inside-3.0.3.tgz 4230ms (cache miss)
3447 http fetch GET 200 https://registry.npmjs.org/@rushstack/eslint-patch/-/eslint-patch-1.16.1.tgz 4233ms (cache miss)
3448 http fetch GET 200 https://registry.npmjs.org/imurmurhash/-/imurmurhash-0.1.4.tgz 4244ms (cache miss)
3449 http fetch GET 200 https://registry.npmjs.org/strip-ansi/-/strip-ansi-6.0.1.tgz 4244ms (cache miss)
3450 http fetch GET 200 https://registry.npmjs.org/is-glob/-/is-glob-4.0.3.tgz 4245ms (cache miss)
3451 http fetch GET 200 https://registry.npmjs.org/ansi-styles/-/ansi-styles-4.3.0.tgz 4283ms (cache miss)
3452 http fetch GET 200 https://registry.npmjs.org/optionator/-/optionator-0.9.4.tgz 4395ms (cache miss)
3453 http fetch GET 200 https://registry.npmjs.org/globals/-/globals-13.24.0.tgz 4396ms (cache miss)
3454 http fetch GET 200 https://registry.npmjs.org/minimatch/-/minimatch-3.1.5.tgz 4401ms (cache miss)
3455 http fetch GET 200 https://registry.npmjs.org/file-entry-cache/-/file-entry-cache-6.0.1.tgz 4404ms (cache miss)
3456 http fetch GET 200 https://registry.npmjs.org/fast-deep-equal/-/fast-deep-equal-3.1.3.tgz 4404ms (cache miss)
3457 http fetch GET 200 https://registry.npmjs.org/js-yaml/-/js-yaml-4.3.1.tgz 4411ms (cache miss)
3458 http fetch GET 200 https://registry.npmjs.org/find-up/-/find-up-5.0.0.tgz 4410ms (cache miss)
3459 http fetch GET 200 https://registry.npmjs.org/esutils/-/esutils-2.0.3.tgz 4435ms (cache miss)
3460 http fetch GET 200 https://registry.npmjs.org/eslint-visitor-keys/-/eslint-visitor-keys-3.4.3.tgz 4460ms (cache miss)
3461 http fetch GET 200 https://registry.npmjs.org/escape-string-regexp/-/escape-string-regexp-4.0.0.tgz 4462ms (cache miss)
3462 http fetch GET 200 https://registry.npmjs.org/fast-json-stable-stringify/-/fast-json-stable-stringify-2.1.0.tgz 4464ms (cache miss)
3463 http fetch GET 200 https://registry.npmjs.org/doctrine/-/doctrine-3.0.0.tgz 4577ms (cache miss)
3464 http fetch GET 200 https://registry.npmjs.org/ignore/-/ignore-5.3.2.tgz 4592ms (cache miss)
3465 http fetch GET 200 https://registry.npmjs.org/graphemer/-/graphemer-1.4.0.tgz 4594ms (cache miss)
3466 http fetch GET 200 https://registry.npmjs.org/cross-spawn/-/cross-spawn-7.0.6.tgz 4599ms (cache miss)
3467 http fetch GET 200 https://registry.npmjs.org/glob-parent/-/glob-parent-6.0.2.tgz 4599ms (cache miss)
3468 http fetch GET 200 https://registry.npmjs.org/espree/-/espree-9.6.1.tgz 4605ms (cache miss)
3469 http fetch GET 200 https://registry.npmjs.org/eslint-scope/-/eslint-scope-7.2.2.tgz 4605ms (cache miss)
3470 http fetch GET 200 https://registry.npmjs.org/es-abstract/-/es-abstract-1.24.2.tgz 4617ms (cache miss)
3471 http fetch GET 200 https://registry.npmjs.org/debug/-/debug-4.4.3.tgz 4625ms (cache miss)
3472 http fetch GET 200 https://registry.npmjs.org/chalk/-/chalk-4.1.2.tgz 4626ms (cache miss)
3473 http fetch GET 200 https://registry.npmjs.org/@humanwhocodes/config-array/-/config-array-0.13.0.tgz 4633ms (cache miss)
3474 warn deprecated @humanwhocodes/config-array@0.13.0: Use @eslint/config-array instead
3475 http fetch GET 200 https://registry.npmjs.org/@humanwhocodes/module-importer/-/module-importer-1.0.1.tgz 4641ms (cache miss)
3476 http fetch GET 200 https://registry.npmjs.org/@nodelib/fs.walk/-/fs.walk-1.2.8.tgz 4651ms (cache miss)
3477 http fetch GET 200 https://registry.npmjs.org/node-releases/-/node-releases-2.0.53.tgz 4663ms (cache miss)
3478 http fetch GET 200 https://registry.npmjs.org/@ungap/structured-clone/-/structured-clone-1.3.3.tgz 4669ms (cache miss)
3479 http fetch GET 200 https://registry.npmjs.org/update-browserslist-db/-/update-browserslist-db-1.3.1.tgz 4668ms (cache miss)
3480 http fetch GET 200 https://registry.npmjs.org/electron-to-chromium/-/electron-to-chromium-1.5.404.tgz 4669ms (cache miss)
3481 http fetch GET 200 https://registry.npmjs.org/lodash.merge/-/lodash.merge-4.6.2.tgz 4704ms (cache miss)
3482 http fetch GET 200 https://registry.npmjs.org/@eslint/js/-/js-8.57.1.tgz 4702ms (cache miss)
3483 http fetch GET 200 https://registry.npmjs.org/baseline-browser-mapping/-/baseline-browser-mapping-2.11.13.tgz 4707ms (cache miss)
3484 http fetch GET 200 https://registry.npmjs.org/picocolors/-/picocolors-1.1.1.tgz 4715ms (cache miss)
3485 http fetch GET 200 https://registry.npmjs.org/postcss-value-parser/-/postcss-value-parser-4.2.0.tgz 4732ms (cache miss)
3486 http fetch GET 200 https://registry.npmjs.org/@eslint/eslintrc/-/eslintrc-2.1.4.tgz 4799ms (cache miss)
3487 http fetch GET 200 https://registry.npmjs.org/eslint-plugin-import/-/eslint-plugin-import-2.32.0.tgz 5052ms (cache miss)
3488 http fetch GET 200 https://registry.npmjs.org/fraction.js/-/fraction.js-5.3.4.tgz 5082ms (cache miss)
3489 http fetch GET 200 https://registry.npmjs.org/@eslint-community/eslint-utils/-/eslint-utils-4.10.1.tgz 5084ms (cache miss)
3490 http fetch GET 200 https://registry.npmjs.org/eslint-config-next/-/eslint-config-next-14.2.5.tgz 5112ms (cache miss)
3491 http fetch GET 200 https://registry.npmjs.org/@eslint-community/regexpp/-/regexpp-4.12.2.tgz 5160ms (cache miss)
3492 http fetch GET 200 https://registry.npmjs.org/react/-/react-18.3.1.tgz 5427ms (cache miss)
3493 http fetch GET 200 https://registry.npmjs.org/browserslist/-/browserslist-4.28.8.tgz 5460ms (cache miss)
3494 http fetch GET 200 https://registry.npmjs.org/esquery/-/esquery-1.7.0.tgz 5523ms (cache miss)
3495 http fetch GET 200 https://registry.npmjs.org/autoprefixer/-/autoprefixer-10.5.4.tgz 5586ms (cache miss)
3496 http fetch GET 200 https://registry.npmjs.org/resolve/-/resolve-1.22.12.tgz 5598ms (cache miss)
3497 http fetch GET 200 https://registry.npmjs.org/string-width/-/string-width-4.2.3.tgz 5734ms (cache miss)
3498 http fetch GET 200 https://registry.npmjs.org/emoji-regex/-/emoji-regex-8.0.0.tgz 5789ms (cache miss)
3499 http fetch GET 200 https://registry.npmjs.org/ansi-regex/-/ansi-regex-6.2.2.tgz 5790ms (cache miss)
3500 http fetch GET 200 https://registry.npmjs.org/glob-parent/-/glob-parent-5.1.2.tgz 6076ms (cache miss)
3501 http fetch GET 200 https://registry.npmjs.org/postcss/-/postcss-8.5.26.tgz 6077ms (cache miss)
3502 http fetch GET 200 https://registry.npmjs.org/strip-ansi/-/strip-ansi-7.2.0.tgz 6195ms (cache miss)
3503 http fetch GET 200 https://registry.npmjs.org/ansi-regex/-/ansi-regex-6.2.2.tgz 6442ms (cache miss)
3504 http fetch GET 200 https://registry.npmjs.org/ansi-regex/-/ansi-regex-6.2.2.tgz 6463ms (cache miss)
3505 http fetch GET 200 https://registry.npmjs.org/semver/-/semver-6.3.1.tgz 6471ms (cache miss)
3506 http fetch GET 200 https://registry.npmjs.org/framer-motion/-/framer-motion-11.18.2.tgz 6481ms (cache miss)
3507 http fetch GET 200 https://registry.npmjs.org/uri-js/-/uri-js-4.4.1.tgz 6579ms (cache miss)
3508 http fetch GET 200 https://registry.npmjs.org/tailwindcss/-/tailwindcss-3.4.19.tgz 6584ms (cache miss)
3509 http fetch GET 200 https://registry.npmjs.org/glob-parent/-/glob-parent-5.1.2.tgz 6698ms (cache miss)
3510 http fetch GET 200 https://registry.npmjs.org/strip-ansi/-/strip-ansi-7.2.0.tgz 6698ms (cache miss)
3511 http fetch GET 200 https://registry.npmjs.org/glob/-/glob-7.2.3.tgz 6699ms (cache miss)
3512 warn deprecated glob@7.2.3: Old versions of glob are not supported, and contain widely publicized security vulnerabilities, which have been fixed in the current version. Please update. Support for old versions may be purchased (at exorbitant rates) by contacting i@izs.me
3513 http fetch GET 200 https://registry.npmjs.org/picomatch/-/picomatch-4.0.5.tgz 6703ms (cache miss)
3514 http fetch GET 200 https://registry.npmjs.org/ansi-styles/-/ansi-styles-6.2.3.tgz 6753ms (cache miss)
3515 http fetch GET 200 https://registry.npmjs.org/emoji-regex/-/emoji-regex-8.0.0.tgz 6773ms (cache miss)
3516 http fetch GET 200 https://registry.npmjs.org/brace-expansion/-/brace-expansion-2.1.4.tgz 6791ms (cache miss)
3517 http fetch GET 200 https://registry.npmjs.org/brace-expansion/-/brace-expansion-2.1.4.tgz 6924ms (cache miss)
3518 http fetch GET 200 https://registry.npmjs.org/semver/-/semver-6.3.1.tgz 6923ms (cache miss)
3519 http fetch GET 200 https://registry.npmjs.org/doctrine/-/doctrine-2.1.0.tgz 7062ms (cache miss)
3520 http fetch GET 200 https://registry.npmjs.org/minimatch/-/minimatch-9.0.9.tgz 7084ms (cache miss)
3521 http fetch GET 200 https://registry.npmjs.org/semver/-/semver-6.3.1.tgz 7157ms (cache miss)
3522 http fetch GET 200 https://registry.npmjs.org/debug/-/debug-3.2.7.tgz 7181ms (cache miss)
3523 http fetch GET 200 https://registry.npmjs.org/resolve/-/resolve-1.22.12.tgz 7288ms (cache miss)
3524 http fetch GET 200 https://registry.npmjs.org/debug/-/debug-3.2.7.tgz 7332ms (cache miss)
3525 http fetch GET 200 https://registry.npmjs.org/postcss/-/postcss-8.4.31.tgz 7329ms (cache miss)
3526 http fetch GET 200 https://registry.npmjs.org/fdir/-/fdir-6.5.0.tgz 7336ms (cache miss)
3527 http fetch GET 200 https://registry.npmjs.org/strip-ansi/-/strip-ansi-7.2.0.tgz 7476ms (cache miss)
3528 http fetch GET 200 https://registry.npmjs.org/minimatch 7316ms (cache miss)
3529 silly packumentCache corgi:https://registry.npmjs.org/minimatch set size:undefined disposed:false
3530 http fetch GET 200 https://registry.npmjs.org/debug/-/debug-3.2.7.tgz 7556ms (cache miss)
3531 http fetch GET 200 https://registry.npmjs.org/glob 7369ms (cache miss)
3532 silly packumentCache corgi:https://registry.npmjs.org/glob set size:undefined disposed:false
3533 http fetch GET 200 https://registry.npmjs.org/ajv/-/ajv-6.15.0.tgz 7616ms (cache miss)
3534 http fetch GET 200 https://registry.npmjs.org/doctrine/-/doctrine-2.1.0.tgz 7668ms (cache miss)
3535 http fetch GET 200 https://registry.npmjs.org/minimatch/-/minimatch-9.0.3.tgz 7711ms (cache miss)
3536 http fetch GET 200 https://registry.npmjs.org/postcss 8664ms (cache miss)
3537 silly packumentCache corgi:https://registry.npmjs.org/postcss set size:undefined disposed:false
3538 http fetch GET 200 https://registry.npmjs.org/eslint/-/eslint-8.57.1.tgz 9617ms (cache miss)
3539 warn deprecated eslint@8.57.1: This version is no longer supported. Please see https://eslint.org/version-support for other options.
3540 http fetch GET 200 https://registry.npmjs.org/typescript/-/typescript-5.9.3.tgz 10713ms (cache miss)
3541 http fetch GET 200 https://registry.npmjs.org/caniuse-lite/-/caniuse-lite-1.0.30001809.tgz 12613ms (cache miss)
3542 http fetch GET 200 https://registry.npmjs.org/react-dom/-/react-dom-18.3.1.tgz 17890ms (cache miss)
3543 http fetch GET 200 https://registry.npmjs.org/next 17962ms (cache miss)
3544 silly packumentCache corgi:https://registry.npmjs.org/next set size:undefined disposed:false
3545 silly packumentCache corgi:https://registry.npmjs.org/@typescript-eslint%2ftypescript-estree cache-miss
3546 http fetch GET 200 https://registry.npmjs.org/@typescript-eslint%2ftypescript-estree 5175ms (cache miss)
3547 silly packumentCache corgi:https://registry.npmjs.org/@typescript-eslint%2ftypescript-estree set size:undefined disposed:false
3548 silly packumentCache corgi:https://registry.npmjs.org/@next%2feslint-plugin-next cache-miss
3549 http fetch GET 200 https://registry.npmjs.org/@next%2feslint-plugin-next 2506ms (cache miss)
3550 silly packumentCache corgi:https://registry.npmjs.org/@next%2feslint-plugin-next set size:undefined disposed:false
3551 silly packumentCache corgi:https://registry.npmjs.org/@typescript-eslint%2fparser cache-miss
3552 http fetch GET 200 https://registry.npmjs.org/@next/swc-darwin-arm64/-/swc-darwin-arm64-14.2.5.tgz 34258ms (cache miss)
3553 http fetch GET 200 https://registry.npmjs.org/next/-/next-14.2.5.tgz 37690ms (cache miss)
3554 warn deprecated next@14.2.5: This version has a security vulnerability. Please upgrade to a patched version. See https://nextjs.org/blog/security-update-2025-12-11 for more details.
3555 info run fsevents@2.3.3 install node_modules/fsevents node-gyp rebuild
3556 info run fsevents@2.3.3 install { code: 1, signal: null }
3557 verbose reify failed optional dependency /Users/naitikdonda/Desktop/Devera/node_modules/fsevents
3558 silly reify mark deleted [ '/Users/naitikdonda/Desktop/Devera/node_modules/fsevents' ]
3559 info run unrs-resolver@1.12.2 postinstall node_modules/unrs-resolver node postinstall.js
3560 info run unrs-resolver@1.12.2 postinstall { code: 0, signal: null }
3561 http fetch GET 200 https://registry.npmjs.org/@typescript-eslint%2fparser 11067ms (cache miss)
3562 silly packumentCache corgi:https://registry.npmjs.org/@typescript-eslint%2fparser set size:undefined disposed:false
3563 silly packumentCache corgi:https://registry.npmjs.org/eslint-config-next cache-miss
3564 http fetch GET 200 https://registry.npmjs.org/eslint-config-next 753ms (cache miss)
3565 silly packumentCache corgi:https://registry.npmjs.org/eslint-config-next set size:undefined disposed:false
3566 silly ADD node_modules/wrappy
3567 silly ADD node_modules/path-is-absolute
3568 silly ADD node_modules/once
3569 silly ADD node_modules/inherits
3570 silly ADD node_modules/inflight
3571 silly ADD node_modules/fs.realpath
3572 silly ADD node_modules/is-weakset
3573 silly ADD node_modules/is-weakmap
3574 silly ADD node_modules/is-map
3575 silly ADD node_modules/generator-function
3576 silly ADD node_modules/async-function
3577 silly ADD node_modules/which-collection
3578 silly ADD node_modules/is-generator-function
3579 silly ADD node_modules/is-finalizationregistry
3580 silly ADD node_modules/is-async-function
3581 silly ADD node_modules/is-number-object
3582 silly ADD node_modules/is-boolean-object
3583 silly ADD node_modules/is-bigint
3584 silly ADD node_modules/isexe
3585 silly ADD node_modules/punycode
3586 silly ADD node_modules/escalade
3587 silly ADD node_modules/napi-postinstall
3588 silly ADD node_modules/@unrs/resolver-binding-darwin-arm64
3589 silly ADD node_modules/which-boxed-primitive
3590 silly ADD node_modules/has-bigints
3591 silly ADD node_modules/which-builtin-type
3592 silly ADD node_modules/reflect.getprototypeof
3593 silly ADD node_modules/for-each
3594 silly ADD node_modules/strip-bom
3595 silly ADD node_modules/minimist
3596 silly ADD node_modules/json5
3597 silly ADD node_modules/@types/json5
3598 silly ADD node_modules/is-number
3599 silly ADD node_modules/thenify
3600 silly ADD node_modules/thenify-all
3601 silly ADD node_modules/any-promise
3602 silly ADD node_modules/@jridgewell/resolve-uri
3603 silly ADD node_modules/@jridgewell/trace-mapping
3604 silly ADD node_modules/@jridgewell/sourcemap-codec
3605 silly ADD node_modules/ts-interface-checker
3606 silly ADD node_modules/pirates
3607 silly ADD node_modules/mz
3608 silly ADD node_modules/lines-and-columns
3609 silly ADD node_modules/commander
3610 silly ADD node_modules/@jridgewell/gen-mapping
3611 silly ADD node_modules/pify
3612 silly ADD node_modules/util-deprecate
3613 silly ADD node_modules/cssesc
3614 silly ADD node_modules/camelcase-css
3615 silly ADD node_modules/read-cache
3616 silly ADD node_modules/binary-extensions
3617 silly ADD node_modules/readdirp
3618 silly ADD node_modules/is-binary-path
3619 silly ADD
3620 silly ADD node_modules/anymatch
3621 silly ADD node_modules/sucrase
3622 silly ADD node_modules/postcss-selector-parser
3623 silly ADD node_modules/postcss-nested
3624 silly ADD node_modules/postcss-load-config
3625 silly ADD node_modules/postcss-js
3626 silly ADD node_modules/postcss-import
3627 silly ADD node_modules/postcss-import/node_modules/resolve
3628 silly ADD node_modules/object-hash
3629 silly ADD node_modules/normalize-path
3630 silly ADD node_modules/lilconfig
3631 silly ADD node_modules/jiti
3632 silly ADD node_modules/dlv
3633 silly ADD node_modules/didyoumean
3634 silly ADD node_modules/chokidar
3635 silly ADD node_modules/chokidar/node_modules/glob-parent
3636 silly ADD node_modules/arg
3637 silly ADD node_modules/@alloc/quick-lru
3638 silly ADD node_modules/has-flag
3639 silly ADD node_modules/client-only
3640 silly ADD node_modules/ansi-regex
3641 silly ADD node_modules/is-fullwidth-code-point
3642 silly ADD node_modules/eastasianwidth
3643 silly ADD node_modules/side-channel-weakmap
3644 silly ADD node_modules/side-channel-map
3645 silly ADD node_modules/side-channel-list
3646 silly ADD node_modules/shebang-regex
3647 silly ADD node_modules/isarray
3648 silly ADD node_modules/queue-microtask
3649 silly ADD node_modules/supports-preserve-symlinks-flag
3650 silly ADD node_modules/path-parse
3651 silly ADD node_modules/node-exports-info
3652 silly ADD node_modules/node-exports-info/node_modules/semver
3653 silly ADD node_modules/scheduler
3654 silly ADD node_modules/js-tokens
3655 silly ADD node_modules/react-is
3656 silly ADD node_modules/object-assign
3657 silly ADD node_modules/loose-envify
3658 silly ADD node_modules/source-map-js
3659 silly ADD node_modules/nanoid
3660 silly ADD node_modules/lru-cache
3661 silly ADD node_modules/callsites
3662 silly ADD node_modules/yocto-queue
3663 silly ADD node_modules/p-limit
3664 silly ADD node_modules/word-wrap
3665 silly ADD node_modules/fast-levenshtein
3666 silly ADD node_modules/deep-is
3667 silly ADD node_modules/streamsearch
3668 silly ADD node_modules/@swc/counter
3669 silly ADD node_modules/styled-jsx
3670 silly ADD node_modules/graceful-fs
3671 silly ADD node_modules/busboy
3672 silly ADD node_modules/@swc/helpers
3673 silly ADD node_modules/@next/swc-darwin-arm64
3674 silly ADD node_modules/@next/env
3675 silly ADD node_modules/concat-map
3676 silly ADD node_modules/balanced-match
3677 silly ADD node_modules/brace-expansion
3678 silly ADD node_modules/to-regex-range
3679 silly ADD node_modules/fill-range
3680 silly ADD node_modules/picomatch
3681 silly ADD node_modules/braces
3682 silly ADD node_modules/p-locate
3683 silly ADD node_modules/type-check
3684 silly ADD node_modules/prelude-ls
3685 silly ADD node_modules/language-subtag-registry
3686 silly ADD node_modules/json-buffer
3687 silly ADD node_modules/argparse
3688 silly ADD node_modules/wrap-ansi-cjs
3689 silly ADD node_modules/wrap-ansi-cjs/node_modules/emoji-regex
3690 silly ADD node_modules/wrap-ansi-cjs/node_modules/string-width
3691 silly ADD node_modules/wrap-ansi
3692 silly ADD node_modules/wrap-ansi/node_modules/ansi-regex
3693 silly ADD node_modules/wrap-ansi/node_modules/strip-ansi
3694 silly ADD node_modules/wrap-ansi/node_modules/ansi-styles
3695 silly ADD node_modules/strip-ansi-cjs
3696 silly ADD node_modules/string-width-cjs
3697 silly ADD node_modules/string-width-cjs/node_modules/emoji-regex
3698 silly ADD node_modules/string-width
3699 silly ADD node_modules/string-width/node_modules/ansi-regex
3700 silly ADD node_modules/string-width/node_modules/strip-ansi
3701 silly ADD node_modules/@pkgjs/parseargs
3702 silly ADD node_modules/@isaacs/cliui
3703 silly ADD node_modules/@isaacs/cliui/node_modules/ansi-regex
3704 silly ADD node_modules/@isaacs/cliui/node_modules/strip-ansi
3705 silly ADD node_modules/set-function-name
3706 silly ADD node_modules/is-extglob
3707 silly ADD node_modules/side-channel
3708 silly ADD node_modules/resolve-from
3709 silly ADD node_modules/parent-module
3710 silly ADD node_modules/micromatch
3711 silly ADD node_modules/path-type
3712 silly ADD node_modules/slash
3713 silly ADD node_modules/merge2
3714 silly ADD node_modules/fast-glob
3715 silly ADD node_modules/fast-glob/node_modules/glob-parent
3716 silly ADD node_modules/dir-glob
3717 silly ADD node_modules/array-union
3718 silly ADD node_modules/type-fest
3719 silly ADD node_modules/signal-exit
3720 silly ADD node_modules/path-scurry
3721 silly ADD node_modules/minipass
3722 silly ADD node_modules/jackspeak
3723 silly ADD node_modules/foreground-child
3724 silly ADD node_modules/resolve-pkg-maps
3725 silly ADD node_modules/dunder-proto
3726 silly ADD node_modules/is-document.all
3727 silly ADD node_modules/functions-have-names
3728 silly ADD node_modules/tslib
3729 silly ADD node_modules/motion-utils
3730 silly ADD node_modules/motion-dom
3731 silly ADD node_modules/rimraf
3732 silly ADD node_modules/rimraf/node_modules/glob
3733 silly ADD node_modules/keyv
3734 silly ADD node_modules/flatted
3735 silly ADD node_modules/path-exists
3736 silly ADD node_modules/locate-path
3737 silly ADD node_modules/flat-cache
3738 silly ADD node_modules/reusify
3739 silly ADD node_modules/acorn-jsx
3740 silly ADD node_modules/acorn
3741 silly ADD node_modules/esrecurse
3742 silly ADD node_modules/iterator.prototype
3743 silly ADD node_modules/string.prototype.repeat
3744 silly ADD node_modules/string.prototype.matchall
3745 silly ADD node_modules/prop-types
3746 silly ADD node_modules/object.entries
3747 silly ADD node_modules/estraverse
3748 silly ADD node_modules/es-iterator-helpers
3749 silly ADD node_modules/array.prototype.tosorted
3750 silly ADD node_modules/array.prototype.findlast
3751 silly ADD node_modules/string.prototype.includes
3752 silly ADD node_modules/language-tags
3753 silly ADD node_modules/jsx-ast-utils
3754 silly ADD node_modules/emoji-regex
3755 silly ADD node_modules/damerau-levenshtein
3756 silly ADD node_modules/axobject-query
3757 silly ADD node_modules/axe-core
3758 silly ADD node_modules/ast-types-flow
3759 silly ADD node_modules/aria-query
3760 silly ADD node_modules/is-symbol
3761 silly ADD node_modules/is-date-object
3762 silly ADD node_modules/es-abstract-get
3763 silly ADD node_modules/has-tostringtag
3764 silly ADD node_modules/possible-typed-array-names
3765 silly ADD node_modules/which-typed-array
3766 silly ADD node_modules/unbox-primitive
3767 silly ADD node_modules/typed-array-length
3768 silly ADD node_modules/typed-array-byte-offset
3769 silly ADD node_modules/typed-array-byte-length
3770 silly ADD node_modules/typed-array-buffer
3771 silly ADD node_modules/string.prototype.trimstart
3772 silly ADD node_modules/string.prototype.trim
3773 silly ADD node_modules/stop-iteration-iterator
3774 silly ADD node_modules/set-proto
3775 silly ADD node_modules/safe-regex-test
3776 silly ADD node_modules/safe-push-apply
3777 silly ADD node_modules/safe-array-concat
3778 silly ADD node_modules/regexp.prototype.flags
3779 silly ADD node_modules/own-keys
3780 silly ADD node_modules/object.assign
3781 silly ADD node_modules/object-inspect
3782 silly ADD node_modules/is-weakref
3783 silly ADD node_modules/is-typed-array
3784 silly ADD node_modules/is-shared-array-buffer
3785 silly ADD node_modules/is-set
3786 silly ADD node_modules/is-regex
3787 silly ADD node_modules/is-negative-zero
3788 silly ADD node_modules/is-data-view
3789 silly ADD node_modules/is-callable
3790 silly ADD node_modules/is-array-buffer
3791 silly ADD node_modules/internal-slot
3792 silly ADD node_modules/has-symbols
3793 silly ADD node_modules/has-proto
3794 silly ADD node_modules/globalthis
3795 silly ADD node_modules/get-symbol-description
3796 silly ADD node_modules/get-proto
3797 silly ADD node_modules/function.prototype.name
3798 silly ADD node_modules/es-to-primitive
3799 silly ADD node_modules/es-set-tostringtag
3800 silly ADD node_modules/data-view-byte-offset
3801 silly ADD node_modules/data-view-byte-length
3802 silly ADD node_modules/data-view-buffer
3803 silly ADD node_modules/available-typed-arrays
3804 silly ADD node_modules/arraybuffer.prototype.slice
3805 silly ADD node_modules/array-buffer-byte-length
3806 silly ADD node_modules/gopd
3807 silly ADD node_modules/object-keys
3808 silly ADD node_modules/has-property-descriptors
3809 silly ADD node_modules/define-data-property
3810 silly ADD node_modules/function-bind
3811 silly ADD node_modules/set-function-length
3812 silly ADD node_modules/es-define-property
3813 silly ADD node_modules/call-bind-apply-helpers
3814 silly ADD node_modules/es-shim-unscopables
3815 silly ADD node_modules/es-errors
3816 silly ADD node_modules/math-intrinsics
3817 silly ADD node_modules/is-string
3818 silly ADD node_modules/get-intrinsic
3819 silly ADD node_modules/es-object-atoms
3820 silly ADD node_modules/es-abstract
3821 silly ADD node_modules/define-properties
3822 silly ADD node_modules/call-bound
3823 silly ADD node_modules/call-bind
3824 silly ADD node_modules/tsconfig-paths
3825 silly ADD node_modules/string.prototype.trimend
3826 silly ADD node_modules/object.values
3827 silly ADD node_modules/object.groupby
3828 silly ADD node_modules/object.fromentries
3829 silly ADD node_modules/hasown
3830 silly ADD node_modules/eslint-module-utils
3831 silly ADD node_modules/eslint-module-utils/node_modules/debug
3832 silly ADD node_modules/array.prototype.flatmap
3833 silly ADD node_modules/array.prototype.flat
3834 silly ADD node_modules/array.prototype.findlastindex
3835 silly ADD node_modules/array-includes
3836 silly ADD node_modules/@rtsao/scc
3837 silly ADD node_modules/unrs-resolver
3838 silly ADD node_modules/tinyglobby
3839 silly ADD node_modules/tinyglobby/node_modules/picomatch
3840 silly ADD node_modules/tinyglobby/node_modules/fdir
3841 silly ADD node_modules/stable-hash
3842 silly ADD node_modules/is-bun-module
3843 silly ADD node_modules/get-tsconfig
3844 silly ADD node_modules/@nolyfill/is-core-module
3845 silly ADD node_modules/resolve
3846 silly ADD node_modules/is-core-module
3847 silly ADD node_modules/ts-api-utils
3848 silly ADD node_modules/semver
3849 silly ADD node_modules/globby
3850 silly ADD node_modules/@typescript-eslint/visitor-keys
3851 silly ADD node_modules/@typescript-eslint/typescript-estree
3852 silly ADD node_modules/@typescript-eslint/typescript-estree/node_modules/brace-expansion
3853 silly ADD node_modules/@typescript-eslint/typescript-estree/node_modules/minimatch
3854 silly ADD node_modules/@typescript-eslint/types
3855 silly ADD node_modules/@typescript-eslint/scope-manager
3856 silly ADD node_modules/glob
3857 silly ADD node_modules/glob/node_modules/brace-expansion
3858 silly ADD node_modules/glob/node_modules/minimatch
3859 silly ADD node_modules/eslint-plugin-react-hooks
3860 silly ADD node_modules/eslint-plugin-react
3861 silly ADD node_modules/eslint-plugin-react/node_modules/semver
3862 silly ADD node_modules/eslint-plugin-react/node_modules/doctrine
3863 silly ADD node_modules/eslint-plugin-jsx-a11y
3864 silly ADD node_modules/eslint-plugin-import
3865 silly ADD node_modules/eslint-plugin-import/node_modules/semver
3866 silly ADD node_modules/eslint-plugin-import/node_modules/doctrine
3867 silly ADD node_modules/eslint-plugin-import/node_modules/debug
3868 silly ADD node_modules/eslint-import-resolver-typescript
3869 silly ADD node_modules/eslint-import-resolver-node
3870 silly ADD node_modules/eslint-import-resolver-node/node_modules/debug
3871 silly ADD node_modules/@typescript-eslint/parser
3872 silly ADD node_modules/@rushstack/eslint-patch
3873 silly ADD node_modules/@next/eslint-plugin-next
3874 silly ADD node_modules/ms
3875 silly ADD node_modules/which
3876 silly ADD node_modules/shebang-command
3877 silly ADD node_modules/path-key
3878 silly ADD node_modules/color-name
3879 silly ADD node_modules/color-convert
3880 silly ADD node_modules/supports-color
3881 silly ADD node_modules/ansi-styles
3882 silly ADD node_modules/uri-js
3883 silly ADD node_modules/json-schema-traverse
3884 silly ADD node_modules/fast-json-stable-stringify
3885 silly ADD node_modules/run-parallel
3886 silly ADD node_modules/@nodelib/fs.stat
3887 silly ADD node_modules/fastq
3888 silly ADD node_modules/@nodelib/fs.scandir
3889 silly ADD node_modules/@humanwhocodes/object-schema
3890 silly ADD node_modules/strip-json-comments
3891 silly ADD node_modules/import-fresh
3892 silly ADD node_modules/text-table
3893 silly ADD node_modules/strip-ansi
3894 silly ADD node_modules/optionator
3895 silly ADD node_modules/natural-compare
3896 silly ADD node_modules/minimatch
3897 silly ADD node_modules/lodash.merge
3898 silly ADD node_modules/levn
3899 silly ADD node_modules/json-stable-stringify-without-jsonify
3900 silly ADD node_modules/js-yaml
3901 silly ADD node_modules/is-path-inside
3902 silly ADD node_modules/is-glob
3903 silly ADD node_modules/imurmurhash
3904 silly ADD node_modules/ignore
3905 silly ADD node_modules/graphemer
3906 silly ADD node_modules/globals
3907 silly ADD node_modules/glob-parent
3908 silly ADD node_modules/find-up
3909 silly ADD node_modules/file-entry-cache
3910 silly ADD node_modules/fast-deep-equal
3911 silly ADD node_modules/esutils
3912 silly ADD node_modules/esquery
3913 silly ADD node_modules/espree
3914 silly ADD node_modules/eslint-visitor-keys
3915 silly ADD node_modules/eslint-scope
3916 silly ADD node_modules/escape-string-regexp
3917 silly ADD node_modules/doctrine
3918 silly ADD node_modules/debug
3919 silly ADD node_modules/cross-spawn
3920 silly ADD node_modules/chalk
3921 silly ADD node_modules/ajv
3922 silly ADD node_modules/@ungap/structured-clone
3923 silly ADD node_modules/@nodelib/fs.walk
3924 silly ADD node_modules/@humanwhocodes/module-importer
3925 silly ADD node_modules/@humanwhocodes/config-array
3926 silly ADD node_modules/@eslint/js
3927 silly ADD node_modules/@eslint/eslintrc
3928 silly ADD node_modules/@eslint-community/regexpp
3929 silly ADD node_modules/@eslint-community/eslint-utils
3930 silly ADD node_modules/update-browserslist-db
3931 silly ADD node_modules/node-releases
3932 silly ADD node_modules/electron-to-chromium
3933 silly ADD node_modules/baseline-browser-mapping
3934 silly ADD node_modules/postcss-value-parser
3935 silly ADD node_modules/picocolors
3936 silly ADD node_modules/fraction.js
3937 silly ADD node_modules/caniuse-lite
3938 silly ADD node_modules/browserslist
3939 silly ADD node_modules/typescript
3940 silly ADD node_modules/tailwindcss
3941 silly ADD node_modules/tailwindcss/node_modules/resolve
3942 silly ADD node_modules/react-dom
3943 silly ADD node_modules/react
3944 silly ADD node_modules/next
3945 silly ADD node_modules/next/node_modules/postcss
3946 silly ADD node_modules/framer-motion
3947 silly ADD node_modules/eslint-config-next
3948 silly ADD node_modules/eslint
3949 silly ADD node_modules/postcss
3950 silly ADD node_modules/autoprefixer
3951 warn allow-scripts 1 package has install scripts not yet covered by allowScripts:
3951 warn allow-scripts   unrs-resolver@1.12.2 (postinstall: node postinstall.js)
3951 warn allow-scripts
3951 warn allow-scripts Run `npm approve-scripts --allow-scripts-pending` to review, or `npm approve-scripts <pkg>` to allow.
3952 verbose cwd /Users/naitikdonda/Desktop/Devera
3953 verbose os Darwin 25.5.0
3954 verbose node v24.18.0
3955 verbose npm  v11.16.0
3956 notice
3956 notice New [31mmajor[39m version of npm available! [31m11.16.0[39m -> [34m12.0.2[39m
3956 notice Changelog: [34mhttps://github.com/npm/cli/releases/tag/v12.0.2[39m
3956 notice To update run: [4mnpm install -g npm@12.0.2[24m
3956 notice  { force: true, Symbol(proc-log.meta): true }
3957 verbose exit 0
3958 info ok
